[2026-09-14 11:24:19] ===========================================================================
[2026-09-14 11:24:19] 🚀 KHỞI ĐỘNG HỆ THỐNG QUÉT 100% TOÀN BỘ CÁC MÔN HỌC SGK LỚP 6 & LỚP 11
[2026-09-14 11:24:19] 🔥 GPU Engine: qwen2.5vl:7b trên NVIDIA GeForce RTX 3080
[2026-09-14 11:24:19] 📚 Tổng số đầu sách SGK trong danh mục: 66 cuốn (đã loại trừ SGV)
[2026-09-14 11:24:19] ===========================================================================
[2026-09-14 11:24:19] 
📖 [1/66] [GRADE-06 | Cốt lõi | GIAO-DUC-CONG-DAN] 06-sgk-giao-duc-cong-dan-6
[2026-09-14 11:24:19]    Tiến độ: 0/62 trang (0.0%)
[2026-09-14 11:24:37]    -> Trang 001/62 xong (17.8s, 4996 chars)
[2026-09-14 11:24:51]    -> Trang 002/62 xong (14.4s, 4608 chars)
[2026-09-14 11:24:56]    -> Trang 003/62 xong (4.4s, 798 chars)
[2026-09-14 11:25:01]    -> Trang 004/62 xong (5.1s, 1179 chars)
[2026-09-14 11:25:05]    -> Trang 005/62 xong (4.4s, 620 chars)
[2026-09-14 11:25:11]    -> Trang 006/62 xong (5.5s, 1264 chars)
[2026-09-14 11:25:18]    -> Trang 007/62 xong (7.1s, 1925 chars)
[2026-09-14 11:25:24]    -> Trang 008/62 xong (5.5s, 1336 chars)
[2026-09-14 11:25:38]    -> Trang 009/62 xong (14.4s, 10896 chars)
[2026-09-14 11:25:44]    -> Trang 010/62 xong (5.5s, 1367 chars)
[2026-09-14 11:25:50]    -> Trang 011/62 xong (5.5s, 1384 chars)
[2026-09-14 11:25:58]    -> Trang 012/62 xong (7.9s, 2411 chars)
[2026-09-14 11:26:04]    -> Trang 013/62 xong (6.0s, 1494 chars)
[2026-09-14 11:26:11]    -> Trang 014/62 xong (6.8s, 1713 chars)
[2026-09-14 11:26:16]    -> Trang 015/62 xong (5.3s, 1171 chars)
[2026-09-14 11:26:21]    -> Trang 016/62 xong (4.4s, 890 chars)
[2026-09-14 11:26:26]    -> Trang 017/62 xong (4.8s, 1034 chars)
[2026-09-14 11:26:31]    -> Trang 018/62 xong (5.6s, 1237 chars)
[2026-09-14 11:26:36]    -> Trang 019/62 xong (4.9s, 942 chars)
[2026-09-14 11:26:43]    -> Trang 020/62 xong (6.5s, 1665 chars)
[2026-09-14 11:26:50]    -> Trang 021/62 xong (7.1s, 1787 chars)
[2026-09-14 11:26:56]    -> Trang 022/62 xong (6.0s, 1483 chars)
[2026-09-14 11:27:02]    -> Trang 023/62 xong (5.3s, 1156 chars)
[2026-09-14 11:27:08]    -> Trang 024/62 xong (6.3s, 1561 chars)
[2026-09-14 11:27:14]    -> Trang 025/62 xong (5.5s, 1345 chars)
[2026-09-14 11:27:21]    -> Trang 026/62 xong (7.1s, 1900 chars)
[2026-09-14 11:27:27]    -> Trang 027/62 xong (6.4s, 1642 chars)
[2026-09-14 11:27:34]    -> Trang 028/62 xong (6.2s, 1475 chars)
[2026-09-14 11:27:41]    -> Trang 029/62 xong (7.3s, 2056 chars)
[2026-09-14 11:27:48]    -> Trang 030/62 xong (6.5s, 1828 chars)
[2026-09-14 11:27:54]    -> Trang 031/62 xong (6.6s, 1682 chars)
[2026-09-14 11:28:00]    -> Trang 032/62 xong (5.2s, 1196 chars)
[2026-09-14 11:28:06]    -> Trang 033/62 xong (5.9s, 1397 chars)
[2026-09-14 11:28:12]    -> Trang 034/62 xong (6.0s, 1473 chars)
[2026-09-14 11:28:26]    -> Trang 035/62 xong (14.4s, 9483 chars)
[2026-09-14 11:28:32]    -> Trang 036/62 xong (5.9s, 1400 chars)
[2026-09-14 11:28:36]    -> Trang 037/62 xong (3.8s, 613 chars)
[2026-09-14 11:28:41]    -> Trang 038/62 xong (5.0s, 1240 chars)
[2026-09-14 11:28:46]    -> Trang 039/62 xong (4.4s, 909 chars)
[2026-09-14 11:28:52]    -> Trang 040/62 xong (6.1s, 1638 chars)
[2026-09-14 11:28:58]    -> Trang 041/62 xong (5.7s, 1392 chars)
[2026-09-14 11:29:02]    -> Trang 042/62 xong (4.4s, 759 chars)
[2026-09-14 11:29:10]    -> Trang 043/62 xong (7.2s, 2041 chars)
[2026-09-14 11:29:15]    -> Trang 044/62 xong (5.4s, 1339 chars)
[2026-09-14 11:29:20]    -> Trang 045/62 xong (4.3s, 850 chars)
[2026-09-14 11:29:26]    -> Trang 046/62 xong (6.5s, 1565 chars)
[2026-09-14 11:29:34]    -> Trang 047/62 xong (7.1s, 1636 chars)
[2026-09-14 11:29:37]    -> Trang 048/62 xong (3.3s, 448 chars)
[2026-09-14 11:29:47]    -> Trang 049/62 xong (9.7s, 3194 chars)
[2026-09-14 11:29:53]    -> Trang 050/62 xong (6.5s, 1768 chars)
[2026-09-14 11:29:58]    -> Trang 051/62 xong (4.5s, 873 chars)
[2026-09-14 11:30:05]    -> Trang 052/62 xong (7.3s, 1925 chars)
[2026-09-14 11:30:11]    -> Trang 053/62 xong (4.9s, 1177 chars)
[2026-09-14 11:30:18]    -> Trang 054/62 xong (7.2s, 2109 chars)
[2026-09-14 11:30:25]    -> Trang 055/62 xong (7.2s, 2020 chars)
[2026-09-14 11:30:30]    -> Trang 056/62 xong (4.7s, 1028 chars)
[2026-09-14 11:30:36]    -> Trang 057/62 xong (5.5s, 1374 chars)
[2026-09-14 11:30:43]    -> Trang 058/62 xong (6.9s, 2057 chars)
[2026-09-14 11:30:50]    -> Trang 059/62 xong (6.9s, 1846 chars)
[2026-09-14 11:30:59]    -> Trang 060/62 xong (9.4s, 1936 chars)
[2026-09-14 11:31:06]    -> Trang 061/62 xong (6.6s, 1313 chars)
[2026-09-14 11:31:11]    -> Trang 062/62 xong (4.9s, 757 chars)
[2026-09-14 11:31:11] ✅ Hoàn tất cuốn: 06-sgk-giao-duc-cong-dan-6 (62/62 trang)
[2026-09-14 11:31:11] 
📖 [2/66] [GRADE-06 | Cốt lõi | KHOA-HOC-TU-NHIEN] 06-sgk-khoa-hoc-tu-nhien-6
[2026-09-14 11:31:11]    Tiến độ: 198/198 trang (100.0%)
[2026-09-14 11:31:11]    ⏩ Đã hoàn thành 100% từ trước. Tiếp tục cuốn tiếp theo...
[2026-09-14 11:31:11] 
📖 [3/66] [GRADE-06 | Cốt lõi | LICH-SU-DIA-LI] 06-sgk-lich-su-va-dia-li-6
[2026-09-14 11:31:11]    Tiến độ: 203/203 trang (100.0%)
[2026-09-14 11:31:11]    ⏩ Đã hoàn thành 100% từ trước. Tiếp tục cuốn tiếp theo...
[2026-09-14 11:31:11] 
📖 [4/66] [GRADE-06 | Cốt lõi | NGU-VAN] 06-sgk-ngu-van-6-tap-hai
[2026-09-14 11:31:11]    Tiến độ: 0/122 trang (0.0%)
[2026-09-14 11:31:16]    -> Trang 001/122 xong (5.0s, 666 chars)
[2026-09-14 11:31:19]    -> Trang 002/122 xong (3.3s, 258 chars)
[2026-09-14 11:31:27]    -> Trang 003/122 xong (7.1s, 1400 chars)
[2026-09-14 11:31:33]    -> Trang 004/122 xong (6.1s, 1401 chars)
[2026-09-14 11:31:39]    -> Trang 005/122 xong (5.9s, 1464 chars)
[2026-09-14 11:31:46]    -> Trang 006/122 xong (6.5s, 1743 chars)
[2026-09-14 11:31:53]    -> Trang 007/122 xong (7.2s, 1905 chars)
[2026-09-14 11:32:02]    -> Trang 008/122 xong (8.5s, 2234 chars)
[2026-09-14 11:32:08]    -> Trang 009/122 xong (6.3s, 1347 chars)
[2026-09-14 11:32:15]    -> Trang 010/122 xong (6.8s, 1660 chars)
[2026-09-14 11:32:23]    -> Trang 011/122 xong (7.7s, 1839 chars)
[2026-09-14 11:32:33]    -> Trang 012/122 xong (10.2s, 2496 chars)
[2026-09-14 11:32:42]    -> Trang 013/122 xong (8.4s, 2163 chars)
[2026-09-14 11:32:51]    -> Trang 014/122 xong (8.6s, 2141 chars)
[2026-09-14 11:33:00]    -> Trang 015/122 xong (9.1s, 2256 chars)
[2026-09-14 11:33:12]    -> Trang 016/122 xong (11.8s, 3199 chars)
[2026-09-14 11:33:17]    -> Trang 017/122 xong (5.5s, 1348 chars)
[2026-09-14 11:33:26]    -> Trang 018/122 xong (8.8s, 2568 chars)
[2026-09-14 11:33:33]    -> Trang 019/122 xong (6.1s, 1422 chars)
[2026-09-14 11:33:41]    -> Trang 020/122 xong (8.0s, 2195 chars)
[2026-09-14 11:33:48]    -> Trang 021/122 xong (7.2s, 1930 chars)
[2026-09-14 11:33:54]    -> Trang 022/122 xong (5.6s, 1197 chars)
[2026-09-14 11:34:02]    -> Trang 023/122 xong (8.1s, 2066 chars)
[2026-09-14 11:34:13]    -> Trang 024/122 xong (10.7s, 2732 chars)
[2026-09-14 11:34:19]    -> Trang 025/122 xong (6.1s, 1477 chars)
[2026-09-14 11:34:26]    -> Trang 026/122 xong (6.9s, 1733 chars)
[2026-09-14 11:34:35]    -> Trang 027/122 xong (8.2s, 2036 chars)
[2026-09-14 11:34:43]    -> Trang 028/122 xong (8.4s, 2186 chars)
[2026-09-14 11:34:53]    -> Trang 029/122 xong (9.9s, 2645 chars)
[2026-09-14 11:35:03]    -> Trang 030/122 xong (9.1s, 2335 chars)
[2026-09-14 11:35:11]    -> Trang 031/122 xong (8.4s, 2185 chars)
[2026-09-14 11:35:20]    -> Trang 032/122 xong (8.5s, 2338 chars)
[2026-09-14 11:35:28]    -> Trang 033/122 xong (8.0s, 2076 chars)
[2026-09-14 11:35:35]    -> Trang 034/122 xong (7.1s, 1790 chars)
[2026-09-14 11:35:45]    -> Trang 035/122 xong (9.0s, 2333 chars)
[2026-09-14 11:35:52]    -> Trang 036/122 xong (7.6s, 1975 chars)
[2026-09-14 11:35:59]    -> Trang 037/122 xong (6.4s, 1523 chars)
[2026-09-14 11:36:09]    -> Trang 038/122 xong (9.7s, 2564 chars)
[2026-09-14 11:36:17]    -> Trang 039/122 xong (7.6s, 1931 chars)
[2026-09-14 11:36:25]    -> Trang 040/122 xong (8.2s, 2249 chars)
[2026-09-14 11:36:35]    -> Trang 041/122 xong (9.4s, 2568 chars)
[2026-09-14 11:36:40]    -> Trang 042/122 xong (5.6s, 1370 chars)
[2026-09-14 11:36:47]    -> Trang 043/122 xong (6.2s, 1500 chars)
[2026-09-14 11:36:55]    -> Trang 044/122 xong (8.0s, 2131 chars)
[2026-09-14 11:37:01]    -> Trang 045/122 xong (6.6s, 1683 chars)
[2026-09-14 11:37:08]    -> Trang 046/122 xong (6.6s, 1748 chars)
[2026-09-14 11:37:15]    -> Trang 047/122 xong (6.7s, 1837 chars)
[2026-09-14 11:37:22]    -> Trang 048/122 xong (6.5s, 1555 chars)
[2026-09-14 11:37:29]    -> Trang 049/122 xong (7.0s, 1636 chars)
[2026-09-14 11:37:41]    -> Trang 050/122 xong (12.0s, 3122 chars)
[2026-09-14 11:37:50]    -> Trang 051/122 xong (9.2s, 2276 chars)
[2026-09-14 11:38:05]    -> Trang 052/122 xong (14.6s, 4608 chars)
[2026-09-14 11:38:12]    -> Trang 053/122 xong (6.3s, 1557 chars)
[2026-09-14 11:38:19]    -> Trang 054/122 xong (6.8s, 1698 chars)
[2026-09-14 11:38:27]    -> Trang 055/122 xong (7.8s, 2066 chars)
[2026-09-14 11:38:35]    -> Trang 056/122 xong (8.2s, 2343 chars)
[2026-09-14 11:38:43]    -> Trang 057/122 xong (7.8s, 2130 chars)
[2026-09-14 11:38:49]    -> Trang 058/122 xong (6.4s, 1544 chars)
[2026-09-14 11:38:57]    -> Trang 059/122 xong (7.5s, 2002 chars)
[2026-09-14 11:39:04]    -> Trang 060/122 xong (6.7s, 1745 chars)
[2026-09-14 11:39:14]    -> Trang 061/122 xong (9.5s, 2907 chars)
[2026-09-14 11:39:21]    -> Trang 062/122 xong (7.7s, 2129 chars)
[2026-09-14 11:39:29]    -> Trang 063/122 xong (7.1s, 1918 chars)
[2026-09-14 11:39:37]    -> Trang 064/122 xong (8.6s, 2126 chars)
[2026-09-14 11:39:47]    -> Trang 065/122 xong (9.8s, 2533 chars)
[2026-09-14 11:40:02]    -> Trang 066/122 xong (14.7s, 4475 chars)
[2026-09-14 11:40:10]    -> Trang 067/122 xong (7.2s, 1733 chars)
[2026-09-14 11:40:16]    -> Trang 068/122 xong (6.1s, 1610 chars)
[2026-09-14 11:40:23]    -> Trang 069/122 xong (7.5s, 2060 chars)
[2026-09-14 11:40:30]    -> Trang 070/122 xong (6.9s, 1638 chars)
[2026-09-14 11:40:37]    -> Trang 071/122 xong (6.8s, 1692 chars)
[2026-09-14 11:40:45]    -> Trang 072/122 xong (7.1s, 1896 chars)
[2026-09-14 11:40:50]    -> Trang 073/122 xong (4.9s, 1022 chars)
[2026-09-14 11:40:58]    -> Trang 074/122 xong (8.1s, 2192 chars)
[2026-09-14 11:41:05]    -> Trang 075/122 xong (7.0s, 1888 chars)
[2026-09-14 11:41:14]    -> Trang 076/122 xong (8.4s, 2265 chars)
[2026-09-14 11:41:21]    -> Trang 077/122 xong (7.4s, 2043 chars)
[2026-09-14 11:41:29]    -> Trang 078/122 xong (7.4s, 1888 chars)
[2026-09-14 11:41:36]    -> Trang 079/122 xong (7.1s, 1694 chars)
[2026-09-14 11:41:45]    -> Trang 080/122 xong (8.7s, 2311 chars)
[2026-09-14 11:41:55]    -> Trang 081/122 xong (9.6s, 2774 chars)
[2026-09-14 11:42:02]    -> Trang 082/122 xong (7.1s, 1831 chars)
[2026-09-14 11:42:08]    -> Trang 083/122 xong (5.4s, 1152 chars)
[2026-09-14 11:42:15]    -> Trang 084/122 xong (6.9s, 1741 chars)
[2026-09-14 11:42:22]    -> Trang 085/122 xong (7.1s, 1913 chars)
[2026-09-14 11:42:30]    -> Trang 086/122 xong (7.7s, 2082 chars)
[2026-09-14 11:42:40]    -> Trang 087/122 xong (9.7s, 2747 chars)
[2026-09-14 11:42:49]    -> Trang 088/122 xong (9.2s, 2409 chars)
[2026-09-14 11:42:57]    -> Trang 089/122 xong (7.9s, 2154 chars)
[2026-09-14 11:43:05]    -> Trang 090/122 xong (8.2s, 2014 chars)
[2026-09-14 11:43:13]    -> Trang 091/122 xong (7.6s, 2132 chars)
[2026-09-14 11:43:19]    -> Trang 092/122 xong (5.3s, 1109 chars)
[2026-09-14 11:43:26]    -> Trang 093/122 xong (7.4s, 1934 chars)
[2026-09-14 11:43:34]    -> Trang 094/122 xong (7.8s, 2096 chars)
[2026-09-14 11:43:40]    -> Trang 095/122 xong (5.9s, 1445 chars)
[2026-09-14 11:43:47]    -> Trang 096/122 xong (6.5s, 1499 chars)
[2026-09-14 11:43:56]    -> Trang 097/122 xong (9.2s, 2466 chars)
[2026-09-14 11:44:03]    -> Trang 098/122 xong (6.8s, 1790 chars)
[2026-09-14 11:44:10]    -> Trang 099/122 xong (6.4s, 1596 chars)
[2026-09-14 11:44:16]    -> Trang 100/122 xong (6.6s, 1680 chars)
[2026-09-14 11:44:23]    -> Trang 101/122 xong (6.8s, 1708 chars)
[2026-09-14 11:44:38]    -> Trang 102/122 xong (14.8s, 4088 chars)
[2026-09-14 11:44:45]    -> Trang 103/122 xong (6.8s, 1656 chars)
[2026-09-14 11:44:52]    -> Trang 104/122 xong (6.7s, 1654 chars)
[2026-09-14 11:44:59]    -> Trang 105/122 xong (7.2s, 1842 chars)
[2026-09-14 11:45:04]    -> Trang 106/122 xong (4.6s, 950 chars)
[2026-09-14 11:45:11]    -> Trang 107/122 xong (7.1s, 1702 chars)
[2026-09-14 11:45:19]    -> Trang 108/122 xong (7.9s, 2115 chars)
[2026-09-14 11:45:27]    -> Trang 109/122 xong (7.8s, 2039 chars)
[2026-09-14 11:45:36]    -> Trang 110/122 xong (9.1s, 1201 chars)
[2026-09-14 11:45:48]    -> Trang 111/122 xong (11.3s, 1729 chars)
[2026-09-14 11:45:54]    -> Trang 112/122 xong (6.4s, 1617 chars)
[2026-09-14 11:46:01]    -> Trang 113/122 xong (6.1s, 1477 chars)
[2026-09-14 11:46:09]    -> Trang 114/122 xong (8.1s, 1832 chars)
[2026-09-14 11:46:17]    -> Trang 115/122 xong (8.3s, 1960 chars)
[2026-09-14 11:46:26]    -> Trang 116/122 xong (8.6s, 1982 chars)
[2026-09-14 11:46:34]    -> Trang 117/122 xong (7.8s, 1836 chars)
[2026-09-14 11:46:43]    -> Trang 118/122 xong (9.4s, 2323 chars)
[2026-09-14 11:46:52]    -> Trang 119/122 xong (8.8s, 2158 chars)
[2026-09-14 11:47:01]    -> Trang 120/122 xong (8.4s, 2128 chars)
[2026-09-14 11:47:08]    -> Trang 121/122 xong (7.2s, 1467 chars)
[2026-09-14 11:47:13]    -> Trang 122/122 xong (4.9s, 696 chars)
[2026-09-14 11:47:13] ✅ Hoàn tất cuốn: 06-sgk-ngu-van-6-tap-hai (122/122 trang)
[2026-09-14 11:47:13] 
📖 [5/66] [GRADE-06 | Cốt lõi | NGU-VAN] 06-sgk-ngu-van-6-tap-mot
[2026-09-14 11:47:13]    Tiến độ: 138/138 trang (100.0%)
[2026-09-14 11:47:13]    ⏩ Đã hoàn thành 100% từ trước. Tiếp tục cuốn tiếp theo...
[2026-09-14 11:47:13] 
📖 [6/66] [GRADE-06 | Cốt lõi | TIENG-ANH] 06-sgk-tieng-anh-6-tap-1-global-success
[2026-09-14 11:47:13]    Tiến độ: 0/74 trang (0.0%)
[2026-09-14 11:47:28]    -> Trang 001/74 xong (14.9s, 4756 chars)
[2026-09-14 11:47:43]    -> Trang 002/74 xong (14.8s, 3051 chars)
[2026-09-14 11:47:47]    -> Trang 003/74 xong (3.6s, 355 chars)
[2026-09-14 11:47:54]    -> Trang 004/74 xong (7.1s, 1821 chars)
[2026-09-14 11:47:58]    -> Trang 005/74 xong (4.5s, 1077 chars)
[2026-09-14 11:48:03]    -> Trang 006/74 xong (5.0s, 1315 chars)
[2026-09-14 11:48:09]    -> Trang 007/74 xong (5.1s, 1173 chars)
[2026-09-14 11:48:13]    -> Trang 008/74 xong (4.7s, 1002 chars)
[2026-09-14 11:48:19]    -> Trang 009/74 xong (5.8s, 1366 chars)
[2026-09-14 11:48:25]    -> Trang 010/74 xong (6.0s, 1497 chars)
[2026-09-14 11:48:31]    -> Trang 011/74 xong (5.0s, 1247 chars)
[2026-09-14 11:48:37]    -> Trang 012/74 xong (6.7s, 1726 chars)
[2026-09-14 11:48:42]    -> Trang 013/74 xong (4.8s, 1147 chars)
[2026-09-14 11:48:48]    -> Trang 014/74 xong (5.2s, 1298 chars)
[2026-09-14 11:48:53]    -> Trang 015/74 xong (5.8s, 1463 chars)
[2026-09-14 11:48:58]    -> Trang 016/74 xong (4.3s, 991 chars)
[2026-09-14 11:49:03]    -> Trang 017/74 xong (5.0s, 1183 chars)
[2026-09-14 11:49:07]    -> Trang 018/74 xong (4.3s, 840 chars)
[2026-09-14 11:49:14]    -> Trang 019/74 xong (6.4s, 1648 chars)
[2026-09-14 11:49:19]    -> Trang 020/74 xong (5.3s, 1264 chars)
[2026-09-14 11:49:24]    -> Trang 021/74 xong (5.0s, 1294 chars)
[2026-09-14 11:49:28]    -> Trang 022/74 xong (4.1s, 863 chars)
[2026-09-14 11:49:35]    -> Trang 023/74 xong (6.1s, 1579 chars)
[2026-09-14 11:49:40]    -> Trang 024/74 xong (5.2s, 1169 chars)
[2026-09-14 11:49:45]    -> Trang 025/74 xong (5.3s, 1359 chars)
[2026-09-14 11:49:49]    -> Trang 026/74 xong (3.8s, 753 chars)
[2026-09-14 11:49:54]    -> Trang 027/74 xong (5.0s, 1186 chars)
[2026-09-14 11:49:59]    -> Trang 028/74 xong (4.6s, 937 chars)
[2026-09-14 11:50:04]    -> Trang 029/74 xong (4.9s, 1169 chars)
[2026-09-14 11:50:10]    -> Trang 030/74 xong (5.7s, 1392 chars)
[2026-09-14 11:50:16]    -> Trang 031/74 xong (5.6s, 1354 chars)
[2026-09-14 11:50:22]    -> Trang 032/74 xong (6.6s, 1613 chars)
[2026-09-14 11:50:30]    -> Trang 033/74 xong (6.9s, 1958 chars)
[2026-09-14 11:50:35]    -> Trang 034/74 xong (5.0s, 1164 chars)
[2026-09-14 11:50:41]    -> Trang 035/74 xong (6.3s, 1578 chars)
[2026-09-14 11:50:45]    -> Trang 036/74 xong (4.2s, 942 chars)
[2026-09-14 11:50:54]    -> Trang 037/74 xong (8.2s, 2005 chars)
[2026-09-14 11:51:01]    -> Trang 038/74 xong (7.3s, 2178 chars)
[2026-09-14 11:51:06]    -> Trang 039/74 xong (5.2s, 1234 chars)
[2026-09-14 11:51:13]    -> Trang 040/74 xong (6.4s, 1519 chars)
[2026-09-14 11:51:19]    -> Trang 041/74 xong (5.6s, 1399 chars)
[2026-09-14 11:51:23]    -> Trang 042/74 xong (3.9s, 775 chars)
[2026-09-14 11:51:28]    -> Trang 043/74 xong (5.6s, 1303 chars)
[2026-09-14 11:51:34]    -> Trang 044/74 xong (5.7s, 1467 chars)
[2026-09-14 11:51:40]    -> Trang 045/74 xong (5.9s, 1664 chars)
[2026-09-14 11:51:46]    -> Trang 046/74 xong (6.0s, 1446 chars)
[2026-09-14 11:51:52]    -> Trang 047/74 xong (5.3s, 1453 chars)
[2026-09-14 11:51:55]    -> Trang 048/74 xong (3.6s, 695 chars)
[2026-09-14 11:52:01]    -> Trang 049/74 xong (5.3s, 1319 chars)
[2026-09-14 11:52:06]    -> Trang 050/74 xong (5.5s, 1256 chars)
[2026-09-14 11:52:11]    -> Trang 051/74 xong (4.4s, 888 chars)
[2026-09-14 11:52:16]    -> Trang 052/74 xong (5.5s, 1428 chars)
[2026-09-14 11:52:23]    -> Trang 053/74 xong (7.0s, 1875 chars)
[2026-09-14 11:52:29]    -> Trang 054/74 xong (5.2s, 1399 chars)
[2026-09-14 11:52:36]    -> Trang 055/74 xong (6.6s, 2046 chars)
[2026-09-14 11:52:41]    -> Trang 056/74 xong (4.9s, 1064 chars)
[2026-09-14 11:52:47]    -> Trang 057/74 xong (5.9s, 1477 chars)
[2026-09-14 11:52:51]    -> Trang 058/74 xong (4.2s, 914 chars)
[2026-09-14 11:52:56]    -> Trang 059/74 xong (4.9s, 1237 chars)
[2026-09-14 11:53:01]    -> Trang 060/74 xong (4.7s, 1114 chars)
[2026-09-14 11:53:07]    -> Trang 061/74 xong (6.1s, 1530 chars)
[2026-09-14 11:53:14]    -> Trang 062/74 xong (7.0s, 2135 chars)
[2026-09-14 11:53:19]    -> Trang 063/74 xong (4.6s, 975 chars)
[2026-09-14 11:53:25]    -> Trang 064/74 xong (6.5s, 1930 chars)
[2026-09-14 11:53:32]    -> Trang 065/74 xong (5.9s, 1591 chars)
[2026-09-14 11:53:37]    -> Trang 066/74 xong (5.2s, 1267 chars)
[2026-09-14 11:53:43]    -> Trang 067/74 xong (6.2s, 1501 chars)
[2026-09-14 11:53:47]    -> Trang 068/74 xong (4.0s, 786 chars)
[2026-09-14 11:53:55]    -> Trang 069/74 xong (7.8s, 2026 chars)
[2026-09-14 11:54:03]    -> Trang 070/74 xong (7.5s, 2126 chars)
[2026-09-14 11:54:14]    -> Trang 071/74 xong (10.6s, 2275 chars)
[2026-09-14 11:54:28]    -> Trang 072/74 xong (14.7s, 3046 chars)
[2026-09-14 11:54:36]    -> Trang 073/74 xong (8.0s, 1722 chars)
[2026-09-14 11:54:43]    -> Trang 074/74 xong (7.0s, 1420 chars)
[2026-09-14 11:54:43] ✅ Hoàn tất cuốn: 06-sgk-tieng-anh-6-tap-1-global-success (74/74 trang)
[2026-09-14 11:54:43] 
📖 [7/66] [GRADE-06 | Cốt lõi | TIENG-ANH] 06-sgk-tieng-anh-6-tap-2-global-success
[2026-09-14 11:54:43]    Tiến độ: 0/74 trang (0.0%)
[2026-09-14 11:54:45]    ⚠️ Lỗi trang 001 (thử lại 1/3): HTTP Error 400: Bad Request
[2026-09-14 11:54:48]    ⚠️ Lỗi trang 001 (thử lại 2/3): HTTP Error 400: Bad Request
[2026-09-14 11:54:53]    ⚠️ Lỗi trang 001 (thử lại 3/3): HTTP Error 400: Bad Request
[2026-09-14 11:54:59]    ❌ Bỏ qua trang 001 sau 3 lần thử lỗi.
[2026-09-14 11:55:00]    ⚠️ Lỗi trang 002 (thử lại 1/3): HTTP Error 400: Bad Request
[2026-09-14 11:55:02]    ⚠️ Lỗi trang 002 (thử lại 2/3): HTTP Error 400: Bad Request
[2026-09-14 11:55:07]    ⚠️ Lỗi trang 002 (thử lại 3/3): HTTP Error 400: Bad Request
[2026-09-14 11:55:13]    ❌ Bỏ qua trang 002 sau 3 lần thử lỗi.
[2026-09-14 11:55:17]    -> Trang 003/74 xong (4.3s, 30 chars)
[2026-09-14 11:55:21]    -> Trang 004/74 xong (4.0s, 44 chars)
[2026-09-14 11:55:26]    -> Trang 005/74 xong (4.0s, 25 chars)
[2026-09-14 11:55:30]    -> Trang 006/74 xong (4.1s, 44 chars)
[2026-09-14 11:55:35]    -> Trang 007/74 xong (4.2s, 41 chars)
[2026-09-14 11:55:39]    -> Trang 008/74 xong (4.2s, 53 chars)
[2026-09-14 11:55:44]    -> Trang 009/74 xong (4.2s, 46 chars)
[2026-09-14 11:55:48]    -> Trang 010/74 xong (4.2s, 44 chars)
[2026-09-14 11:55:53]    -> Trang 011/74 xong (4.3s, 41 chars)
[2026-09-14 11:55:58]    -> Trang 012/74 xong (4.2s, 62 chars)
[2026-09-14 11:56:02]    -> Trang 013/74 xong (4.2s, 62 chars)
[2026-09-14 11:56:07]    -> Trang 014/74 xong (4.1s, 38 chars)
[2026-09-14 11:56:11]    -> Trang 015/74 xong (4.1s, 46 chars)
[2026-09-14 11:56:12]    ⚠️ Lỗi trang 016 (thử lại 1/3): HTTP Error 400: Bad Request
[2026-09-14 11:56:15]    ⚠️ Lỗi trang 016 (thử lại 2/3): HTTP Error 400: Bad Request
[2026-09-14 11:56:19]    ⚠️ Lỗi trang 016 (thử lại 3/3): HTTP Error 400: Bad Request
[2026-09-14 11:56:25]    ❌ Bỏ qua trang 016 sau 3 lần thử lỗi.
[2026-09-14 11:56:30]    -> Trang 017/74 xong (4.2s, 62 chars)
[2026-09-14 11:56:34]    -> Trang 018/74 xong (4.3s, 38 chars)
[2026-09-14 11:56:39]    -> Trang 019/74 xong (4.3s, 43 chars)
[2026-09-14 11:56:44]    -> Trang 020/74 xong (4.2s, 44 chars)
[2026-09-14 11:56:48]    -> Trang 021/74 xong (4.3s, 41 chars)
[2026-09-14 11:56:53]    -> Trang 022/74 xong (4.3s, 58 chars)
[2026-09-14 11:56:58]    -> Trang 023/74 xong (4.4s, 62 chars)
[2026-09-14 11:57:02]    -> Trang 024/74 xong (4.3s, 39 chars)
[2026-09-14 11:57:07]    -> Trang 025/74 xong (4.2s, 40 chars)
[2026-09-14 11:57:12]    -> Trang 026/74 xong (4.2s, 48 chars)
[2026-09-14 11:57:16]    -> Trang 027/74 xong (4.2s, 56 chars)
[2026-09-14 11:57:21]    -> Trang 028/74 xong (4.3s, 41 chars)
[2026-09-14 11:57:26]    -> Trang 029/74 xong (4.3s, 44 chars)
[2026-09-14 11:57:30]    -> Trang 030/74 xong (4.2s, 44 chars)
[2026-09-14 11:57:35]    -> Trang 031/74 xong (4.2s, 41 chars)
[2026-09-14 11:57:39]    -> Trang 032/74 xong (4.2s, 60 chars)
[2026-09-14 11:57:44]    -> Trang 033/74 xong (4.4s, 49 chars)
[2026-09-14 11:57:49]    -> Trang 034/74 xong (4.3s, 43 chars)
[2026-09-14 11:57:54]    -> Trang 035/74 xong (4.3s, 40 chars)
[2026-09-14 11:57:58]    -> Trang 036/74 xong (4.3s, 52 chars)
[2026-09-14 11:58:03]    -> Trang 037/74 xong (4.2s, 54 chars)
[2026-09-14 11:58:08]    -> Trang 038/74 xong (4.3s, 33 chars)
[2026-09-14 11:58:12]    -> Trang 039/74 xong (4.3s, 42 chars)
[2026-09-14 11:58:17]    -> Trang 040/74 xong (4.2s, 40 chars)
[2026-09-14 11:58:21]    -> Trang 041/74 xong (4.2s, 48 chars)
[2026-09-14 11:58:26]    -> Trang 042/74 xong (4.2s, 44 chars)
[2026-09-14 11:58:31]    -> Trang 043/74 xong (4.2s, 41 chars)
[2026-09-14 11:58:35]    -> Trang 044/74 xong (4.3s, 64 chars)
[2026-09-14 11:58:40]    -> Trang 045/74 xong (4.3s, 63 chars)
[2026-09-14 11:58:45]    -> Trang 046/74 xong (4.3s, 37 chars)
[2026-09-14 11:58:49]    -> Trang 047/74 xong (4.3s, 39 chars)
[2026-09-14 11:58:54]    -> Trang 048/74 xong (4.2s, 51 chars)
[2026-09-14 11:58:59]    -> Trang 049/74 xong (4.2s, 55 chars)
[2026-09-14 11:59:03]    -> Trang 050/74 xong (4.3s, 43 chars)
[2026-09-14 11:59:08]    -> Trang 051/74 xong (4.3s, 41 chars)
[2026-09-14 11:59:13]    -> Trang 052/74 xong (4.2s, 44 chars)
[2026-09-14 11:59:17]    -> Trang 053/74 xong (4.2s, 54 chars)
[2026-09-14 11:59:22]    -> Trang 054/74 xong (4.2s, 33 chars)
[2026-09-14 11:59:26]    -> Trang 055/74 xong (4.2s, 67 chars)
[2026-09-14 11:59:31]    -> Trang 056/74 xong (4.2s, 38 chars)
[2026-09-14 11:59:36]    -> Trang 057/74 xong (4.2s, 41 chars)
[2026-09-14 11:59:40]    -> Trang 058/74 xong (4.2s, 49 chars)
[2026-09-14 11:59:45]    -> Trang 059/74 xong (4.3s, 51 chars)
[2026-09-14 11:59:50]    -> Trang 060/74 xong (4.2s, 33 chars)
[2026-09-14 11:59:54]    -> Trang 061/74 xong (4.3s, 36 chars)
[2026-09-14 11:59:59]    -> Trang 062/74 xong (4.2s, 44 chars)
[2026-09-14 12:00:04]    -> Trang 063/74 xong (4.2s, 41 chars)
[2026-09-14 12:00:08]    -> Trang 064/74 xong (4.2s, 31 chars)
[2026-09-14 12:00:13]    -> Trang 065/74 xong (4.2s, 62 chars)
[2026-09-14 12:00:17]    -> Trang 066/74 xong (4.3s, 39 chars)
[2026-09-14 12:00:22]    -> Trang 067/74 xong (4.1s, 40 chars)
[2026-09-14 12:00:26]    -> Trang 068/74 xong (4.2s, 48 chars)
[2026-09-14 12:00:31]    -> Trang 069/74 xong (4.2s, 58 chars)
[2026-09-14 12:00:36]    -> Trang 070/74 xong (4.3s, 34 chars)
[2026-09-14 12:00:40]    -> Trang 071/74 xong (4.2s, 45 chars)
[2026-09-14 12:00:45]    -> Trang 072/74 xong (4.3s, 42 chars)
[2026-09-14 12:00:49]    -> Trang 073/74 xong (4.2s, 37 chars)
[2026-09-14 12:00:50]    ⚠️ Lỗi trang 074 (thử lại 1/3): HTTP Error 400: Bad Request
[2026-09-14 12:00:53]    ⚠️ Lỗi trang 074 (thử lại 2/3): HTTP Error 400: Bad Request
[2026-09-14 12:00:57]    ⚠️ Lỗi trang 074 (thử lại 3/3): HTTP Error 400: Bad Request
[2026-09-14 12:01:03]    ❌ Bỏ qua trang 074 sau 3 lần thử lỗi.
[2026-09-14 12:01:03] ✅ Hoàn tất cuốn: 06-sgk-tieng-anh-6-tap-2-global-success (70/74 trang)
[2026-09-14 12:01:03] 
📖 [8/66] [GRADE-06 | Cốt lõi | TIN-HOC] 06-sgk-tin-hoc-6
[2026-09-14 12:01:03]    Tiến độ: 78/78 trang (100.0%)
[2026-09-14 12:01:03]    ⏩ Đã hoàn thành 100% từ trước. Tiếp tục cuốn tiếp theo...
[2026-09-14 12:01:03] 
📖 [9/66] [GRADE-06 | Cốt lõi | TOAN] 06-sgk-toan-6-tap-hai
[2026-09-14 12:01:03]    Tiến độ: 114/114 trang (100.0%)
[2026-09-14 12:01:03]    ⏩ Đã hoàn thành 100% từ trước. Tiếp tục cuốn tiếp theo...
[2026-09-14 12:01:03] 
📖 [10/66] [GRADE-06 | Cốt lõi | TOAN] 06-sgk-toan-6-tap-mot
[2026-09-14 12:01:03]    Tiến độ: 126/126 trang (100.0%)
[2026-09-14 12:01:03]    ⏩ Đã hoàn thành 100% từ trước. Tiếp tục cuốn tiếp theo...
[2026-09-14 12:01:03] 
📖 [11/66] [GRADE-11 | Cốt lõi | DIA-LI] 11-sgk-dia-li-11
[2026-09-14 12:01:03]    Tiến độ: 0/170 trang (0.0%)
[2026-09-14 12:01:18]    -> Trang 001/170 xong (14.6s, 4427 chars)
[2026-09-14 12:01:22]    -> Trang 002/170 xong (3.4s, 289 chars)
[2026-09-14 12:01:27]    -> Trang 003/170 xong (5.2s, 1194 chars)
[2026-09-14 12:01:38]    -> Trang 004/170 xong (11.5s, 2829 chars)
[2026-09-14 12:01:45]    -> Trang 005/170 xong (6.3s, 1388 chars)
[2026-09-14 12:01:53]    -> Trang 006/170 xong (8.1s, 1977 chars)
[2026-09-14 12:02:00]    -> Trang 007/170 xong (6.6s, 999 chars)
[2026-09-14 12:02:08]    -> Trang 008/170 xong (7.8s, 1820 chars)
[2026-09-14 12:02:16]    -> Trang 009/170 xong (8.1s, 1641 chars)
[2026-09-14 12:02:24]    -> Trang 010/170 xong (7.7s, 1553 chars)
[2026-09-14 12:02:31]    -> Trang 011/170 xong (7.0s, 1990 chars)
[2026-09-14 12:02:39]    -> Trang 012/170 xong (7.8s, 2253 chars)
[2026-09-14 12:02:45]    -> Trang 013/170 xong (6.3s, 1670 chars)
[2026-09-14 12:02:51]    -> Trang 014/170 xong (6.0s, 1210 chars)
[2026-09-14 12:02:58]    -> Trang 015/170 xong (6.1s, 1409 chars)
[2026-09-14 12:03:04]    -> Trang 016/170 xong (6.5s, 1676 chars)
[2026-09-14 12:03:13]    -> Trang 017/170 xong (8.3s, 2390 chars)
[2026-09-14 12:03:18]    -> Trang 018/170 xong (5.6s, 1358 chars)
[2026-09-14 12:03:25]    -> Trang 019/170 xong (7.0s, 1891 chars)
[2026-09-14 12:03:31]    -> Trang 020/170 xong (5.7s, 1339 chars)
[2026-09-14 12:03:37]    -> Trang 021/170 xong (6.0s, 1299 chars)
[2026-09-14 12:03:44]    -> Trang 022/170 xong (6.7s, 1859 chars)
[2026-09-14 12:03:52]    -> Trang 023/170 xong (7.8s, 1879 chars)
[2026-09-14 12:03:56]    -> Trang 024/170 xong (3.7s, 454 chars)
[2026-09-14 12:04:04]    -> Trang 025/170 xong (8.3s, 2122 chars)
[2026-09-14 12:04:13]    -> Trang 026/170 xong (8.9s, 2183 chars)
[2026-09-14 12:04:20]    -> Trang 027/170 xong (6.9s, 1719 chars)
[2026-09-14 12:04:35]    -> Trang 028/170 xong (14.7s, 4122 chars)
[2026-09-14 12:04:46]    -> Trang 029/170 xong (10.3s, 2499 chars)
[2026-09-14 12:04:54]    -> Trang 030/170 xong (8.5s, 1813 chars)
[2026-09-14 12:05:03]    -> Trang 031/170 xong (8.5s, 1445 chars)
[2026-09-14 12:05:09]    -> Trang 032/170 xong (5.8s, 1398 chars)
[2026-09-14 12:05:13]    -> Trang 033/170 xong (4.2s, 697 chars)
[2026-09-14 12:05:19]    -> Trang 034/170 xong (5.5s, 1120 chars)
[2026-09-14 12:05:26]    -> Trang 035/170 xong (6.9s, 1630 chars)
[2026-09-14 12:05:33]    -> Trang 036/170 xong (6.9s, 1222 chars)
[2026-09-14 12:05:40]    -> Trang 037/170 xong (6.9s, 1289 chars)
[2026-09-14 12:05:48]    -> Trang 038/170 xong (8.6s, 1694 chars)
[2026-09-14 12:05:52]    -> Trang 039/170 xong (4.0s, 638 chars)
[2026-09-14 12:06:00]    -> Trang 040/170 xong (7.0s, 1768 chars)
[2026-09-14 12:06:09]    -> Trang 041/170 xong (9.4s, 2711 chars)
[2026-09-14 12:06:19]    -> Trang 042/170 xong (9.6s, 2354 chars)
[2026-09-14 12:06:26]    -> Trang 043/170 xong (7.4s, 2059 chars)
[2026-09-14 12:06:34]    -> Trang 044/170 xong (7.2s, 2031 chars)
[2026-09-14 12:06:41]    -> Trang 045/170 xong (6.8s, 1274 chars)
[2026-09-14 12:06:46]    -> Trang 046/170 xong (4.8s, 1013 chars)
[2026-09-14 12:06:53]    -> Trang 047/170 xong (7.7s, 1947 chars)
[2026-09-14 12:06:59]    -> Trang 048/170 xong (5.5s, 1184 chars)
[2026-09-14 12:07:07]    -> Trang 049/170 xong (7.7s, 1970 chars)
[2026-09-14 12:07:16]    -> Trang 050/170 xong (8.6s, 2432 chars)
[2026-09-14 12:07:22]    -> Trang 051/170 xong (6.3s, 1160 chars)
[2026-09-14 12:07:29]    -> Trang 052/170 xong (6.9s, 1599 chars)
[2026-09-14 12:07:36]    -> Trang 053/170 xong (7.0s, 1243 chars)
[2026-09-14 12:07:44]    -> Trang 054/170 xong (7.4s, 1432 chars)
[2026-09-14 12:07:51]    -> Trang 055/170 xong (7.5s, 1846 chars)
[2026-09-14 12:07:57]    -> Trang 056/170 xong (5.9s, 1328 chars)
[2026-09-14 12:08:06]    -> Trang 057/170 xong (9.0s, 2154 chars)
[2026-09-14 12:08:12]    -> Trang 058/170 xong (5.2s, 1199 chars)
[2026-09-14 12:08:19]    -> Trang 059/170 xong (7.3s, 1965 chars)
[2026-09-14 12:08:29]    -> Trang 060/170 xong (9.5s, 2368 chars)
[2026-09-14 12:08:34]    -> Trang 061/170 xong (5.3s, 1054 chars)
[2026-09-14 12:08:42]    -> Trang 062/170 xong (8.0s, 2009 chars)
[2026-09-14 12:08:49]    -> Trang 063/170 xong (6.6s, 1663 chars)
[2026-09-14 12:08:58]    -> Trang 064/170 xong (9.1s, 2643 chars)
[2026-09-14 12:09:06]    -> Trang 065/170 xong (7.4s, 1731 chars)
[2026-09-14 12:09:16]    -> Trang 066/170 xong (9.5s, 2631 chars)
[2026-09-14 12:09:23]    -> Trang 067/170 xong (7.4s, 1404 chars)
[2026-09-14 12:09:30]    -> Trang 068/170 xong (6.5s, 1459 chars)
[2026-09-14 12:09:35]    -> Trang 069/170 xong (5.3s, 1056 chars)
[2026-09-14 12:09:44]    -> Trang 070/170 xong (8.6s, 2206 chars)
[2026-09-14 12:09:53]    -> Trang 071/170 xong (9.5s, 2179 chars)
[2026-09-14 12:10:03]    -> Trang 072/170 xong (9.1s, 1912 chars)
[2026-09-14 12:10:08]    -> Trang 073/170 xong (5.0s, 1019 chars)
[2026-09-14 12:10:15]    -> Trang 074/170 xong (7.2s, 1530 chars)
[2026-09-14 12:10:25]    -> Trang 075/170 xong (9.9s, 1679 chars)
[2026-09-14 12:10:33]    -> Trang 076/170 xong (8.2s, 2113 chars)
[2026-09-14 12:10:48]    -> Trang 077/170 xong (14.8s, 2815 chars)
[2026-09-14 12:10:57]    -> Trang 078/170 xong (8.4s, 2314 chars)
[2026-09-14 12:11:04]    -> Trang 079/170 xong (7.0s, 1721 chars)
[2026-09-14 12:11:10]    -> Trang 080/170 xong (6.2s, 1102 chars)
[2026-09-14 12:11:18]    -> Trang 081/170 xong (7.5s, 1972 chars)
[2026-09-14 12:11:25]    -> Trang 082/170 xong (7.1s, 1639 chars)
[2026-09-14 12:11:33]    -> Trang 083/170 xong (7.6s, 1603 chars)
[2026-09-14 12:11:41]    -> Trang 084/170 xong (7.8s, 2049 chars)
[2026-09-14 12:11:49]    -> Trang 085/170 xong (8.6s, 2060 chars)
[2026-09-14 12:12:00]    -> Trang 086/170 xong (10.1s, 2511 chars)
[2026-09-14 12:12:05]    -> Trang 087/170 xong (5.7s, 1197 chars)
[2026-09-14 12:12:10]    -> Trang 088/170 xong (4.1s, 670 chars)
[2026-09-14 12:12:16]    -> Trang 089/170 xong (6.0s, 942 chars)
[2026-09-14 12:12:22]    -> Trang 090/170 xong (6.3s, 1260 chars)
[2026-09-14 12:12:28]    -> Trang 091/170 xong (5.8s, 910 chars)
[2026-09-14 12:12:38]    -> Trang 092/170 xong (10.0s, 2426 chars)
[2026-09-14 12:12:43]    -> Trang 093/170 xong (5.2s, 1171 chars)
[2026-09-14 12:12:51]    -> Trang 094/170 xong (7.7s, 1662 chars)
[2026-09-14 12:12:57]    -> Trang 095/170 xong (5.3s, 1085 chars)
[2026-09-14 12:13:03]    -> Trang 096/170 xong (6.1s, 1320 chars)
[2026-09-14 12:13:11]    -> Trang 097/170 xong (7.6s, 1935 chars)
[2026-09-14 12:13:19]    -> Trang 098/170 xong (7.8s, 1897 chars)
[2026-09-14 12:13:23]    -> Trang 099/170 xong (4.7s, 852 chars)
[2026-09-14 12:13:30]    -> Trang 100/170 xong (6.7s, 1744 chars)
[2026-09-14 12:13:38]    -> Trang 101/170 xong (7.4s, 1663 chars)
[2026-09-14 12:13:48]    -> Trang 102/170 xong (10.3s, 2739 chars)
[2026-09-14 12:13:54]    -> Trang 103/170 xong (6.0s, 1280 chars)
[2026-09-14 12:14:09]    -> Trang 104/170 xong (14.7s, 4880 chars)
[2026-09-14 12:14:15]    -> Trang 105/170 xong (5.9s, 1130 chars)
[2026-09-14 12:14:23]    -> Trang 106/170 xong (8.1s, 1790 chars)
[2026-09-14 12:14:29]    -> Trang 107/170 xong (5.4s, 1141 chars)
[2026-09-14 12:14:35]    -> Trang 108/170 xong (5.9s, 1348 chars)
[2026-09-14 12:14:41]    -> Trang 109/170 xong (6.3s, 1540 chars)
[2026-09-14 12:14:51]    -> Trang 110/170 xong (9.4s, 2016 chars)
[2026-09-14 12:15:00]    -> Trang 111/170 xong (8.9s, 2384 chars)
[2026-09-14 12:15:06]    -> Trang 112/170 xong (5.9s, 1238 chars)
[2026-09-14 12:15:12]    -> Trang 113/170 xong (6.0s, 1296 chars)
[2026-09-14 12:15:19]    -> Trang 114/170 xong (7.4s, 1174 chars)
[2026-09-14 12:15:27]    -> Trang 115/170 xong (6.9s, 1624 chars)
[2026-09-14 12:15:41]    -> Trang 116/170 xong (14.7s, 2714 chars)
[2026-09-14 12:15:50]    -> Trang 117/170 xong (8.4s, 2274 chars)
[2026-09-14 12:15:58]    -> Trang 118/170 xong (8.1s, 2055 chars)
[2026-09-14 12:16:13]    -> Trang 119/170 xong (14.7s, 2371 chars)
[2026-09-14 12:16:28]    -> Trang 120/170 xong (14.7s, 4197 chars)
[2026-09-14 12:16:35]    -> Trang 121/170 xong (7.1s, 1630 chars)
[2026-09-14 12:16:44]    -> Trang 122/170 xong (9.1s, 1936 chars)
[2026-09-14 12:16:59]    -> Trang 123/170 xong (14.8s, 3568 chars)
[2026-09-14 12:17:08]    -> Trang 124/170 xong (8.9s, 2003 chars)
[2026-09-14 12:17:18]    -> Trang 125/170 xong (9.5s, 2435 chars)
[2026-09-14 12:17:21]    -> Trang 126/170 xong (3.3s, 421 chars)
[2026-09-14 12:17:28]    -> Trang 127/170 xong (6.6s, 1696 chars)
[2026-09-14 12:17:36]    -> Trang 128/170 xong (8.1s, 2034 chars)
[2026-09-14 12:17:43]    -> Trang 129/170 xong (7.2s, 1706 chars)
[2026-09-14 12:17:51]    -> Trang 130/170 xong (7.5s, 1340 chars)
[2026-09-14 12:17:58]    -> Trang 131/170 xong (7.3s, 1641 chars)
[2026-09-14 12:18:05]    -> Trang 132/170 xong (7.0s, 1677 chars)
[2026-09-14 12:18:10]    -> Trang 133/170 xong (4.3s, 748 chars)
[2026-09-14 12:18:20]    -> Trang 134/170 xong (9.9s, 2798 chars)
[2026-09-14 12:18:28]    -> Trang 135/170 xong (7.5s, 1920 chars)
[2026-09-14 12:18:34]    -> Trang 136/170 xong (6.1s, 1414 chars)
[2026-09-14 12:18:42]    -> Trang 137/170 xong (8.0s, 1766 chars)
[2026-09-14 12:18:47]    -> Trang 138/170 xong (4.7s, 840 chars)
[2026-09-14 12:18:54]    -> Trang 139/170 xong (7.3s, 1741 chars)
[2026-09-14 12:19:03]    -> Trang 140/170 xong (8.3s, 1937 chars)
[2026-09-14 12:19:09]    -> Trang 141/170 xong (6.0s, 1479 chars)
[2026-09-14 12:19:18]    -> Trang 142/170 xong (8.8s, 2039 chars)
[2026-09-14 12:19:22]    -> Trang 143/170 xong (4.2s, 735 chars)
[2026-09-14 12:19:28]    -> Trang 144/170 xong (5.8s, 1301 chars)
[2026-09-14 12:19:33]    -> Trang 145/170 xong (4.6s, 952 chars)
[2026-09-14 12:19:42]    -> Trang 146/170 xong (9.0s, 2191 chars)
[2026-09-14 12:19:51]    -> Trang 147/170 xong (9.0s, 2188 chars)
[2026-09-14 12:19:56]    -> Trang 148/170 xong (4.8s, 934 chars)
[2026-09-14 12:20:02]    -> Trang 149/170 xong (6.0s, 1220 chars)
[2026-09-14 12:20:08]    -> Trang 150/170 xong (6.3s, 1019 chars)
[2026-09-14 12:20:17]    -> Trang 151/170 xong (8.5s, 1768 chars)
[2026-09-14 12:20:32]    -> Trang 152/170 xong (14.7s, 4186 chars)
[2026-09-14 12:20:39]    -> Trang 153/170 xong (7.6s, 1692 chars)
[2026-09-14 12:20:44]    -> Trang 154/170 xong (4.8s, 929 chars)
[2026-09-14 12:20:51]    -> Trang 155/170 xong (6.9s, 1825 chars)
[2026-09-14 12:20:58]    -> Trang 156/170 xong (7.0s, 1633 chars)
[2026-09-14 12:21:07]    -> Trang 157/170 xong (8.6s, 1786 chars)
[2026-09-14 12:21:22]    -> Trang 158/170 xong (14.7s, 4348 chars)
[2026-09-14 12:21:29]    -> Trang 159/170 xong (7.0s, 1576 chars)
[2026-09-14 12:21:37]    -> Trang 160/170 xong (7.9s, 1510 chars)
[2026-09-14 12:21:43]    -> Trang 161/170 xong (6.1s, 1425 chars)
[2026-09-14 12:21:52]    -> Trang 162/170 xong (8.9s, 2114 chars)
[2026-09-14 12:21:56]    -> Trang 163/170 xong (3.3s, 396 chars)
[2026-09-14 12:22:06]    -> Trang 164/170 xong (9.8s, 2100 chars)
[2026-09-14 12:22:12]    -> Trang 165/170 xong (6.2s, 1529 chars)
[2026-09-14 12:22:20]    -> Trang 166/170 xong (7.5s, 2091 chars)
[2026-09-14 12:22:33]    -> Trang 167/170 xong (12.8s, 2444 chars)
[2026-09-14 12:22:46]    -> Trang 168/170 xong (13.2s, 2134 chars)
[2026-09-14 12:23:01]    -> Trang 169/170 xong (14.8s, 3172 chars)
[2026-09-14 12:23:15]    -> Trang 170/170 xong (14.7s, 3465 chars)
[2026-09-14 12:23:15] ✅ Hoàn tất cuốn: 11-sgk-dia-li-11 (170/170 trang)
[2026-09-14 12:23:15] 
📖 [12/66] [GRADE-11 | Cốt lõi | GDKT-PL] 11-sgk-giao-duc-kinh-te-va-phap-luat-11
[2026-09-14 12:23:15]    Tiến độ: 0/150 trang (0.0%)
[2026-09-14 12:23:30]    -> Trang 001/150 xong (14.7s, 4580 chars)
[2026-09-14 12:23:34]    -> Trang 002/150 xong (3.4s, 256 chars)
[2026-09-14 12:23:45]    -> Trang 003/150 xong (10.7s, 3150 chars)
[2026-09-14 12:23:52]    -> Trang 004/150 xong (7.1s, 2003 chars)
[2026-09-14 12:24:01]    -> Trang 005/150 xong (9.2s, 1850 chars)
[2026-09-14 12:24:16]    -> Trang 006/150 xong (14.8s, 4870 chars)
[2026-09-14 12:24:23]    -> Trang 007/150 xong (6.4s, 1652 chars)
[2026-09-14 12:24:29]    -> Trang 008/150 xong (6.5s, 1737 chars)
[2026-09-14 12:24:37]    -> Trang 009/150 xong (7.5s, 2113 chars)
[2026-09-14 12:24:44]    -> Trang 010/150 xong (7.3s, 2039 chars)
[2026-09-14 12:24:52]    -> Trang 011/150 xong (7.5s, 2255 chars)
[2026-09-14 12:24:59]    -> Trang 012/150 xong (6.6s, 1731 chars)
[2026-09-14 12:25:06]    -> Trang 013/150 xong (7.6s, 2220 chars)
[2026-09-14 12:25:15]    -> Trang 014/150 xong (8.2s, 2299 chars)
[2026-09-14 12:25:24]    -> Trang 015/150 xong (8.9s, 2631 chars)
[2026-09-14 12:25:31]    -> Trang 016/150 xong (6.8s, 1789 chars)
[2026-09-14 12:25:37]    -> Trang 017/150 xong (6.3s, 1439 chars)
[2026-09-14 12:25:43]    -> Trang 018/150 xong (5.5s, 1064 chars)
[2026-09-14 12:25:52]    -> Trang 019/150 xong (9.3s, 2334 chars)
[2026-09-14 12:26:01]    -> Trang 020/150 xong (8.2s, 2123 chars)
[2026-09-14 12:26:09]    -> Trang 021/150 xong (7.9s, 2284 chars)
[2026-09-14 12:26:16]    -> Trang 022/150 xong (6.8s, 1872 chars)
[2026-09-14 12:26:21]    -> Trang 023/150 xong (5.2s, 1173 chars)
[2026-09-14 12:26:28]    -> Trang 024/150 xong (7.3s, 2071 chars)
[2026-09-14 12:26:34]    -> Trang 025/150 xong (6.0s, 1555 chars)
[2026-09-14 12:26:42]    -> Trang 026/150 xong (7.6s, 2012 chars)
[2026-09-14 12:26:50]    -> Trang 027/150 xong (8.2s, 2255 chars)
[2026-09-14 12:26:53]    -> Trang 028/150 xong (2.9s, 248 chars)
[2026-09-14 12:26:59]    -> Trang 029/150 xong (5.4s, 1406 chars)
[2026-09-14 12:27:05]    -> Trang 030/150 xong (5.6s, 1345 chars)
[2026-09-14 12:27:12]    -> Trang 031/150 xong (7.7s, 2044 chars)
[2026-09-14 12:27:20]    -> Trang 032/150 xong (7.5s, 1894 chars)
[2026-09-14 12:27:28]    -> Trang 033/150 xong (8.1s, 2390 chars)
[2026-09-14 12:27:38]    -> Trang 034/150 xong (9.9s, 2924 chars)
[2026-09-14 12:27:46]    -> Trang 035/150 xong (7.6s, 2118 chars)
[2026-09-14 12:27:52]    -> Trang 036/150 xong (5.4s, 1329 chars)
[2026-09-14 12:27:58]    -> Trang 037/150 xong (6.5s, 1417 chars)
[2026-09-14 12:28:05]    -> Trang 038/150 xong (7.1s, 1885 chars)
[2026-09-14 12:28:12]    -> Trang 039/150 xong (6.9s, 1771 chars)
[2026-09-14 12:28:21]    -> Trang 040/150 xong (8.3s, 2421 chars)
[2026-09-14 12:28:30]    -> Trang 041/150 xong (8.6s, 2537 chars)
[2026-09-14 12:28:36]    -> Trang 042/150 xong (6.0s, 1419 chars)
[2026-09-14 12:28:44]    -> Trang 043/150 xong (8.1s, 2470 chars)
[2026-09-14 12:28:52]    -> Trang 044/150 xong (7.5s, 2153 chars)
[2026-09-14 12:28:59]    -> Trang 045/150 xong (7.6s, 2054 chars)
[2026-09-14 12:29:05]    -> Trang 046/150 xong (5.6s, 1254 chars)
[2026-09-14 12:29:10]    -> Trang 047/150 xong (4.7s, 946 chars)
[2026-09-14 12:29:17]    -> Trang 048/150 xong (7.1s, 2060 chars)
[2026-09-14 12:29:25]    -> Trang 049/150 xong (7.6s, 2237 chars)
[2026-09-14 12:29:32]    -> Trang 050/150 xong (7.2s, 2147 chars)
[2026-09-14 12:29:43]    -> Trang 051/150 xong (10.5s, 3465 chars)
[2026-09-14 12:29:50]    -> Trang 052/150 xong (7.1s, 2063 chars)
[2026-09-14 12:29:55]    -> Trang 053/150 xong (5.0s, 1168 chars)
[2026-09-14 12:30:04]    -> Trang 054/150 xong (8.8s, 2329 chars)
[2026-09-14 12:30:10]    -> Trang 055/150 xong (5.6s, 1320 chars)
[2026-09-14 12:30:18]    -> Trang 056/150 xong (7.6s, 2079 chars)
[2026-09-14 12:30:26]    -> Trang 057/150 xong (8.3s, 2190 chars)
[2026-09-14 12:30:34]    -> Trang 058/150 xong (7.6s, 2264 chars)
[2026-09-14 12:30:41]    -> Trang 059/150 xong (7.2s, 2034 chars)
[2026-09-14 12:30:48]    -> Trang 060/150 xong (7.1s, 1995 chars)
[2026-09-14 12:30:55]    -> Trang 061/150 xong (6.1s, 1567 chars)
[2026-09-14 12:31:04]    -> Trang 062/150 xong (9.1s, 2493 chars)
[2026-09-14 12:31:11]    -> Trang 063/150 xong (7.3s, 1914 chars)
[2026-09-14 12:31:19]    -> Trang 064/150 xong (8.1s, 2163 chars)
[2026-09-14 12:31:28]    -> Trang 065/150 xong (8.6s, 2621 chars)
[2026-09-14 12:31:37]    -> Trang 066/150 xong (8.5s, 2487 chars)
[2026-09-14 12:31:46]    -> Trang 067/150 xong (8.5s, 2400 chars)
[2026-09-14 12:31:54]    -> Trang 068/150 xong (8.1s, 2264 chars)
[2026-09-14 12:32:00]    -> Trang 069/150 xong (5.8s, 1393 chars)
[2026-09-14 12:32:08]    -> Trang 070/150 xong (8.2s, 2281 chars)
[2026-09-14 12:32:17]    -> Trang 071/150 xong (8.5s, 2284 chars)
[2026-09-14 12:32:25]    -> Trang 072/150 xong (8.4s, 2412 chars)
[2026-09-14 12:32:34]    -> Trang 073/150 xong (9.2s, 2869 chars)
[2026-09-14 12:32:41]    -> Trang 074/150 xong (6.4s, 1838 chars)
[2026-09-14 12:32:49]    -> Trang 075/150 xong (7.7s, 2229 chars)
[2026-09-14 12:32:55]    -> Trang 076/150 xong (5.8s, 1417 chars)
[2026-09-14 12:33:02]    -> Trang 077/150 xong (7.1s, 1959 chars)
[2026-09-14 12:33:10]    -> Trang 078/150 xong (7.7s, 2157 chars)
[2026-09-14 12:33:19]    -> Trang 079/150 xong (8.6s, 2547 chars)
[2026-09-14 12:33:27]    -> Trang 080/150 xong (8.6s, 2632 chars)
[2026-09-14 12:33:36]    -> Trang 081/150 xong (8.6s, 2626 chars)
[2026-09-14 12:33:42]    -> Trang 082/150 xong (5.9s, 1366 chars)
[2026-09-14 12:33:51]    -> Trang 083/150 xong (8.4s, 2442 chars)
[2026-09-14 12:33:59]    -> Trang 084/150 xong (8.5s, 2453 chars)
[2026-09-14 12:34:09]    -> Trang 085/150 xong (9.3s, 2897 chars)
[2026-09-14 12:34:17]    -> Trang 086/150 xong (7.9s, 2431 chars)
[2026-09-14 12:34:23]    -> Trang 087/150 xong (5.9s, 1482 chars)
[2026-09-14 12:34:29]    -> Trang 088/150 xong (5.6s, 1206 chars)
[2026-09-14 12:34:36]    -> Trang 089/150 xong (7.6s, 2163 chars)
[2026-09-14 12:34:45]    -> Trang 090/150 xong (8.1s, 2222 chars)
[2026-09-14 12:34:52]    -> Trang 091/150 xong (7.6s, 2076 chars)
[2026-09-14 12:35:01]    -> Trang 092/150 xong (8.2s, 2317 chars)
[2026-09-14 12:35:09]    -> Trang 093/150 xong (7.7s, 2263 chars)
[2026-09-14 12:35:16]    -> Trang 094/150 xong (6.7s, 1886 chars)
[2026-09-14 12:35:22]    -> Trang 095/150 xong (6.3s, 1520 chars)
[2026-09-14 12:35:30]    -> Trang 096/150 xong (7.7s, 2131 chars)
[2026-09-14 12:35:39]    -> Trang 097/150 xong (8.6s, 2474 chars)
[2026-09-14 12:35:46]    -> Trang 098/150 xong (7.8s, 2173 chars)
[2026-09-14 12:35:55]    -> Trang 099/150 xong (8.5s, 2470 chars)
[2026-09-14 12:36:04]    -> Trang 100/150 xong (8.9s, 2578 chars)
[2026-09-14 12:36:13]    -> Trang 101/150 xong (9.0s, 2504 chars)
[2026-09-14 12:36:22]    -> Trang 102/150 xong (8.5s, 2432 chars)
[2026-09-14 12:36:27]    -> Trang 103/150 xong (4.6s, 946 chars)
[2026-09-14 12:36:35]    -> Trang 104/150 xong (8.3s, 2431 chars)
[2026-09-14 12:36:41]    -> Trang 105/150 xong (5.6s, 1262 chars)
[2026-09-14 12:36:46]    -> Trang 106/150 xong (5.5s, 1211 chars)
[2026-09-14 12:36:55]    -> Trang 107/150 xong (8.7s, 2695 chars)
[2026-09-14 12:37:02]    -> Trang 108/150 xong (7.0s, 1993 chars)
[2026-09-14 12:37:09]    -> Trang 109/150 xong (6.8s, 1722 chars)
[2026-09-14 12:37:18]    -> Trang 110/150 xong (8.4s, 2357 chars)
[2026-09-14 12:37:26]    -> Trang 111/150 xong (7.9s, 2234 chars)
[2026-09-14 12:37:34]    -> Trang 112/150 xong (8.1s, 2359 chars)
[2026-09-14 12:37:45]    -> Trang 113/150 xong (10.9s, 3036 chars)
[2026-09-14 12:37:54]    -> Trang 114/150 xong (9.3s, 2774 chars)
[2026-09-14 12:38:02]    -> Trang 115/150 xong (7.5s, 1989 chars)
[2026-09-14 12:38:10]    -> Trang 116/150 xong (7.5s, 2157 chars)
[2026-09-14 12:38:16]    -> Trang 117/150 xong (6.2s, 1566 chars)
[2026-09-14 12:38:22]    -> Trang 118/150 xong (6.2s, 1481 chars)
[2026-09-14 12:38:32]    -> Trang 119/150 xong (9.0s, 2638 chars)
[2026-09-14 12:38:39]    -> Trang 120/150 xong (7.7s, 2060 chars)
[2026-09-14 12:38:49]    -> Trang 121/150 xong (9.0s, 2718 chars)
[2026-09-14 12:38:57]    -> Trang 122/150 xong (8.5s, 2367 chars)
[2026-09-14 12:39:03]    -> Trang 123/150 xong (5.2s, 1105 chars)
[2026-09-14 12:39:11]    -> Trang 124/150 xong (8.2s, 2206 chars)
[2026-09-14 12:39:20]    -> Trang 125/150 xong (8.9s, 2585 chars)
[2026-09-14 12:39:29]    -> Trang 126/150 xong (8.5s, 2431 chars)
[2026-09-14 12:39:37]    -> Trang 127/150 xong (8.0s, 2343 chars)
[2026-09-14 12:39:46]    -> Trang 128/150 xong (9.4s, 2784 chars)
[2026-09-14 12:39:53]    -> Trang 129/150 xong (6.5s, 1681 chars)
[2026-09-14 12:40:00]    -> Trang 130/150 xong (7.0s, 1785 chars)
[2026-09-14 12:40:09]    -> Trang 131/150 xong (8.6s, 2523 chars)
[2026-09-14 12:40:24]    -> Trang 132/150 xong (15.0s, 5030 chars)
[2026-09-14 12:40:33]    -> Trang 133/150 xong (8.7s, 2456 chars)
[2026-09-14 12:40:39]    -> Trang 134/150 xong (6.0s, 1444 chars)
[2026-09-14 12:40:47]    -> Trang 135/150 xong (7.9s, 2314 chars)
[2026-09-14 12:41:02]    -> Trang 136/150 xong (14.9s, 5556 chars)
[2026-09-14 12:41:09]    -> Trang 137/150 xong (6.4s, 1532 chars)
[2026-09-14 12:41:17]    -> Trang 138/150 xong (7.8s, 2160 chars)
[2026-09-14 12:41:25]    -> Trang 139/150 xong (8.4s, 2478 chars)
[2026-09-14 12:41:34]    -> Trang 140/150 xong (9.3s, 2618 chars)
[2026-09-14 12:41:44]    -> Trang 141/150 xong (9.0s, 2747 chars)
[2026-09-14 12:41:51]    -> Trang 142/150 xong (7.5s, 2117 chars)
[2026-09-14 12:41:59]    -> Trang 143/150 xong (8.0s, 2250 chars)
[2026-09-14 12:42:06]    -> Trang 144/150 xong (6.6s, 1494 chars)
[2026-09-14 12:42:12]    -> Trang 145/150 xong (6.1s, 1647 chars)
[2026-09-14 12:42:22]    -> Trang 146/150 xong (8.9s, 2182 chars)
[2026-09-14 12:42:29]    -> Trang 147/150 xong (7.1s, 1839 chars)
[2026-09-14 12:42:32]    -> Trang 148/150 xong (3.2s, 245 chars)
[2026-09-14 12:42:47]    -> Trang 149/150 xong (14.9s, 4193 chars)
[2026-09-14 12:42:56]    -> Trang 150/150 xong (9.4s, 1813 chars)
[2026-09-14 12:42:56] ✅ Hoàn tất cuốn: 11-sgk-giao-duc-kinh-te-va-phap-luat-11 (150/150 trang)
[2026-09-14 12:42:56] 
📖 [13/66] [GRADE-11 | Cốt lõi | HOA-HOC] 11-sgk-hoa-hoc-11
[2026-09-14 12:42:56]    Tiến độ: 158/158 trang (100.0%)
[2026-09-14 12:42:56]    ⏩ Đã hoàn thành 100% từ trước. Tiếp tục cuốn tiếp theo...
[2026-09-14 12:42:56] 
📖 [14/66] [GRADE-11 | Cốt lõi | LICH-SU] 11-sgk-lich-su-11
[2026-09-14 12:42:56]    Tiến độ: 98/98 trang (100.0%)
[2026-09-14 12:42:56]    ⏩ Đã hoàn thành 100% từ trước. Tiếp tục cuốn tiếp theo...
[2026-09-14 12:42:56] 
📖 [15/66] [GRADE-11 | Cốt lõi | NGU-VAN] 11-sgk-ngu-van-11-tap-hai
[2026-09-14 12:42:56]    Tiến độ: 0/134 trang (0.0%)
[2026-09-14 12:43:12]    -> Trang 001/134 xong (15.0s, 2607 chars)
[2026-09-14 12:43:16]    -> Trang 002/134 xong (3.8s, 337 chars)
[2026-09-14 12:43:23]    -> Trang 003/134 xong (7.6s, 1522 chars)
[2026-09-14 12:43:31]    -> Trang 004/134 xong (7.4s, 1453 chars)
[2026-09-14 12:43:38]    -> Trang 005/134 xong (7.6s, 1997 chars)
[2026-09-14 12:43:49]    -> Trang 006/134 xong (10.4s, 3172 chars)
[2026-09-14 12:43:56]    -> Trang 007/134 xong (6.3s, 1482 chars)
[2026-09-14 12:44:04]    -> Trang 008/134 xong (8.1s, 2146 chars)
[2026-09-14 12:44:13]    -> Trang 009/134 xong (8.7s, 2406 chars)
[2026-09-14 12:44:22]    -> Trang 010/134 xong (8.9s, 2533 chars)
[2026-09-14 12:44:31]    -> Trang 011/134 xong (9.0s, 2587 chars)
[2026-09-14 12:44:46]    -> Trang 012/134 xong (14.8s, 4953 chars)
[2026-09-14 12:44:55]    -> Trang 013/134 xong (8.8s, 2697 chars)
[2026-09-14 12:45:02]    -> Trang 014/134 xong (7.2s, 1977 chars)
[2026-09-14 12:45:11]    -> Trang 015/134 xong (8.7s, 2145 chars)
[2026-09-14 12:45:20]    -> Trang 016/134 xong (9.0s, 2302 chars)
[2026-09-14 12:45:27]    -> Trang 017/134 xong (6.8s, 1600 chars)
[2026-09-14 12:45:36]    -> Trang 018/134 xong (8.6s, 2287 chars)
[2026-09-14 12:45:45]    -> Trang 019/134 xong (9.4s, 2415 chars)
[2026-09-14 12:45:53]    -> Trang 020/134 xong (7.4s, 1841 chars)
[2026-09-14 12:46:01]    -> Trang 021/134 xong (8.2s, 2001 chars)
[2026-09-14 12:46:07]    -> Trang 022/134 xong (6.4s, 1564 chars)
[2026-09-14 12:46:16]    -> Trang 023/134 xong (8.1s, 2141 chars)
[2026-09-14 12:46:27]    -> Trang 024/134 xong (10.9s, 3353 chars)
[2026-09-14 12:46:32]    -> Trang 025/134 xong (5.5s, 1299 chars)
[2026-09-14 12:46:40]    -> Trang 026/134 xong (7.8s, 2167 chars)
[2026-09-14 12:46:46]    -> Trang 027/134 xong (5.9s, 1454 chars)
[2026-09-14 12:46:54]    -> Trang 028/134 xong (7.8s, 2295 chars)
[2026-09-14 12:47:03]    -> Trang 029/134 xong (8.4s, 2237 chars)
[2026-09-14 12:47:11]    -> Trang 030/134 xong (8.2s, 1830 chars)
[2026-09-14 12:47:16]    -> Trang 031/134 xong (4.9s, 923 chars)
[2026-09-14 12:47:25]    -> Trang 032/134 xong (8.5s, 2100 chars)
[2026-09-14 12:47:29]    -> Trang 033/134 xong (4.5s, 730 chars)
[2026-09-14 12:47:36]    -> Trang 034/134 xong (6.5s, 1628 chars)
[2026-09-14 12:47:42]    -> Trang 035/134 xong (5.6s, 1387 chars)
[2026-09-14 12:47:49]    -> Trang 036/134 xong (7.6s, 2078 chars)
[2026-09-14 12:48:00]    -> Trang 037/134 xong (10.1s, 2875 chars)
[2026-09-14 12:48:15]    -> Trang 038/134 xong (15.0s, 4757 chars)
[2026-09-14 12:48:24]    -> Trang 039/134 xong (9.2s, 2564 chars)
[2026-09-14 12:48:33]    -> Trang 040/134 xong (8.9s, 2540 chars)
[2026-09-14 12:48:43]    -> Trang 041/134 xong (9.5s, 2584 chars)
[2026-09-14 12:48:52]    -> Trang 042/134 xong (8.9s, 2519 chars)
[2026-09-14 12:49:01]    -> Trang 043/134 xong (9.5s, 2752 chars)
[2026-09-14 12:49:11]    -> Trang 044/134 xong (9.8s, 2725 chars)
[2026-09-14 12:49:20]    -> Trang 045/134 xong (8.8s, 2415 chars)
[2026-09-14 12:49:27]    -> Trang 046/134 xong (6.9s, 1614 chars)
[2026-09-14 12:49:40]    -> Trang 047/134 xong (12.2s, 3200 chars)
[2026-09-14 12:49:51]    -> Trang 048/134 xong (10.8s, 3243 chars)
[2026-09-14 12:50:02]    -> Trang 049/134 xong (11.3s, 3016 chars)
[2026-09-14 12:50:12]    -> Trang 050/134 xong (10.2s, 2745 chars)
[2026-09-14 12:50:19]    -> Trang 051/134 xong (6.4s, 1367 chars)
[2026-09-14 12:50:27]    -> Trang 052/134 xong (8.2s, 2202 chars)
[2026-09-14 12:50:33]    -> Trang 053/134 xong (5.8s, 1503 chars)
[2026-09-14 12:50:42]    -> Trang 054/134 xong (9.0s, 2683 chars)
[2026-09-14 12:50:51]    -> Trang 055/134 xong (8.1s, 2439 chars)
[2026-09-14 12:50:57]    -> Trang 056/134 xong (6.8s, 1908 chars)
[2026-09-14 12:51:06]    -> Trang 057/134 xong (8.2s, 2339 chars)
[2026-09-14 12:51:13]    -> Trang 058/134 xong (6.8s, 1766 chars)
[2026-09-14 12:51:21]    -> Trang 059/134 xong (8.5s, 2672 chars)
[2026-09-14 12:51:29]    -> Trang 060/134 xong (7.3s, 1890 chars)
[2026-09-14 12:51:37]    -> Trang 061/134 xong (8.0s, 1994 chars)
[2026-09-14 12:51:52]    -> Trang 062/134 xong (14.8s, 3581 chars)
[2026-09-14 12:52:07]    -> Trang 063/134 xong (14.7s, 4813 chars)
[2026-09-14 12:52:15]    -> Trang 064/134 xong (8.0s, 2157 chars)
[2026-09-14 12:52:22]    -> Trang 065/134 xong (6.9s, 1953 chars)
[2026-09-14 12:52:31]    -> Trang 066/134 xong (9.3s, 2959 chars)
[2026-09-14 12:52:38]    -> Trang 067/134 xong (6.1s, 1488 chars)
[2026-09-14 12:52:48]    -> Trang 068/134 xong (10.4s, 2855 chars)
[2026-09-14 12:52:55]    -> Trang 069/134 xong (6.9s, 1717 chars)
[2026-09-14 12:53:05]    -> Trang 070/134 xong (9.6s, 2540 chars)
[2026-09-14 12:53:14]    -> Trang 071/134 xong (8.5s, 2451 chars)
[2026-09-14 12:53:21]    -> Trang 072/134 xong (7.0s, 1825 chars)
[2026-09-14 12:53:28]    -> Trang 073/134 xong (7.3s, 1813 chars)
[2026-09-14 12:53:35]    -> Trang 074/134 xong (7.1s, 1972 chars)
[2026-09-14 12:53:43]    -> Trang 075/134 xong (7.5s, 2020 chars)
[2026-09-14 12:53:49]    -> Trang 076/134 xong (5.6s, 1264 chars)
[2026-09-14 12:53:58]    -> Trang 077/134 xong (9.5s, 2505 chars)
[2026-09-14 12:54:13]    -> Trang 078/134 xong (14.8s, 5212 chars)
[2026-09-14 12:54:18]    -> Trang 079/134 xong (5.1s, 1127 chars)
[2026-09-14 12:54:33]    -> Trang 080/134 xong (14.8s, 4059 chars)
[2026-09-14 12:54:40]    -> Trang 081/134 xong (6.4s, 1774 chars)
[2026-09-14 12:54:48]    -> Trang 082/134 xong (8.0s, 2231 chars)
[2026-09-14 12:54:57]    -> Trang 083/134 xong (8.5s, 2377 chars)
[2026-09-14 12:55:05]    -> Trang 084/134 xong (8.1s, 2158 chars)
[2026-09-14 12:55:13]    -> Trang 085/134 xong (7.4s, 2083 chars)
[2026-09-14 12:55:21]    -> Trang 086/134 xong (8.7s, 2618 chars)
[2026-09-14 12:55:29]    -> Trang 087/134 xong (7.4s, 2106 chars)
[2026-09-14 12:55:37]    -> Trang 088/134 xong (7.6s, 2189 chars)
[2026-09-14 12:55:45]    -> Trang 089/134 xong (7.9s, 2135 chars)
[2026-09-14 12:55:53]    -> Trang 090/134 xong (8.0s, 2008 chars)
[2026-09-14 12:56:05]    -> Trang 091/134 xong (11.7s, 3264 chars)
[2026-09-14 12:56:20]    -> Trang 092/134 xong (14.8s, 4905 chars)
[2026-09-14 12:56:28]    -> Trang 093/134 xong (8.6s, 2199 chars)
[2026-09-14 12:56:35]    -> Trang 094/134 xong (6.6s, 1805 chars)
[2026-09-14 12:56:41]    -> Trang 095/134 xong (5.2s, 1340 chars)
[2026-09-14 12:56:50]    -> Trang 096/134 xong (9.7s, 2399 chars)
[2026-09-14 12:57:02]    -> Trang 097/134 xong (11.9s, 3184 chars)
[2026-09-14 12:57:13]    -> Trang 098/134 xong (10.1s, 2980 chars)
[2026-09-14 12:57:19]    -> Trang 099/134 xong (5.9s, 1417 chars)
[2026-09-14 12:57:26]    -> Trang 100/134 xong (6.9s, 1569 chars)
[2026-09-14 12:57:37]    -> Trang 101/134 xong (11.2s, 2871 chars)
[2026-09-14 12:57:47]    -> Trang 102/134 xong (10.4s, 2554 chars)
[2026-09-14 12:57:59]    -> Trang 103/134 xong (11.5s, 2932 chars)
[2026-09-14 12:58:08]    -> Trang 104/134 xong (8.7s, 2067 chars)
[2026-09-14 12:58:18]    -> Trang 105/134 xong (9.6s, 2429 chars)
[2026-09-14 12:58:32]    -> Trang 106/134 xong (14.8s, 4641 chars)
[2026-09-14 12:58:38]    -> Trang 107/134 xong (5.9s, 1412 chars)
[2026-09-14 12:58:45]    -> Trang 108/134 xong (6.9s, 1966 chars)
[2026-09-14 12:58:55]    -> Trang 109/134 xong (9.4s, 2879 chars)
[2026-09-14 12:59:04]    -> Trang 110/134 xong (9.2s, 2649 chars)
[2026-09-14 12:59:09]    -> Trang 111/134 xong (4.5s, 935 chars)
[2026-09-14 12:59:19]    -> Trang 112/134 xong (10.3s, 3186 chars)
[2026-09-14 12:59:26]    -> Trang 113/134 xong (6.3s, 1592 chars)
[2026-09-14 12:59:39]    -> Trang 114/134 xong (13.5s, 3851 chars)
[2026-09-14 12:59:54]    -> Trang 115/134 xong (14.8s, 4419 chars)
[2026-09-14 13:00:02]    -> Trang 116/134 xong (7.9s, 2325 chars)
[2026-09-14 13:00:11]    -> Trang 117/134 xong (8.8s, 2565 chars)
[2026-09-14 13:00:15]    -> Trang 118/134 xong (3.8s, 672 chars)
[2026-09-14 13:00:24]    -> Trang 119/134 xong (8.1s, 2444 chars)
[2026-09-14 13:00:32]    -> Trang 120/134 xong (8.0s, 2260 chars)
[2026-09-14 13:00:40]    -> Trang 121/134 xong (7.9s, 2281 chars)
[2026-09-14 13:00:49]    -> Trang 122/134 xong (9.3s, 2730 chars)
[2026-09-14 13:00:56]    -> Trang 123/134 xong (6.4s, 1571 chars)
[2026-09-14 13:01:04]    -> Trang 124/134 xong (8.6s, 2121 chars)
[2026-09-14 13:01:10]    -> Trang 125/134 xong (5.5s, 1142 chars)
[2026-09-14 13:01:15]    -> Trang 126/134 xong (4.9s, 1020 chars)
[2026-09-14 13:01:24]    -> Trang 127/134 xong (9.2s, 1298 chars)
[2026-09-14 13:01:37]    -> Trang 128/134 xong (12.5s, 3918 chars)
[2026-09-14 13:01:48]    -> Trang 129/134 xong (10.9s, 2584 chars)
[2026-09-14 13:01:58]    -> Trang 130/134 xong (9.9s, 2521 chars)
[2026-09-14 13:02:08]    -> Trang 131/134 xong (9.9s, 1633 chars)
[2026-09-14 13:02:22]    -> Trang 132/134 xong (14.7s, 4131 chars)
[2026-09-14 13:02:30]    -> Trang 133/134 xong (7.4s, 1612 chars)
[2026-09-14 13:02:39]    -> Trang 134/134 xong (9.5s, 1964 chars)
[2026-09-14 13:02:39] ✅ Hoàn tất cuốn: 11-sgk-ngu-van-11-tap-hai (134/134 trang)
[2026-09-14 13:02:40] 
📖 [16/66] [GRADE-11 | Cốt lõi | NGU-VAN] 11-sgk-ngu-van-11-tap-mot
[2026-09-14 13:02:40]    Tiến độ: 166/166 trang (100.0%)
[2026-09-14 13:02:40]    ⏩ Đã hoàn thành 100% từ trước. Tiếp tục cuốn tiếp theo...
[2026-09-14 13:02:40] 
📖 [17/66] [GRADE-11 | Cốt lõi | SINH-HOC] 11-sgk-sinh-hoc-11
[2026-09-14 13:02:40]    Tiến độ: 190/190 trang (100.0%)
[2026-09-14 13:02:40]    ⏩ Đã hoàn thành 100% từ trước. Tiếp tục cuốn tiếp theo...
[2026-09-14 13:02:41] 
📖 [18/66] [GRADE-11 | Cốt lõi | TIENG-ANH] 11-sgk-tieng-anh-11-global-success
[2026-09-14 13:02:41]    Tiến độ: 0/135 trang (0.0%)
[2026-09-14 13:02:56]    -> Trang 001/135 xong (14.9s, 4560 chars)
[2026-09-14 13:03:01]    -> Trang 002/135 xong (4.6s, 687 chars)
[2026-09-14 13:03:08]    -> Trang 003/135 xong (7.2s, 1445 chars)
[2026-09-14 13:03:13]    -> Trang 004/135 xong (4.7s, 730 chars)
[2026-09-14 13:03:22]    -> Trang 005/135 xong (9.5s, 2690 chars)
[2026-09-14 13:03:30]    -> Trang 006/135 xong (7.2s, 1853 chars)
[2026-09-14 13:03:37]    -> Trang 007/135 xong (7.5s, 2320 chars)
[2026-09-14 13:03:45]    -> Trang 008/135 xong (7.4s, 1922 chars)
[2026-09-14 13:03:53]    -> Trang 009/135 xong (7.8s, 2604 chars)
[2026-09-14 13:03:59]    -> Trang 010/135 xong (6.6s, 2006 chars)
[2026-09-14 13:04:08]    -> Trang 011/135 xong (8.3s, 2578 chars)
[2026-09-14 13:04:17]    -> Trang 012/135 xong (8.7s, 2841 chars)
[2026-09-14 13:04:25]    -> Trang 013/135 xong (8.2s, 2979 chars)
[2026-09-14 13:04:32]    -> Trang 014/135 xong (6.4s, 1927 chars)
[2026-09-14 13:04:38]    -> Trang 015/135 xong (6.5s, 1886 chars)
[2026-09-14 13:04:45]    -> Trang 016/135 xong (6.6s, 2048 chars)
[2026-09-14 13:04:51]    -> Trang 017/135 xong (6.3s, 1782 chars)
[2026-09-14 13:04:59]    -> Trang 018/135 xong (7.6s, 2395 chars)
[2026-09-14 13:05:05]    -> Trang 019/135 xong (5.7s, 1669 chars)
[2026-09-14 13:05:12]    -> Trang 020/135 xong (7.0s, 2304 chars)
[2026-09-14 13:05:19]    -> Trang 021/135 xong (6.8s, 2021 chars)
[2026-09-14 13:05:27]    -> Trang 022/135 xong (7.6s, 2504 chars)
[2026-09-14 13:05:34]    -> Trang 023/135 xong (7.3s, 2587 chars)
[2026-09-14 13:05:42]    -> Trang 024/135 xong (7.6s, 1908 chars)
[2026-09-14 13:05:48]    -> Trang 025/135 xong (6.1s, 1916 chars)
[2026-09-14 13:05:56]    -> Trang 026/135 xong (7.5s, 2688 chars)
[2026-09-14 13:06:04]    -> Trang 027/135 xong (8.6s, 3129 chars)
[2026-09-14 13:06:11]    -> Trang 028/135 xong (6.2s, 1846 chars)
[2026-09-14 13:06:18]    -> Trang 029/135 xong (7.6s, 2416 chars)
[2026-09-14 13:06:26]    -> Trang 030/135 xong (7.1s, 2434 chars)
[2026-09-14 13:06:33]    -> Trang 031/135 xong (7.6s, 2514 chars)
[2026-09-14 13:06:41]    -> Trang 032/135 xong (7.8s, 2552 chars)
[2026-09-14 13:06:49]    -> Trang 033/135 xong (7.5s, 2744 chars)
[2026-09-14 13:06:54]    -> Trang 034/135 xong (5.1s, 1413 chars)
[2026-09-14 13:07:03]    -> Trang 035/135 xong (8.4s, 3057 chars)
[2026-09-14 13:07:10]    -> Trang 036/135 xong (7.1s, 2511 chars)
[2026-09-14 13:07:17]    -> Trang 037/135 xong (7.4s, 2487 chars)
[2026-09-14 13:07:23]    -> Trang 038/135 xong (5.3s, 1568 chars)
[2026-09-14 13:07:28]    -> Trang 039/135 xong (4.6s, 1294 chars)
[2026-09-14 13:07:34]    -> Trang 040/135 xong (5.8s, 1569 chars)
[2026-09-14 13:07:42]    -> Trang 041/135 xong (8.0s, 2496 chars)
[2026-09-14 13:07:48]    -> Trang 042/135 xong (6.3s, 1877 chars)
[2026-09-14 13:07:55]    -> Trang 043/135 xong (6.6s, 2255 chars)
[2026-09-14 13:08:02]    -> Trang 044/135 xong (6.7s, 2172 chars)
[2026-09-14 13:08:16]    -> Trang 045/135 xong (14.8s, 5895 chars)
[2026-09-14 13:08:24]    -> Trang 046/135 xong (7.0s, 2351 chars)
[2026-09-14 13:08:31]    -> Trang 047/135 xong (7.1s, 2544 chars)
[2026-09-14 13:08:38]    -> Trang 048/135 xong (6.8s, 2230 chars)
[2026-09-14 13:08:45]    -> Trang 049/135 xong (7.2s, 2340 chars)
[2026-09-14 13:08:53]    -> Trang 050/135 xong (7.5s, 2581 chars)
[2026-09-14 13:08:59]    -> Trang 051/135 xong (6.5s, 2012 chars)
[2026-09-14 13:09:08]    -> Trang 052/135 xong (8.0s, 3088 chars)
[2026-09-14 13:09:14]    -> Trang 053/135 xong (6.7s, 2107 chars)
[2026-09-14 13:09:21]    -> Trang 054/135 xong (6.8s, 2404 chars)
[2026-09-14 13:09:28]    -> Trang 055/135 xong (6.7s, 2010 chars)
[2026-09-14 13:09:36]    -> Trang 056/135 xong (8.0s, 2790 chars)
[2026-09-14 13:09:44]    -> Trang 057/135 xong (7.6s, 2926 chars)
[2026-09-14 13:09:53]    -> Trang 058/135 xong (9.3s, 3465 chars)
[2026-09-14 13:10:02]    -> Trang 059/135 xong (8.7s, 2877 chars)
[2026-09-14 13:10:10]    -> Trang 060/135 xong (7.1s, 2329 chars)
[2026-09-14 13:10:17]    -> Trang 061/135 xong (7.1s, 2178 chars)
[2026-09-14 13:10:24]    -> Trang 062/135 xong (6.9s, 2570 chars)
[2026-09-14 13:10:31]    -> Trang 063/135 xong (7.3s, 2764 chars)
[2026-09-14 13:10:36]    -> Trang 064/135 xong (4.5s, 1108 chars)
[2026-09-14 13:10:43]    -> Trang 065/135 xong (6.9s, 2373 chars)
[2026-09-14 13:10:49]    -> Trang 066/135 xong (6.1s, 1986 chars)
[2026-09-14 13:10:55]    -> Trang 067/135 xong (5.9s, 1756 chars)
[2026-09-14 13:11:02]    -> Trang 068/135 xong (6.5s, 2144 chars)
[2026-09-14 13:11:08]    -> Trang 069/135 xong (5.6s, 1527 chars)
[2026-09-14 13:11:15]    -> Trang 070/135 xong (7.0s, 2264 chars)
[2026-09-14 13:11:22]    -> Trang 071/135 xong (7.0s, 2626 chars)
[2026-09-14 13:11:27]    -> Trang 072/135 xong (5.4s, 1552 chars)
[2026-09-14 13:11:34]    -> Trang 073/135 xong (6.7s, 2127 chars)
[2026-09-14 13:11:40]    -> Trang 074/135 xong (5.8s, 1711 chars)
[2026-09-14 13:11:48]    -> Trang 075/135 xong (7.7s, 2321 chars)
[2026-09-14 13:11:56]    -> Trang 076/135 xong (7.3s, 2697 chars)
[2026-09-14 13:12:03]    -> Trang 077/135 xong (7.0s, 2511 chars)
[2026-09-14 13:12:10]    -> Trang 078/135 xong (7.3s, 2494 chars)
[2026-09-14 13:12:17]    -> Trang 079/135 xong (7.1s, 2220 chars)
[2026-09-14 13:12:25]    -> Trang 080/135 xong (7.3s, 2519 chars)
[2026-09-14 13:12:32]    -> Trang 081/135 xong (7.5s, 3108 chars)
[2026-09-14 13:12:39]    -> Trang 082/135 xong (6.9s, 2237 chars)
[2026-09-14 13:12:47]    -> Trang 083/135 xong (7.3s, 2419 chars)
[2026-09-14 13:12:54]    -> Trang 084/135 xong (6.9s, 2243 chars)
[2026-09-14 13:13:01]    -> Trang 085/135 xong (6.7s, 1990 chars)
[2026-09-14 13:13:09]    -> Trang 086/135 xong (8.3s, 3150 chars)
[2026-09-14 13:13:16]    -> Trang 087/135 xong (6.6s, 2428 chars)
[2026-09-14 13:13:23]    -> Trang 088/135 xong (6.9s, 2281 chars)
[2026-09-14 13:13:29]    -> Trang 089/135 xong (6.4s, 1824 chars)
[2026-09-14 13:13:37]    -> Trang 090/135 xong (7.7s, 2574 chars)
[2026-09-14 13:13:45]    -> Trang 091/135 xong (7.8s, 2794 chars)
[2026-09-14 13:13:53]    -> Trang 092/135 xong (7.4s, 2402 chars)
[2026-09-14 13:14:00]    -> Trang 093/135 xong (7.1s, 2251 chars)
[2026-09-14 13:14:06]    -> Trang 094/135 xong (6.3s, 1762 chars)
[2026-09-14 13:14:15]    -> Trang 095/135 xong (8.4s, 3017 chars)
[2026-09-14 13:14:21]    -> Trang 096/135 xong (5.6s, 1634 chars)
[2026-09-14 13:14:27]    -> Trang 097/135 xong (6.0s, 2017 chars)
[2026-09-14 13:14:34]    -> Trang 098/135 xong (7.1s, 2454 chars)
[2026-09-14 13:14:42]    -> Trang 099/135 xong (7.9s, 2378 chars)
[2026-09-14 13:14:49]    -> Trang 100/135 xong (7.1s, 2289 chars)
[2026-09-14 13:14:56]    -> Trang 101/135 xong (7.1s, 2236 chars)
[2026-09-14 13:15:03]    -> Trang 102/135 xong (6.4s, 2132 chars)
[2026-09-14 13:15:11]    -> Trang 103/135 xong (8.4s, 2257 chars)
[2026-09-14 13:15:19]    -> Trang 104/135 xong (7.8s, 2637 chars)
[2026-09-14 13:15:27]    -> Trang 105/135 xong (7.1s, 2348 chars)
[2026-09-14 13:15:33]    -> Trang 106/135 xong (5.8s, 1706 chars)
[2026-09-14 13:15:39]    -> Trang 107/135 xong (6.1s, 1846 chars)
[2026-09-14 13:15:46]    -> Trang 108/135 xong (7.5s, 2494 chars)
[2026-09-14 13:15:56]    -> Trang 109/135 xong (9.7s, 3462 chars)
[2026-09-14 13:16:02]    -> Trang 110/135 xong (5.4s, 1621 chars)
[2026-09-14 13:16:07]    -> Trang 111/135 xong (5.0s, 1628 chars)
[2026-09-14 13:16:14]    -> Trang 112/135 xong (6.8s, 2313 chars)
[2026-09-14 13:16:22]    -> Trang 113/135 xong (8.3s, 2569 chars)
[2026-09-14 13:16:30]    -> Trang 114/135 xong (7.9s, 2532 chars)
[2026-09-14 13:16:37]    -> Trang 115/135 xong (6.9s, 2259 chars)
[2026-09-14 13:16:45]    -> Trang 116/135 xong (7.7s, 2373 chars)
[2026-09-14 13:16:52]    -> Trang 117/135 xong (6.9s, 2050 chars)
[2026-09-14 13:16:59]    -> Trang 118/135 xong (6.5s, 2002 chars)
[2026-09-14 13:17:06]    -> Trang 119/135 xong (7.4s, 2552 chars)
[2026-09-14 13:17:11]    -> Trang 120/135 xong (4.9s, 1238 chars)
[2026-09-14 13:17:16]    -> Trang 121/135 xong (4.9s, 1445 chars)
[2026-09-14 13:17:21]    -> Trang 122/135 xong (4.8s, 1348 chars)
[2026-09-14 13:17:27]    -> Trang 123/135 xong (5.6s, 1663 chars)
[2026-09-14 13:17:36]    -> Trang 124/135 xong (8.8s, 3213 chars)
[2026-09-14 13:17:42]    -> Trang 125/135 xong (5.9s, 1729 chars)
[2026-09-14 13:17:53]    -> Trang 126/135 xong (10.7s, 2305 chars)
[2026-09-14 13:18:02]    -> Trang 127/135 xong (8.6s, 1905 chars)
[2026-09-14 13:18:16]    -> Trang 128/135 xong (14.8s, 3836 chars)
[2026-09-14 13:18:31]    -> Trang 129/135 xong (15.0s, 3448 chars)
[2026-09-14 13:18:41]    -> Trang 130/135 xong (9.6s, 2078 chars)
[2026-09-14 13:18:56]    -> Trang 131/135 xong (14.8s, 3604 chars)
[2026-09-14 13:19:05]    -> Trang 132/135 xong (9.1s, 1766 chars)
[2026-09-14 13:19:20]    -> Trang 133/135 xong (14.7s, 3151 chars)
[2026-09-14 13:19:28]    -> Trang 134/135 xong (8.2s, 1836 chars)
[2026-09-14 13:19:38]    -> Trang 135/135 xong (9.5s, 1957 chars)
[2026-09-14 13:19:38] ✅ Hoàn tất cuốn: 11-sgk-tieng-anh-11-global-success (135/135 trang)
[2026-09-14 13:19:38] 
📖 [19/66] [GRADE-11 | Cốt lõi | TIN-HOC] 11-sgk-tin-hoc-11-dinh-huong-khoa-hoc-may-tinh
[2026-09-14 13:19:38]    Tiến độ: 0/151 trang (0.0%)
[2026-09-14 13:19:53]    -> Trang 001/151 xong (14.8s, 3336 chars)
[2026-09-14 13:19:58]    -> Trang 002/151 xong (4.7s, 625 chars)
[2026-09-14 13:20:02]    -> Trang 003/151 xong (3.9s, 362 chars)
[2026-09-14 13:20:07]    -> Trang 004/151 xong (4.9s, 1093 chars)
[2026-09-14 13:20:16]    -> Trang 005/151 xong (8.6s, 2649 chars)
[2026-09-14 13:20:24]    -> Trang 006/151 xong (8.3s, 1801 chars)
[2026-09-14 13:20:32]    -> Trang 007/151 xong (7.0s, 2060 chars)
[2026-09-14 13:20:42]    -> Trang 008/151 xong (10.6s, 3049 chars)
[2026-09-14 13:20:52]    -> Trang 009/151 xong (9.9s, 3097 chars)
[2026-09-14 13:20:59]    -> Trang 010/151 xong (6.9s, 1962 chars)
[2026-09-14 13:21:08]    -> Trang 011/151 xong (8.6s, 2593 chars)
[2026-09-14 13:21:15]    -> Trang 012/151 xong (6.5s, 1637 chars)
[2026-09-14 13:21:19]    -> Trang 013/151 xong (4.7s, 954 chars)
[2026-09-14 13:21:26]    -> Trang 014/151 xong (6.3s, 1611 chars)
[2026-09-14 13:21:35]    -> Trang 015/151 xong (8.4s, 2314 chars)
[2026-09-14 13:21:42]    -> Trang 016/151 xong (6.9s, 1773 chars)
[2026-09-14 13:21:47]    -> Trang 017/151 xong (5.6s, 1288 chars)
[2026-09-14 13:21:56]    -> Trang 018/151 xong (8.5s, 1959 chars)
[2026-09-14 13:22:04]    -> Trang 019/151 xong (8.3s, 2749 chars)
[2026-09-14 13:22:13]    -> Trang 020/151 xong (8.1s, 2505 chars)
[2026-09-14 13:22:20]    -> Trang 021/151 xong (6.9s, 1959 chars)
[2026-09-14 13:22:27]    -> Trang 022/151 xong (7.0s, 2082 chars)
[2026-09-14 13:22:33]    -> Trang 023/151 xong (6.5s, 1584 chars)
[2026-09-14 13:22:40]    -> Trang 024/151 xong (6.9s, 1885 chars)
[2026-09-14 13:22:50]    -> Trang 025/151 xong (9.7s, 2924 chars)
[2026-09-14 13:22:59]    -> Trang 026/151 xong (8.6s, 2432 chars)
[2026-09-14 13:23:13]    -> Trang 027/151 xong (14.3s, 4236 chars)
[2026-09-14 13:23:22]    -> Trang 028/151 xong (8.6s, 2212 chars)
[2026-09-14 13:23:31]    -> Trang 029/151 xong (8.4s, 2499 chars)
[2026-09-14 13:23:39]    -> Trang 030/151 xong (8.4s, 2352 chars)
[2026-09-14 13:23:46]    -> Trang 031/151 xong (6.8s, 1945 chars)
[2026-09-14 13:23:55]    -> Trang 032/151 xong (8.7s, 2683 chars)
[2026-09-14 13:24:02]    -> Trang 033/151 xong (7.1s, 2158 chars)
[2026-09-14 13:24:09]    -> Trang 034/151 xong (6.9s, 1909 chars)
[2026-09-14 13:24:20]    -> Trang 035/151 xong (10.5s, 3186 chars)
[2026-09-14 13:24:26]    -> Trang 036/151 xong (5.8s, 1332 chars)
[2026-09-14 13:24:32]    -> Trang 037/151 xong (5.6s, 1294 chars)
[2026-09-14 13:24:39]    -> Trang 038/151 xong (7.0s, 1832 chars)
[2026-09-14 13:24:44]    -> Trang 039/151 xong (5.4s, 1289 chars)
[2026-09-14 13:24:50]    -> Trang 040/151 xong (6.1s, 1614 chars)
[2026-09-14 13:24:58]    -> Trang 041/151 xong (7.5s, 2009 chars)
[2026-09-14 13:25:13]    -> Trang 042/151 xong (14.4s, 3230 chars)
[2026-09-14 13:25:19]    -> Trang 043/151 xong (6.0s, 1471 chars)
[2026-09-14 13:25:25]    -> Trang 044/151 xong (6.2s, 1612 chars)
[2026-09-14 13:25:39]    -> Trang 045/151 xong (14.2s, 4963 chars)
[2026-09-14 13:25:45]    -> Trang 046/151 xong (5.6s, 1398 chars)
[2026-09-14 13:25:51]    -> Trang 047/151 xong (6.1s, 1626 chars)
[2026-09-14 13:25:59]    -> Trang 048/151 xong (7.3s, 2040 chars)
[2026-09-14 13:26:07]    -> Trang 049/151 xong (7.9s, 2409 chars)
[2026-09-14 13:26:14]    -> Trang 050/151 xong (6.8s, 1891 chars)
[2026-09-14 13:26:22]    -> Trang 051/151 xong (8.0s, 2060 chars)
[2026-09-14 13:26:32]    -> Trang 052/151 xong (9.9s, 2234 chars)
[2026-09-14 13:26:39]    -> Trang 053/151 xong (7.4s, 2012 chars)
[2026-09-14 13:26:48]    -> Trang 054/151 xong (8.7s, 2796 chars)
[2026-09-14 13:26:56]    -> Trang 055/151 xong (7.6s, 1855 chars)
[2026-09-14 13:27:03]    -> Trang 056/151 xong (7.0s, 1769 chars)
[2026-09-14 13:27:11]    -> Trang 057/151 xong (7.7s, 2413 chars)
[2026-09-14 13:27:19]    -> Trang 058/151 xong (8.3s, 2596 chars)
[2026-09-14 13:27:27]    -> Trang 059/151 xong (8.0s, 2470 chars)
[2026-09-14 13:27:33]    -> Trang 060/151 xong (6.0s, 1504 chars)
[2026-09-14 13:27:42]    -> Trang 061/151 xong (7.9s, 2490 chars)
[2026-09-14 13:27:49]    -> Trang 062/151 xong (7.7s, 2316 chars)
[2026-09-14 13:27:55]    -> Trang 063/151 xong (5.1s, 1138 chars)
[2026-09-14 13:28:01]    -> Trang 064/151 xong (6.4s, 1743 chars)
[2026-09-14 13:28:10]    -> Trang 065/151 xong (8.5s, 2521 chars)
[2026-09-14 13:28:16]    -> Trang 066/151 xong (6.4s, 1346 chars)
[2026-09-14 13:28:24]    -> Trang 067/151 xong (7.5s, 2236 chars)
[2026-09-14 13:28:32]    -> Trang 068/151 xong (7.8s, 2391 chars)
[2026-09-14 13:28:38]    -> Trang 069/151 xong (6.5s, 1593 chars)
[2026-09-14 13:28:50]    -> Trang 070/151 xong (10.9s, 3164 chars)
[2026-09-14 13:28:57]    -> Trang 071/151 xong (7.6s, 2162 chars)
[2026-09-14 13:29:04]    -> Trang 072/151 xong (6.4s, 1595 chars)
[2026-09-14 13:29:13]    -> Trang 073/151 xong (8.9s, 2375 chars)
[2026-09-14 13:29:27]    -> Trang 074/151 xong (14.1s, 3816 chars)
[2026-09-14 13:29:33]    -> Trang 075/151 xong (6.2s, 1604 chars)
[2026-09-14 13:29:43]    -> Trang 076/151 xong (9.6s, 3389 chars)
[2026-09-14 13:29:50]    -> Trang 077/151 xong (6.7s, 1977 chars)
[2026-09-14 13:29:57]    -> Trang 078/151 xong (6.6s, 1939 chars)
[2026-09-14 13:30:04]    -> Trang 079/151 xong (7.3s, 2182 chars)
[2026-09-14 13:30:13]    -> Trang 080/151 xong (8.4s, 2650 chars)
[2026-09-14 13:30:23]    -> Trang 081/151 xong (10.0s, 3320 chars)
[2026-09-14 13:30:31]    -> Trang 082/151 xong (7.8s, 2424 chars)
[2026-09-14 13:30:38]    -> Trang 083/151 xong (7.5s, 2032 chars)
[2026-09-14 13:30:53]    -> Trang 084/151 xong (14.1s, 4522 chars)
[2026-09-14 13:31:00]    -> Trang 085/151 xong (7.7s, 1892 chars)
[2026-09-14 13:31:08]    -> Trang 086/151 xong (7.0s, 1702 chars)
[2026-09-14 13:31:14]    -> Trang 087/151 xong (6.5s, 1495 chars)
[2026-09-14 13:31:21]    -> Trang 088/151 xong (6.5s, 1719 chars)
[2026-09-14 13:31:27]    -> Trang 089/151 xong (6.1s, 1643 chars)
[2026-09-14 13:31:34]    -> Trang 090/151 xong (6.5s, 1780 chars)
[2026-09-14 13:31:41]    -> Trang 091/151 xong (7.2s, 1988 chars)
[2026-09-14 13:31:55]    -> Trang 092/151 xong (14.0s, 2753 chars)
[2026-09-14 13:32:03]    -> Trang 093/151 xong (7.8s, 2215 chars)
[2026-09-14 13:32:10]    -> Trang 094/151 xong (6.6s, 1332 chars)
[2026-09-14 13:32:17]    -> Trang 095/151 xong (7.2s, 1930 chars)
[2026-09-14 13:32:24]    -> Trang 096/151 xong (6.8s, 1766 chars)
[2026-09-14 13:32:31]    -> Trang 097/151 xong (6.7s, 1536 chars)
[2026-09-14 13:32:39]    -> Trang 098/151 xong (8.1s, 2250 chars)
[2026-09-14 13:32:44]    -> Trang 099/151 xong (5.3s, 1195 chars)
[2026-09-14 13:32:50]    -> Trang 100/151 xong (5.8s, 1390 chars)
[2026-09-14 13:32:59]    -> Trang 101/151 xong (8.3s, 1678 chars)
[2026-09-14 13:33:08]    -> Trang 102/151 xong (9.0s, 2216 chars)
[2026-09-14 13:33:23]    -> Trang 103/151 xong (15.2s, 3600 chars)
[2026-09-14 13:33:32]    -> Trang 104/151 xong (8.9s, 1836 chars)
[2026-09-14 13:33:39]    -> Trang 105/151 xong (6.9s, 1652 chars)
[2026-09-14 13:33:46]    -> Trang 106/151 xong (6.7s, 1564 chars)
[2026-09-14 13:33:54]    -> Trang 107/151 xong (7.8s, 2213 chars)
[2026-09-14 13:34:02]    -> Trang 108/151 xong (7.9s, 2356 chars)
[2026-09-14 13:34:10]    -> Trang 109/151 xong (8.0s, 1946 chars)
[2026-09-14 13:34:18]    -> Trang 110/151 xong (7.6s, 2125 chars)
[2026-09-14 13:34:28]    -> Trang 111/151 xong (9.5s, 2870 chars)
[2026-09-14 13:34:35]    -> Trang 112/151 xong (7.5s, 1706 chars)
[2026-09-14 13:34:44]    -> Trang 113/151 xong (8.5s, 2136 chars)
[2026-09-14 13:34:54]    -> Trang 114/151 xong (9.6s, 2598 chars)
[2026-09-14 13:35:05]    -> Trang 115/151 xong (11.8s, 2949 chars)
[2026-09-14 13:35:14]    -> Trang 116/151 xong (8.0s, 1721 chars)
[2026-09-14 13:35:21]    -> Trang 117/151 xong (7.4s, 1844 chars)
[2026-09-14 13:35:29]    -> Trang 118/151 xong (7.8s, 1661 chars)
[2026-09-14 13:35:34]    -> Trang 119/151 xong (5.4s, 1090 chars)
[2026-09-14 13:35:43]    -> Trang 120/151 xong (8.7s, 2203 chars)
[2026-09-14 13:35:53]    -> Trang 121/151 xong (9.7s, 2387 chars)
[2026-09-14 13:36:01]    -> Trang 122/151 xong (7.5s, 1943 chars)
[2026-09-14 13:36:09]    -> Trang 123/151 xong (8.5s, 2166 chars)
[2026-09-14 13:36:17]    -> Trang 124/151 xong (7.7s, 1956 chars)
[2026-09-14 13:36:25]    -> Trang 125/151 xong (8.1s, 1872 chars)
[2026-09-14 13:36:35]    -> Trang 126/151 xong (9.7s, 2328 chars)
[2026-09-14 13:36:43]    -> Trang 127/151 xong (7.9s, 1769 chars)
[2026-09-14 13:36:51]    -> Trang 128/151 xong (7.7s, 1855 chars)
[2026-09-14 13:36:59]    -> Trang 129/151 xong (8.1s, 1810 chars)
[2026-09-14 13:37:07]    -> Trang 130/151 xong (8.0s, 1849 chars)
[2026-09-14 13:37:14]    -> Trang 131/151 xong (6.8s, 1661 chars)
[2026-09-14 13:37:22]    -> Trang 132/151 xong (7.3s, 1734 chars)
[2026-09-14 13:37:30]    -> Trang 133/151 xong (8.8s, 2247 chars)
[2026-09-14 13:37:39]    -> Trang 134/151 xong (8.2s, 2201 chars)
[2026-09-14 13:37:54]    -> Trang 135/151 xong (15.4s, 3559 chars)
[2026-09-14 13:38:02]    -> Trang 136/151 xong (7.7s, 1805 chars)
[2026-09-14 13:38:07]    -> Trang 137/151 xong (5.3s, 946 chars)
[2026-09-14 13:38:16]    -> Trang 138/151 xong (8.3s, 1697 chars)
[2026-09-14 13:38:21]    -> Trang 139/151 xong (5.0s, 896 chars)
[2026-09-14 13:38:29]    -> Trang 140/151 xong (7.8s, 1790 chars)
[2026-09-14 13:38:38]    -> Trang 141/151 xong (9.1s, 1978 chars)
[2026-09-14 13:38:49]    -> Trang 142/151 xong (11.0s, 3061 chars)
[2026-09-14 13:38:55]    -> Trang 143/151 xong (5.5s, 1168 chars)
[2026-09-14 13:39:03]    -> Trang 144/151 xong (8.0s, 1839 chars)
[2026-09-14 13:39:11]    -> Trang 145/151 xong (7.7s, 1725 chars)
[2026-09-14 13:39:21]    -> Trang 146/151 xong (9.6s, 2177 chars)
[2026-09-14 13:39:38]    -> Trang 147/151 xong (17.2s, 5730 chars)
[2026-09-14 13:39:45]    -> Trang 148/151 xong (7.0s, 1601 chars)
[2026-09-14 13:39:59]    -> Trang 149/151 xong (14.2s, 3874 chars)
[2026-09-14 13:40:08]    -> Trang 150/151 xong (9.1s, 1530 chars)
[2026-09-14 13:40:24]    -> Trang 151/151 xong (15.4s, 4242 chars)
[2026-09-14 13:40:24] ✅ Hoàn tất cuốn: 11-sgk-tin-hoc-11-dinh-huong-khoa-hoc-may-tinh (151/151 trang)
[2026-09-14 13:40:24] 
📖 [20/66] [GRADE-11 | Cốt lõi | TIN-HOC] 11-sgk-tin-hoc-11-dinh-huong-tin-hoc-ung-dung
[2026-09-14 13:40:24]    Tiến độ: 0/154 trang (0.0%)
[2026-09-14 13:40:41]    -> Trang 001/154 xong (16.6s, 4485 chars)
[2026-09-14 13:40:45]    -> Trang 002/154 xong (4.2s, 298 chars)
[2026-09-14 13:40:50]    -> Trang 003/154 xong (5.0s, 1103 chars)
[2026-09-14 13:40:59]    -> Trang 004/154 xong (8.4s, 2511 chars)
[2026-09-14 13:41:08]    -> Trang 005/154 xong (8.8s, 1829 chars)
[2026-09-14 13:41:15]    -> Trang 006/154 xong (6.8s, 1951 chars)
[2026-09-14 13:41:30]    -> Trang 007/154 xong (14.6s, 4361 chars)
[2026-09-14 13:41:40]    -> Trang 008/154 xong (10.2s, 3150 chars)
[2026-09-14 13:41:47]    -> Trang 009/154 xong (7.3s, 2112 chars)
[2026-09-14 13:41:57]    -> Trang 010/154 xong (9.2s, 2593 chars)
[2026-09-14 13:42:03]    -> Trang 011/154 xong (6.5s, 1630 chars)
[2026-09-14 13:42:08]    -> Trang 012/154 xong (4.8s, 943 chars)
[2026-09-14 13:42:19]    -> Trang 013/154 xong (10.7s, 3176 chars)
[2026-09-14 13:42:28]    -> Trang 014/154 xong (8.5s, 2300 chars)
[2026-09-14 13:42:35]    -> Trang 015/154 xong (6.9s, 1773 chars)
[2026-09-14 13:42:41]    -> Trang 016/154 xong (6.0s, 1288 chars)
[2026-09-14 13:42:48]    -> Trang 017/154 xong (7.4s, 1957 chars)
[2026-09-14 13:42:58]    -> Trang 018/154 xong (9.1s, 2913 chars)
[2026-09-14 13:43:07]    -> Trang 019/154 xong (9.6s, 2555 chars)
[2026-09-14 13:43:16]    -> Trang 020/154 xong (8.6s, 1793 chars)
[2026-09-14 13:43:23]    -> Trang 021/154 xong (7.2s, 2082 chars)
[2026-09-14 13:43:30]    -> Trang 022/154 xong (6.5s, 1547 chars)
[2026-09-14 13:43:38]    -> Trang 023/154 xong (8.0s, 1885 chars)
[2026-09-14 13:43:48]    -> Trang 024/154 xong (9.6s, 2817 chars)
[2026-09-14 13:43:58]    -> Trang 025/154 xong (9.7s, 2450 chars)
[2026-09-14 13:44:14]    -> Trang 026/154 xong (15.8s, 4027 chars)
[2026-09-14 13:44:23]    -> Trang 027/154 xong (9.7s, 2187 chars)
[2026-09-14 13:44:33]    -> Trang 028/154 xong (9.1s, 2192 chars)
[2026-09-14 13:44:48]    -> Trang 029/154 xong (15.5s, 4544 chars)
[2026-09-14 13:44:56]    -> Trang 030/154 xong (7.2s, 1967 chars)
[2026-09-14 13:45:06]    -> Trang 031/154 xong (10.1s, 2703 chars)
[2026-09-14 13:45:14]    -> Trang 032/154 xong (7.8s, 2149 chars)
[2026-09-14 13:45:23]    -> Trang 033/154 xong (8.6s, 1897 chars)
[2026-09-14 13:45:34]    -> Trang 034/154 xong (11.7s, 3245 chars)
[2026-09-14 13:45:41]    -> Trang 035/154 xong (6.6s, 1343 chars)
[2026-09-14 13:45:48]    -> Trang 036/154 xong (6.4s, 1246 chars)
[2026-09-14 13:45:56]    -> Trang 037/154 xong (8.0s, 1774 chars)
[2026-09-14 13:46:02]    -> Trang 038/154 xong (6.4s, 1419 chars)
[2026-09-14 13:46:10]    -> Trang 039/154 xong (7.3s, 1712 chars)
[2026-09-14 13:46:19]    -> Trang 040/154 xong (9.0s, 2009 chars)
[2026-09-14 13:46:26]    -> Trang 041/154 xong (6.9s, 1406 chars)
[2026-09-14 13:46:33]    -> Trang 042/154 xong (6.9s, 1478 chars)
[2026-09-14 13:46:40]    -> Trang 043/154 xong (6.8s, 1607 chars)
[2026-09-14 13:46:56]    -> Trang 044/154 xong (16.4s, 5053 chars)
[2026-09-14 13:47:03]    -> Trang 045/154 xong (6.5s, 1398 chars)
[2026-09-14 13:47:10]    -> Trang 046/154 xong (7.3s, 1715 chars)
[2026-09-14 13:47:19]    -> Trang 047/154 xong (8.3s, 2039 chars)
[2026-09-14 13:47:28]    -> Trang 048/154 xong (9.3s, 2412 chars)
[2026-09-14 13:47:37]    -> Trang 049/154 xong (9.1s, 2184 chars)
[2026-09-14 13:47:46]    -> Trang 050/154 xong (8.9s, 1900 chars)
[2026-09-14 13:47:58]    -> Trang 051/154 xong (11.8s, 2229 chars)
[2026-09-14 13:48:07]    -> Trang 052/154 xong (8.5s, 2267 chars)
[2026-09-14 13:48:17]    -> Trang 053/154 xong (9.8s, 2707 chars)
[2026-09-14 13:48:26]    -> Trang 054/154 xong (9.1s, 2159 chars)
[2026-09-14 13:48:33]    -> Trang 055/154 xong (7.4s, 1702 chars)
[2026-09-14 13:48:42]    -> Trang 056/154 xong (8.9s, 2477 chars)
[2026-09-14 13:48:52]    -> Trang 057/154 xong (9.3s, 2622 chars)
[2026-09-14 13:49:01]    -> Trang 058/154 xong (9.2s, 2465 chars)
[2026-09-14 13:49:07]    -> Trang 059/154 xong (6.1s, 1343 chars)
[2026-09-14 13:49:17]    -> Trang 060/154 xong (9.7s, 2532 chars)
[2026-09-14 13:49:27]    -> Trang 061/154 xong (9.5s, 2430 chars)
[2026-09-14 13:49:43]    -> Trang 062/154 xong (16.0s, 3759 chars)
[2026-09-14 13:49:50]    -> Trang 063/154 xong (6.7s, 1743 chars)
[2026-09-14 13:49:59]    -> Trang 064/154 xong (8.8s, 2521 chars)
[2026-09-14 13:50:07]    -> Trang 065/154 xong (8.3s, 1740 chars)
[2026-09-14 13:50:15]    -> Trang 066/154 xong (8.1s, 2290 chars)
[2026-09-14 13:50:23]    -> Trang 067/154 xong (7.8s, 2252 chars)
[2026-09-14 13:50:30]    -> Trang 068/154 xong (6.8s, 1588 chars)
[2026-09-14 13:50:40]    -> Trang 069/154 xong (10.1s, 2865 chars)
[2026-09-14 13:50:48]    -> Trang 070/154 xong (7.7s, 2050 chars)
[2026-09-14 13:50:55]    -> Trang 071/154 xong (6.7s, 1594 chars)
[2026-09-14 13:51:05]    -> Trang 072/154 xong (9.4s, 2371 chars)
[2026-09-14 13:51:17]    -> Trang 073/154 xong (12.7s, 3043 chars)
[2026-09-14 13:51:24]    -> Trang 074/154 xong (6.5s, 1604 chars)
[2026-09-14 13:51:35]    -> Trang 075/154 xong (11.2s, 3584 chars)
[2026-09-14 13:51:43]    -> Trang 076/154 xong (7.2s, 1977 chars)
[2026-09-14 13:51:50]    -> Trang 077/154 xong (7.3s, 2024 chars)
[2026-09-14 13:51:57]    -> Trang 078/154 xong (7.0s, 1756 chars)
[2026-09-14 13:52:07]    -> Trang 079/154 xong (9.2s, 2594 chars)
[2026-09-14 13:52:18]    -> Trang 080/154 xong (11.4s, 3397 chars)
[2026-09-14 13:52:27]    -> Trang 081/154 xong (9.0s, 2424 chars)
[2026-09-14 13:52:36]    -> Trang 082/154 xong (8.4s, 2311 chars)
[2026-09-14 13:52:44]    -> Trang 083/154 xong (8.0s, 1876 chars)
[2026-09-14 13:52:54]    -> Trang 084/154 xong (10.2s, 2734 chars)
[2026-09-14 13:53:01]    -> Trang 085/154 xong (6.5s, 1676 chars)
[2026-09-14 13:53:13]    -> Trang 086/154 xong (11.8s, 3503 chars)
[2026-09-14 13:53:19]    -> Trang 087/154 xong (6.2s, 1291 chars)
[2026-09-14 13:53:29]    -> Trang 088/154 xong (9.8s, 2462 chars)
[2026-09-14 13:53:37]    -> Trang 089/154 xong (8.1s, 1885 chars)
[2026-09-14 13:53:46]    -> Trang 090/154 xong (9.3s, 2192 chars)
[2026-09-14 13:53:54]    -> Trang 091/154 xong (7.6s, 1891 chars)
[2026-09-14 13:54:01]    -> Trang 092/154 xong (6.8s, 1567 chars)
[2026-09-14 13:54:06]    -> Trang 093/154 xong (5.0s, 997 chars)
[2026-09-14 13:54:10]    -> Trang 094/154 xong (3.6s, 504 chars)
[2026-09-14 13:54:15]    -> Trang 095/154 xong (5.0s, 916 chars)
[2026-09-14 13:54:20]    -> Trang 096/154 xong (5.0s, 820 chars)
[2026-09-14 13:54:26]    -> Trang 097/154 xong (6.3s, 1395 chars)
[2026-09-14 13:54:31]    -> Trang 098/154 xong (4.4s, 781 chars)
[2026-09-14 13:54:35]    -> Trang 099/154 xong (3.9s, 657 chars)
[2026-09-14 13:54:39]    -> Trang 100/154 xong (3.7s, 518 chars)
[2026-09-14 13:54:45]    -> Trang 101/154 xong (5.8s, 1208 chars)
[2026-09-14 13:54:50]    -> Trang 102/154 xong (5.1s, 985 chars)
[2026-09-14 13:54:56]    -> Trang 103/154 xong (5.6s, 1272 chars)
[2026-09-14 13:55:02]    -> Trang 104/154 xong (6.5s, 1413 chars)
[2026-09-14 13:55:08]    -> Trang 105/154 xong (6.1s, 1325 chars)
[2026-09-14 13:55:14]    -> Trang 106/154 xong (6.0s, 1305 chars)
[2026-09-14 13:55:21]    -> Trang 107/154 xong (6.1s, 1307 chars)
[2026-09-14 13:55:28]    -> Trang 108/154 xong (6.9s, 1764 chars)
[2026-09-14 13:55:35]    -> Trang 109/154 xong (6.8s, 1753 chars)
[2026-09-14 13:55:42]    -> Trang 110/154 xong (7.1s, 1581 chars)
[2026-09-14 13:55:48]    -> Trang 111/154 xong (5.9s, 1280 chars)
[2026-09-14 13:55:54]    -> Trang 112/154 xong (5.8s, 1247 chars)
[2026-09-14 13:56:03]    -> Trang 113/154 xong (9.0s, 2451 chars)
[2026-09-14 13:56:10]    -> Trang 114/154 xong (6.5s, 1595 chars)
[2026-09-14 13:56:15]    -> Trang 115/154 xong (5.1s, 1047 chars)
[2026-09-14 13:56:21]    -> Trang 116/154 xong (6.5s, 1414 chars)
[2026-09-14 13:56:29]    -> Trang 117/154 xong (7.1s, 1681 chars)
[2026-09-14 13:56:38]    -> Trang 118/154 xong (9.3s, 2733 chars)
[2026-09-14 13:56:45]    -> Trang 119/154 xong (6.8s, 1668 chars)
[2026-09-14 13:56:53]    -> Trang 120/154 xong (7.5s, 1713 chars)
[2026-09-14 13:57:01]    -> Trang 121/154 xong (7.8s, 1770 chars)
[2026-09-14 13:57:06]    -> Trang 122/154 xong (5.7s, 1173 chars)
[2026-09-14 13:57:14]    -> Trang 123/154 xong (7.0s, 1761 chars)
[2026-09-14 13:57:20]    -> Trang 124/154 xong (6.4s, 1592 chars)
[2026-09-14 13:57:28]    -> Trang 125/154 xong (7.8s, 2102 chars)
[2026-09-14 13:57:33]    -> Trang 126/154 xong (5.2s, 1037 chars)
[2026-09-14 13:57:40]    -> Trang 127/154 xong (6.9s, 1784 chars)
[2026-09-14 13:57:48]    -> Trang 128/154 xong (7.4s, 1764 chars)
[2026-09-14 13:57:55]    -> Trang 129/154 xong (6.9s, 1697 chars)
[2026-09-14 13:58:03]    -> Trang 130/154 xong (7.9s, 2213 chars)
[2026-09-14 13:58:11]    -> Trang 131/154 xong (8.4s, 2245 chars)
[2026-09-14 13:58:17]    -> Trang 132/154 xong (5.6s, 1231 chars)
[2026-09-14 13:58:26]    -> Trang 133/154 xong (8.8s, 2300 chars)
[2026-09-14 13:58:33]    -> Trang 134/154 xong (7.2s, 1817 chars)
[2026-09-14 13:58:42]    -> Trang 135/154 xong (8.3s, 2353 chars)
[2026-09-14 13:58:50]    -> Trang 136/154 xong (8.4s, 2101 chars)
[2026-09-14 13:58:58]    -> Trang 137/154 xong (7.6s, 1808 chars)
[2026-09-14 13:59:06]    -> Trang 138/154 xong (7.9s, 2234 chars)
[2026-09-14 13:59:12]    -> Trang 139/154 xong (6.3s, 1533 chars)
[2026-09-14 13:59:20]    -> Trang 140/154 xong (7.7s, 2025 chars)
[2026-09-14 13:59:26]    -> Trang 141/154 xong (5.2s, 1119 chars)
[2026-09-14 13:59:31]    -> Trang 142/154 xong (5.4s, 1143 chars)
[2026-09-14 13:59:37]    -> Trang 143/154 xong (5.9s, 1305 chars)
[2026-09-14 13:59:46]    -> Trang 144/154 xong (8.3s, 2327 chars)
[2026-09-14 13:59:54]    -> Trang 145/154 xong (8.2s, 2115 chars)
[2026-09-14 14:00:00]    -> Trang 146/154 xong (6.2s, 1483 chars)
[2026-09-14 14:00:07]    -> Trang 147/154 xong (7.0s, 1641 chars)
[2026-09-14 14:00:14]    -> Trang 148/154 xong (6.5s, 1682 chars)
[2026-09-14 14:00:21]    -> Trang 149/154 xong (7.4s, 1725 chars)
[2026-09-14 14:00:28]    -> Trang 150/154 xong (6.9s, 1732 chars)
[2026-09-14 14:00:36]    -> Trang 151/154 xong (7.4s, 1936 chars)
[2026-09-14 14:00:43]    -> Trang 152/154 xong (6.7s, 1755 chars)
[2026-09-14 14:00:50]    -> Trang 153/154 xong (7.4s, 1596 chars)
[2026-09-14 14:01:05]    -> Trang 154/154 xong (14.7s, 3915 chars)
[2026-09-14 14:01:05] ✅ Hoàn tất cuốn: 11-sgk-tin-hoc-11-dinh-huong-tin-hoc-ung-dung (154/154 trang)
[2026-09-14 14:01:06] 
📖 [21/66] [GRADE-11 | Cốt lõi | TOAN] 11-sgk-toan-11-tap-hai
[2026-09-14 14:01:06]    Tiến độ: 114/114 trang (100.0%)
[2026-09-14 14:01:06]    ⏩ Đã hoàn thành 100% từ trước. Tiếp tục cuốn tiếp theo...
[2026-09-14 14:01:06] 
📖 [22/66] [GRADE-11 | Cốt lõi | TOAN] 11-sgk-toan-11-tap-mot
[2026-09-14 14:01:06]    Tiến độ: 134/134 trang (100.0%)
[2026-09-14 14:01:06]    ⏩ Đã hoàn thành 100% từ trước. Tiếp tục cuốn tiếp theo...
[2026-09-14 14:01:06] 
📖 [23/66] [GRADE-11 | Cốt lõi | VAT-LI] 11-sgk-vat-li-11
[2026-09-14 14:01:06]    Tiến độ: 118/118 trang (100.0%)
[2026-09-14 14:01:06]    ⏩ Đã hoàn thành 100% từ trước. Tiếp tục cuốn tiếp theo...
[2026-09-14 14:01:07] 
📖 [24/66] [GRADE-06 | Kỹ năng/Nghệ thuật | AM-NHAC] 06-sgk-am-nhac-6
[2026-09-14 14:01:07]    Tiến độ: 0/70 trang (0.0%)
[2026-09-14 14:01:10]    -> Trang 001/70 xong (3.0s, 130 chars)
[2026-09-14 14:01:14]    -> Trang 002/70 xong (3.4s, 298 chars)
[2026-09-14 14:01:19]    -> Trang 003/70 xong (5.0s, 1080 chars)
[2026-09-14 14:01:24]    -> Trang 004/70 xong (5.1s, 1134 chars)
[2026-09-14 14:01:35]    -> Trang 005/70 xong (11.4s, 2542 chars)
[2026-09-14 14:01:40]    -> Trang 006/70 xong (4.1s, 674 chars)
[2026-09-14 14:01:44]    -> Trang 007/70 xong (4.5s, 828 chars)
[2026-09-14 14:01:59]    -> Trang 008/70 xong (14.6s, 3449 chars)
[2026-09-14 14:02:03]    -> Trang 009/70 xong (4.5s, 756 chars)
[2026-09-14 14:02:09]    -> Trang 010/70 xong (5.5s, 1259 chars)
[2026-09-14 14:02:14]    -> Trang 011/70 xong (4.7s, 979 chars)
[2026-09-14 14:02:29]    -> Trang 012/70 xong (14.8s, 2153 chars)
[2026-09-14 14:02:33]    -> Trang 013/70 xong (4.6s, 921 chars)
[2026-09-14 14:02:37]    -> Trang 014/70 xong (3.7s, 439 chars)
[2026-09-14 14:02:42]    -> Trang 015/70 xong (4.4s, 784 chars)
[2026-09-14 14:02:57]    -> Trang 016/70 xong (14.8s, 2964 chars)
[2026-09-14 14:03:12]    -> Trang 017/70 xong (14.9s, 2781 chars)
[2026-09-14 14:03:17]    -> Trang 018/70 xong (5.2s, 896 chars)
[2026-09-14 14:03:23]    -> Trang 019/70 xong (6.0s, 1287 chars)
[2026-09-14 14:03:28]    -> Trang 020/70 xong (4.6s, 717 chars)
[2026-09-14 14:03:33]    -> Trang 021/70 xong (5.0s, 1032 chars)
[2026-09-14 14:03:37]    -> Trang 022/70 xong (4.1s, 627 chars)
[2026-09-14 14:03:43]    -> Trang 023/70 xong (5.7s, 1105 chars)
[2026-09-14 14:03:47]    -> Trang 024/70 xong (4.5s, 725 chars)
[2026-09-14 14:04:02]    -> Trang 025/70 xong (14.6s, 3104 chars)
[2026-09-14 14:04:08]    -> Trang 026/70 xong (5.3s, 994 chars)
[2026-09-14 14:04:22]    -> Trang 027/70 xong (14.7s, 3103 chars)
[2026-09-14 14:04:27]    -> Trang 028/70 xong (4.8s, 828 chars)
[2026-09-14 14:04:32]    -> Trang 029/70 xong (4.3s, 705 chars)
[2026-09-14 14:04:36]    -> Trang 030/70 xong (3.9s, 599 chars)
[2026-09-14 14:04:40]    -> Trang 031/70 xong (4.2s, 629 chars)
[2026-09-14 14:04:44]    -> Trang 032/70 xong (4.4s, 741 chars)
[2026-09-14 14:04:59]    -> Trang 033/70 xong (14.6s, 4073 chars)
[2026-09-14 14:05:06]    -> Trang 034/70 xong (6.9s, 1779 chars)
[2026-09-14 14:05:10]    -> Trang 035/70 xong (4.0s, 649 chars)
[2026-09-14 14:05:14]    -> Trang 036/70 xong (3.3s, 476 chars)
[2026-09-14 14:05:18]    -> Trang 037/70 xong (4.1s, 650 chars)
[2026-09-14 14:05:22]    -> Trang 038/70 xong (4.1s, 632 chars)
[2026-09-14 14:05:26]    -> Trang 039/70 xong (4.0s, 623 chars)
[2026-09-14 14:05:31]    -> Trang 040/70 xong (4.4s, 710 chars)
[2026-09-14 14:05:46]    -> Trang 041/70 xong (14.7s, 3156 chars)
[2026-09-14 14:06:01]    -> Trang 042/70 xong (14.8s, 3999 chars)
[2026-09-14 14:06:06]    -> Trang 043/70 xong (5.0s, 971 chars)
[2026-09-14 14:06:11]    -> Trang 044/70 xong (5.0s, 928 chars)
[2026-09-14 14:06:26]    -> Trang 045/70 xong (14.8s, 3410 chars)
[2026-09-14 14:06:30]    -> Trang 046/70 xong (4.4s, 733 chars)
[2026-09-14 14:06:35]    -> Trang 047/70 xong (5.0s, 956 chars)
[2026-09-14 14:06:40]    -> Trang 048/70 xong (4.8s, 913 chars)
[2026-09-14 14:06:45]    -> Trang 049/70 xong (4.5s, 877 chars)
[2026-09-14 14:06:50]    -> Trang 050/70 xong (5.4s, 1152 chars)
[2026-09-14 14:07:05]    -> Trang 051/70 xong (14.6s, 3970 chars)
[2026-09-14 14:07:09]    -> Trang 052/70 xong (4.2s, 677 chars)
[2026-09-14 14:07:24]    -> Trang 053/70 xong (14.8s, 4048 chars)
[2026-09-14 14:07:29]    -> Trang 054/70 xong (4.1s, 652 chars)
[2026-09-14 14:07:43]    -> Trang 055/70 xong (14.7s, 4625 chars)
[2026-09-14 14:07:50]    -> Trang 056/70 xong (6.5s, 1164 chars)
[2026-09-14 14:07:55]    -> Trang 057/70 xong (5.3s, 1094 chars)
[2026-09-14 14:08:10]    -> Trang 058/70 xong (14.7s, 2477 chars)
[2026-09-14 14:08:25]    -> Trang 059/70 xong (14.9s, 2490 chars)
[2026-09-14 14:08:29]    -> Trang 060/70 xong (3.7s, 520 chars)
[2026-09-14 14:08:35]    -> Trang 061/70 xong (5.6s, 1162 chars)
[2026-09-14 14:08:40]    -> Trang 062/70 xong (5.5s, 1012 chars)
[2026-09-14 14:08:55]    -> Trang 063/70 xong (14.8s, 3770 chars)
[2026-09-14 14:09:04]    -> Trang 064/70 xong (8.9s, 2577 chars)
[2026-09-14 14:09:19]    -> Trang 065/70 xong (14.8s, 3982 chars)
[2026-09-14 14:09:25]    -> Trang 066/70 xong (6.1s, 1352 chars)
[2026-09-14 14:09:30]    -> Trang 067/70 xong (4.3s, 677 chars)
[2026-09-14 14:09:36]    -> Trang 068/70 xong (5.7s, 1190 chars)
[2026-09-14 14:09:43]    -> Trang 069/70 xong (6.9s, 1424 chars)
[2026-09-14 14:09:48]    -> Trang 070/70 xong (5.0s, 782 chars)
[2026-09-14 14:09:48] ✅ Hoàn tất cuốn: 06-sgk-am-nhac-6 (70/70 trang)
[2026-09-14 14:09:48] 
📖 [25/66] [GRADE-06 | Kỹ năng/Nghệ thuật | CONG-NGHE] 06-sgk-cong-nghe-6
[2026-09-14 14:09:48]    Tiến độ: 0/78 trang (0.0%)
[2026-09-14 14:09:57]    -> Trang 001/78 xong (9.1s, 1535 chars)
[2026-09-14 14:10:01]    -> Trang 002/78 xong (3.3s, 271 chars)
[2026-09-14 14:10:10]    -> Trang 003/78 xong (9.5s, 2734 chars)
[2026-09-14 14:10:19]    -> Trang 004/78 xong (8.9s, 2228 chars)
[2026-09-14 14:10:27]    -> Trang 005/78 xong (7.7s, 2048 chars)
[2026-09-14 14:10:35]    -> Trang 006/78 xong (7.3s, 2199 chars)
[2026-09-14 14:10:41]    -> Trang 007/78 xong (6.7s, 1293 chars)
[2026-09-14 14:10:44]    -> Trang 008/78 xong (3.1s, 298 chars)
[2026-09-14 14:10:48]    -> Trang 009/78 xong (3.8s, 519 chars)
[2026-09-14 14:10:53]    -> Trang 010/78 xong (4.6s, 928 chars)
[2026-09-14 14:10:58]    -> Trang 011/78 xong (5.3s, 1218 chars)
[2026-09-14 14:11:05]    -> Trang 012/78 xong (6.3s, 1517 chars)
[2026-09-14 14:11:11]    -> Trang 013/78 xong (5.6s, 1407 chars)
[2026-09-14 14:11:16]    -> Trang 014/78 xong (4.9s, 993 chars)
[2026-09-14 14:11:22]    -> Trang 015/78 xong (6.3s, 1621 chars)
[2026-09-14 14:11:28]    -> Trang 016/78 xong (5.7s, 1458 chars)
[2026-09-14 14:11:33]    -> Trang 017/78 xong (5.6s, 1381 chars)
[2026-09-14 14:11:39]    -> Trang 018/78 xong (5.7s, 1571 chars)
[2026-09-14 14:11:47]    -> Trang 019/78 xong (7.1s, 2170 chars)
[2026-09-14 14:11:50]    -> Trang 020/78 xong (3.5s, 513 chars)
[2026-09-14 14:11:55]    -> Trang 021/78 xong (4.7s, 921 chars)
[2026-09-14 14:11:58]    -> Trang 022/78 xong (3.1s, 303 chars)
[2026-09-14 14:12:03]    -> Trang 023/78 xong (4.3s, 780 chars)
[2026-09-14 14:12:10]    -> Trang 024/78 xong (7.0s, 1544 chars)
[2026-09-14 14:12:18]    -> Trang 025/78 xong (8.4s, 2078 chars)
[2026-09-14 14:12:26]    -> Trang 026/78 xong (7.5s, 1795 chars)
[2026-09-14 14:12:32]    -> Trang 027/78 xong (6.0s, 1528 chars)
[2026-09-14 14:12:37]    -> Trang 028/78 xong (5.3s, 1190 chars)
[2026-09-14 14:12:43]    -> Trang 029/78 xong (5.3s, 1171 chars)
[2026-09-14 14:12:48]    -> Trang 030/78 xong (5.6s, 1266 chars)
[2026-09-14 14:12:54]    -> Trang 031/78 xong (5.2s, 1119 chars)
[2026-09-14 14:13:01]    -> Trang 032/78 xong (7.4s, 1625 chars)
[2026-09-14 14:13:09]    -> Trang 033/78 xong (7.6s, 1528 chars)
[2026-09-14 14:13:14]    -> Trang 034/78 xong (5.3s, 1239 chars)
[2026-09-14 14:13:22]    -> Trang 035/78 xong (7.4s, 1759 chars)
[2026-09-14 14:13:28]    -> Trang 036/78 xong (6.2s, 1042 chars)
[2026-09-14 14:13:36]    -> Trang 037/78 xong (7.8s, 1278 chars)
[2026-09-14 14:13:40]    -> Trang 038/78 xong (4.2s, 610 chars)
[2026-09-14 14:13:46]    -> Trang 039/78 xong (5.7s, 1222 chars)
[2026-09-14 14:13:49]    -> Trang 040/78 xong (3.0s, 359 chars)
[2026-09-14 14:13:55]    -> Trang 041/78 xong (5.8s, 1428 chars)
[2026-09-14 14:14:00]    -> Trang 042/78 xong (4.7s, 898 chars)
[2026-09-14 14:14:05]    -> Trang 043/78 xong (5.2s, 1072 chars)
[2026-09-14 14:14:15]    -> Trang 044/78 xong (9.6s, 2575 chars)
[2026-09-14 14:14:22]    -> Trang 045/78 xong (6.7s, 1682 chars)
[2026-09-14 14:14:28]    -> Trang 046/78 xong (6.7s, 1634 chars)
[2026-09-14 14:14:33]    -> Trang 047/78 xong (4.1s, 672 chars)
[2026-09-14 14:14:37]    -> Trang 048/78 xong (4.3s, 803 chars)
[2026-09-14 14:14:43]    -> Trang 049/78 xong (5.9s, 1340 chars)
[2026-09-14 14:14:49]    -> Trang 050/78 xong (6.3s, 1406 chars)
[2026-09-14 14:14:58]    -> Trang 051/78 xong (8.5s, 2159 chars)
[2026-09-14 14:15:04]    -> Trang 052/78 xong (5.6s, 1348 chars)
[2026-09-14 14:15:11]    -> Trang 053/78 xong (6.7s, 1803 chars)
[2026-09-14 14:15:16]    -> Trang 054/78 xong (5.5s, 1223 chars)
[2026-09-14 14:15:31]    -> Trang 055/78 xong (14.8s, 4166 chars)
[2026-09-14 14:15:35]    -> Trang 056/78 xong (4.2s, 743 chars)
[2026-09-14 14:15:41]    -> Trang 057/78 xong (6.0s, 1457 chars)
[2026-09-14 14:15:48]    -> Trang 058/78 xong (6.3s, 1611 chars)
[2026-09-14 14:15:57]    -> Trang 059/78 xong (8.8s, 2498 chars)
[2026-09-14 14:16:01]    -> Trang 060/78 xong (3.9s, 660 chars)
[2026-09-14 14:16:06]    -> Trang 061/78 xong (5.0s, 944 chars)
[2026-09-14 14:16:12]    -> Trang 062/78 xong (6.3s, 1186 chars)
[2026-09-14 14:16:19]    -> Trang 063/78 xong (7.0s, 1504 chars)
[2026-09-14 14:16:25]    -> Trang 064/78 xong (5.7s, 1295 chars)
[2026-09-14 14:16:32]    -> Trang 065/78 xong (6.6s, 1616 chars)
[2026-09-14 14:16:36]    -> Trang 066/78 xong (4.0s, 567 chars)
[2026-09-14 14:16:44]    -> Trang 067/78 xong (7.9s, 1680 chars)
[2026-09-14 14:16:49]    -> Trang 068/78 xong (5.5s, 1192 chars)
[2026-09-14 14:16:54]    -> Trang 069/78 xong (4.5s, 858 chars)
[2026-09-14 14:17:04]    -> Trang 070/78 xong (9.8s, 2770 chars)
[2026-09-14 14:17:08]    -> Trang 071/78 xong (4.3s, 748 chars)
[2026-09-14 14:17:13]    -> Trang 072/78 xong (5.1s, 1018 chars)
[2026-09-14 14:17:19]    -> Trang 073/78 xong (5.3s, 1280 chars)
[2026-09-14 14:17:26]    -> Trang 074/78 xong (6.9s, 1944 chars)
[2026-09-14 14:17:32]    -> Trang 075/78 xong (6.2s, 1444 chars)
[2026-09-14 14:17:36]    -> Trang 076/78 xong (4.2s, 429 chars)
[2026-09-14 14:17:44]    -> Trang 077/78 xong (7.2s, 1529 chars)
[2026-09-14 14:17:49]    -> Trang 078/78 xong (4.9s, 686 chars)
[2026-09-14 14:17:49] ✅ Hoàn tất cuốn: 06-sgk-cong-nghe-6 (78/78 trang)
[2026-09-14 14:17:49] 
📖 [26/66] [GRADE-06 | Kỹ năng/Nghệ thuật | GIAO-DUC-THE-CHAT] 06-sgk-giao-duc-the-chat-6
[2026-09-14 14:17:49]    Tiến độ: 0/114 trang (0.0%)
[2026-09-14 14:18:04]    -> Trang 001/114 xong (14.8s, 4188 chars)
[2026-09-14 14:18:19]    -> Trang 002/114 xong (14.8s, 3547 chars)
[2026-09-14 14:18:23]    -> Trang 003/114 xong (4.0s, 573 chars)
[2026-09-14 14:18:28]    -> Trang 004/114 xong (5.1s, 1140 chars)
[2026-09-14 14:18:43]    -> Trang 005/114 xong (14.7s, 4736 chars)
[2026-09-14 14:18:48]    -> Trang 006/114 xong (4.7s, 1015 chars)
[2026-09-14 14:18:54]    -> Trang 007/114 xong (6.5s, 1600 chars)
[2026-09-14 14:18:58]    -> Trang 008/114 xong (3.5s, 513 chars)
[2026-09-14 14:19:02]    -> Trang 009/114 xong (3.6s, 469 chars)
[2026-09-14 14:19:06]    -> Trang 010/114 xong (4.8s, 830 chars)
[2026-09-14 14:19:12]    -> Trang 011/114 xong (5.4s, 1165 chars)
[2026-09-14 14:19:17]    -> Trang 012/114 xong (5.2s, 1150 chars)
[2026-09-14 14:19:22]    -> Trang 013/114 xong (4.7s, 1002 chars)
[2026-09-14 14:19:28]    -> Trang 014/114 xong (5.4s, 1216 chars)
[2026-09-14 14:19:35]    -> Trang 015/114 xong (7.2s, 1887 chars)
[2026-09-14 14:19:40]    -> Trang 016/114 xong (5.0s, 1095 chars)
[2026-09-14 14:19:45]    -> Trang 017/114 xong (4.7s, 920 chars)
[2026-09-14 14:19:50]    -> Trang 018/114 xong (4.8s, 867 chars)
[2026-09-14 14:19:55]    -> Trang 019/114 xong (5.4s, 1273 chars)
[2026-09-14 14:20:00]    -> Trang 020/114 xong (5.2s, 1112 chars)
[2026-09-14 14:20:06]    -> Trang 021/114 xong (5.4s, 1186 chars)
[2026-09-14 14:20:10]    -> Trang 022/114 xong (3.9s, 618 chars)
[2026-09-14 14:20:15]    -> Trang 023/114 xong (5.3s, 1069 chars)
[2026-09-14 14:20:19]    -> Trang 024/114 xong (3.6s, 542 chars)
[2026-09-14 14:20:23]    -> Trang 025/114 xong (3.8s, 594 chars)
[2026-09-14 14:20:28]    -> Trang 026/114 xong (5.2s, 1145 chars)
[2026-09-14 14:20:34]    -> Trang 027/114 xong (5.8s, 1330 chars)
[2026-09-14 14:20:39]    -> Trang 028/114 xong (5.1s, 1093 chars)
[2026-09-14 14:20:44]    -> Trang 029/114 xong (4.2s, 713 chars)
[2026-09-14 14:20:48]    -> Trang 030/114 xong (4.6s, 847 chars)
[2026-09-14 14:20:53]    -> Trang 031/114 xong (4.6s, 864 chars)
[2026-09-14 14:20:58]    -> Trang 032/114 xong (4.8s, 1055 chars)
[2026-09-14 14:21:03]    -> Trang 033/114 xong (4.8s, 952 chars)
[2026-09-14 14:21:09]    -> Trang 034/114 xong (5.9s, 1414 chars)
[2026-09-14 14:21:15]    -> Trang 035/114 xong (5.7s, 1272 chars)
[2026-09-14 14:21:20]    -> Trang 036/114 xong (5.7s, 1274 chars)
[2026-09-14 14:21:23]    -> Trang 037/114 xong (3.1s, 307 chars)
[2026-09-14 14:21:27]    -> Trang 038/114 xong (3.3s, 379 chars)
[2026-09-14 14:21:33]    -> Trang 039/114 xong (5.9s, 1415 chars)
[2026-09-14 14:21:38]    -> Trang 040/114 xong (5.0s, 1079 chars)
[2026-09-14 14:21:43]    -> Trang 041/114 xong (4.7s, 1010 chars)
[2026-09-14 14:21:48]    -> Trang 042/114 xong (5.0s, 1095 chars)
[2026-09-14 14:21:54]    -> Trang 043/114 xong (6.5s, 1688 chars)
[2026-09-14 14:22:00]    -> Trang 044/114 xong (5.1s, 1217 chars)
[2026-09-14 14:22:05]    -> Trang 045/114 xong (5.4s, 1173 chars)
[2026-09-14 14:22:10]    -> Trang 046/114 xong (4.7s, 985 chars)
[2026-09-14 14:22:16]    -> Trang 047/114 xong (6.1s, 1507 chars)
[2026-09-14 14:22:19]    -> Trang 048/114 xong (2.8s, 263 chars)
[2026-09-14 14:22:22]    -> Trang 049/114 xong (3.2s, 328 chars)
[2026-09-14 14:22:28]    -> Trang 050/114 xong (5.4s, 1049 chars)
[2026-09-14 14:22:32]    -> Trang 051/114 xong (3.9s, 544 chars)
[2026-09-14 14:22:36]    -> Trang 052/114 xong (4.0s, 614 chars)
[2026-09-14 14:22:40]    -> Trang 053/114 xong (4.0s, 723 chars)
[2026-09-14 14:22:45]    -> Trang 054/114 xong (4.4s, 835 chars)
[2026-09-14 14:22:49]    -> Trang 055/114 xong (4.2s, 597 chars)
[2026-09-14 14:22:54]    -> Trang 056/114 xong (5.1s, 979 chars)
[2026-09-14 14:22:59]    -> Trang 057/114 xong (4.5s, 760 chars)
[2026-09-14 14:23:04]    -> Trang 058/114 xong (5.0s, 1005 chars)
[2026-09-14 14:23:10]    -> Trang 059/114 xong (6.0s, 1247 chars)
[2026-09-14 14:23:14]    -> Trang 060/114 xong (4.6s, 759 chars)
[2026-09-14 14:23:19]    -> Trang 061/114 xong (4.3s, 799 chars)
[2026-09-14 14:23:23]    -> Trang 062/114 xong (4.3s, 848 chars)
[2026-09-14 14:23:27]    -> Trang 063/114 xong (3.5s, 488 chars)
[2026-09-14 14:23:33]    -> Trang 064/114 xong (6.2s, 1536 chars)
[2026-09-14 14:23:38]    -> Trang 065/114 xong (4.7s, 871 chars)
[2026-09-14 14:23:43]    -> Trang 066/114 xong (5.2s, 938 chars)
[2026-09-14 14:23:48]    -> Trang 067/114 xong (4.8s, 1103 chars)
[2026-09-14 14:23:52]    -> Trang 068/114 xong (4.2s, 792 chars)
[2026-09-14 14:23:58]    -> Trang 069/114 xong (5.4s, 1180 chars)
[2026-09-14 14:24:02]    -> Trang 070/114 xong (4.1s, 715 chars)
[2026-09-14 14:24:08]    -> Trang 071/114 xong (6.2s, 1435 chars)
[2026-09-14 14:24:14]    -> Trang 072/114 xong (5.1s, 1117 chars)
[2026-09-14 14:24:18]    -> Trang 073/114 xong (3.8s, 650 chars)
[2026-09-14 14:24:22]    -> Trang 074/114 xong (4.6s, 839 chars)
[2026-09-14 14:24:27]    -> Trang 075/114 xong (4.3s, 776 chars)
[2026-09-14 14:24:31]    -> Trang 076/114 xong (4.1s, 721 chars)
[2026-09-14 14:24:36]    -> Trang 077/114 xong (5.2s, 1205 chars)
[2026-09-14 14:24:40]    -> Trang 078/114 xong (3.7s, 505 chars)
[2026-09-14 14:24:46]    -> Trang 079/114 xong (6.5s, 1599 chars)
[2026-09-14 14:24:51]    -> Trang 080/114 xong (4.9s, 990 chars)
[2026-09-14 14:24:56]    -> Trang 081/114 xong (4.1s, 694 chars)
[2026-09-14 14:25:01]    -> Trang 082/114 xong (5.5s, 1297 chars)
[2026-09-14 14:25:06]    -> Trang 083/114 xong (4.5s, 864 chars)
[2026-09-14 14:25:12]    -> Trang 084/114 xong (6.2s, 1582 chars)
[2026-09-14 14:25:17]    -> Trang 085/114 xong (4.6s, 971 chars)
[2026-09-14 14:25:22]    -> Trang 086/114 xong (4.5s, 943 chars)
[2026-09-14 14:25:27]    -> Trang 087/114 xong (4.9s, 991 chars)
[2026-09-14 14:25:32]    -> Trang 088/114 xong (5.0s, 1120 chars)
[2026-09-14 14:25:36]    -> Trang 089/114 xong (4.5s, 938 chars)
[2026-09-14 14:25:41]    -> Trang 090/114 xong (4.2s, 801 chars)
[2026-09-14 14:25:46]    -> Trang 091/114 xong (5.0s, 1055 chars)
[2026-09-14 14:25:50]    -> Trang 092/114 xong (4.4s, 906 chars)
[2026-09-14 14:25:55]    -> Trang 093/114 xong (4.7s, 1027 chars)
[2026-09-14 14:25:58]    -> Trang 094/114 xong (3.4s, 443 chars)
[2026-09-14 14:26:05]    -> Trang 095/114 xong (6.2s, 1520 chars)
[2026-09-14 14:26:11]    -> Trang 096/114 xong (5.9s, 1300 chars)
[2026-09-14 14:26:16]    -> Trang 097/114 xong (5.1s, 1143 chars)
[2026-09-14 14:26:22]    -> Trang 098/114 xong (5.4s, 1168 chars)
[2026-09-14 14:26:26]    -> Trang 099/114 xong (4.4s, 845 chars)
[2026-09-14 14:26:32]    -> Trang 100/114 xong (5.7s, 1315 chars)
[2026-09-14 14:26:37]    -> Trang 101/114 xong (5.2s, 1232 chars)
[2026-09-14 14:26:42]    -> Trang 102/114 xong (5.1s, 1122 chars)
[2026-09-14 14:26:48]    -> Trang 103/114 xong (5.4s, 1155 chars)
[2026-09-14 14:26:52]    -> Trang 104/114 xong (4.2s, 774 chars)
[2026-09-14 14:26:57]    -> Trang 105/114 xong (5.0s, 1087 chars)
[2026-09-14 14:27:02]    -> Trang 106/114 xong (4.9s, 1101 chars)
[2026-09-14 14:27:07]    -> Trang 107/114 xong (4.8s, 967 chars)
[2026-09-14 14:27:12]    -> Trang 108/114 xong (4.5s, 840 chars)
[2026-09-14 14:27:17]    -> Trang 109/114 xong (5.1s, 970 chars)
[2026-09-14 14:27:23]    -> Trang 110/114 xong (5.4s, 1202 chars)
[2026-09-14 14:27:30]    -> Trang 111/114 xong (7.0s, 1332 chars)
[2026-09-14 14:27:39]    -> Trang 112/114 xong (9.3s, 1841 chars)
[2026-09-14 14:27:46]    -> Trang 113/114 xong (7.0s, 1303 chars)
[2026-09-14 14:27:51]    -> Trang 114/114 xong (5.0s, 770 chars)
[2026-09-14 14:27:51] ✅ Hoàn tất cuốn: 06-sgk-giao-duc-the-chat-6 (114/114 trang)
[2026-09-14 14:27:52] 
📖 [27/66] [GRADE-06 | Kỹ năng/Nghệ thuật | HOAT-DONG-TRAI-NGHIEM] 06-sgk-hoat-dong-trai-nghiem-huong-nghiep-6
[2026-09-14 14:27:52]    Tiến độ: 0/54 trang (0.0%)
[2026-09-14 14:27:54]    -> Trang 001/54 xong (2.8s, 123 chars)
[2026-09-14 14:27:58]    -> Trang 002/54 xong (3.8s, 462 chars)
[2026-09-14 14:28:01]    -> Trang 003/54 xong (3.1s, 236 chars)
[2026-09-14 14:28:08]    -> Trang 004/54 xong (6.3s, 1730 chars)
[2026-09-14 14:28:16]    -> Trang 005/54 xong (7.8s, 1519 chars)
[2026-09-14 14:28:21]    -> Trang 006/54 xong (4.8s, 1008 chars)
[2026-09-14 14:28:26]    -> Trang 007/54 xong (5.2s, 1015 chars)
[2026-09-14 14:28:32]    -> Trang 008/54 xong (5.8s, 1382 chars)
[2026-09-14 14:28:37]    -> Trang 009/54 xong (5.3s, 1214 chars)
[2026-09-14 14:28:44]    -> Trang 010/54 xong (6.3s, 1496 chars)
[2026-09-14 14:28:49]    -> Trang 011/54 xong (5.7s, 1473 chars)
[2026-09-14 14:28:55]    -> Trang 012/54 xong (5.1s, 1062 chars)
[2026-09-14 14:28:59]    -> Trang 013/54 xong (4.7s, 1021 chars)
[2026-09-14 14:29:04]    -> Trang 014/54 xong (5.0s, 1009 chars)
[2026-09-14 14:29:11]    -> Trang 015/54 xong (6.1s, 1519 chars)
[2026-09-14 14:29:16]    -> Trang 016/54 xong (5.3s, 1220 chars)
[2026-09-14 14:29:22]    -> Trang 017/54 xong (5.7s, 1278 chars)
[2026-09-14 14:29:28]    -> Trang 018/54 xong (5.8s, 1366 chars)
[2026-09-14 14:29:31]    -> Trang 019/54 xong (3.5s, 476 chars)
[2026-09-14 14:29:40]    -> Trang 020/54 xong (8.1s, 2075 chars)
[2026-09-14 14:29:47]    -> Trang 021/54 xong (7.5s, 1782 chars)
[2026-09-14 14:29:52]    -> Trang 022/54 xong (5.1s, 975 chars)
[2026-09-14 14:29:59]    -> Trang 023/54 xong (6.5s, 1579 chars)
[2026-09-14 14:30:05]    -> Trang 024/54 xong (5.8s, 1293 chars)
[2026-09-14 14:30:10]    -> Trang 025/54 xong (5.5s, 1142 chars)
[2026-09-14 14:30:18]    -> Trang 026/54 xong (7.8s, 1610 chars)
[2026-09-14 14:30:24]    -> Trang 027/54 xong (5.9s, 1373 chars)
[2026-09-14 14:30:30]    -> Trang 028/54 xong (5.5s, 1257 chars)
[2026-09-14 14:30:36]    -> Trang 029/54 xong (6.1s, 1486 chars)
[2026-09-14 14:30:43]    -> Trang 030/54 xong (7.0s, 1707 chars)
[2026-09-14 14:30:48]    -> Trang 031/54 xong (4.8s, 952 chars)
[2026-09-14 14:30:54]    -> Trang 032/54 xong (6.2s, 1437 chars)
[2026-09-14 14:31:00]    -> Trang 033/54 xong (5.2s, 1112 chars)
[2026-09-14 14:31:06]    -> Trang 034/54 xong (6.0s, 1389 chars)
[2026-09-14 14:31:12]    -> Trang 035/54 xong (6.0s, 1347 chars)
[2026-09-14 14:31:18]    -> Trang 036/54 xong (6.0s, 1409 chars)
[2026-09-14 14:31:24]    -> Trang 037/54 xong (6.2s, 1527 chars)
[2026-09-14 14:31:30]    -> Trang 038/54 xong (6.0s, 1364 chars)
[2026-09-14 14:31:35]    -> Trang 039/54 xong (4.7s, 1021 chars)
[2026-09-14 14:31:42]    -> Trang 040/54 xong (6.3s, 1702 chars)
[2026-09-14 14:31:46]    -> Trang 041/54 xong (4.8s, 998 chars)
[2026-09-14 14:31:53]    -> Trang 042/54 xong (6.4s, 1595 chars)
[2026-09-14 14:31:59]    -> Trang 043/54 xong (5.9s, 1516 chars)
[2026-09-14 14:32:04]    -> Trang 044/54 xong (5.2s, 1115 chars)
[2026-09-14 14:32:11]    -> Trang 045/54 xong (6.8s, 1761 chars)
[2026-09-14 14:32:18]    -> Trang 046/54 xong (6.9s, 1714 chars)
[2026-09-14 14:32:25]    -> Trang 047/54 xong (6.8s, 1762 chars)
[2026-09-14 14:32:31]    -> Trang 048/54 xong (6.1s, 1548 chars)
[2026-09-14 14:32:38]    -> Trang 049/54 xong (6.6s, 1745 chars)
[2026-09-14 14:32:44]    -> Trang 050/54 xong (6.0s, 1495 chars)
[2026-09-14 14:32:49]    -> Trang 051/54 xong (5.1s, 1029 chars)
[2026-09-14 14:33:03]    -> Trang 052/54 xong (13.3s, 3138 chars)
[2026-09-14 14:33:10]    -> Trang 053/54 xong (7.1s, 1412 chars)
[2026-09-14 14:33:15]    -> Trang 054/54 xong (4.9s, 727 chars)
[2026-09-14 14:33:15] ✅ Hoàn tất cuốn: 06-sgk-hoat-dong-trai-nghiem-huong-nghiep-6 (54/54 trang)
[2026-09-14 14:33:15] 
📖 [28/66] [GRADE-06 | Kỹ năng/Nghệ thuật | MI-THUAT] 06-sgk-mi-thuat-6
[2026-09-14 14:33:15]    Tiến độ: 0/71 trang (0.0%)
[2026-09-14 14:33:30]    -> Trang 001/71 xong (14.8s, 3239 chars)
[2026-09-14 14:33:34]    -> Trang 002/71 xong (3.5s, 299 chars)
[2026-09-14 14:33:38]    -> Trang 003/71 xong (4.2s, 791 chars)
[2026-09-14 14:33:44]    -> Trang 004/71 xong (6.2s, 1680 chars)
[2026-09-14 14:33:52]    -> Trang 005/71 xong (7.1s, 1417 chars)
[2026-09-14 14:33:59]    -> Trang 006/71 xong (7.4s, 1818 chars)
[2026-09-14 14:34:06]    -> Trang 007/71 xong (6.9s, 1614 chars)
[2026-09-14 14:34:11]    -> Trang 008/71 xong (4.8s, 1026 chars)
[2026-09-14 14:34:17]    -> Trang 009/71 xong (5.5s, 1078 chars)
[2026-09-14 14:34:23]    -> Trang 010/71 xong (6.3s, 1501 chars)
[2026-09-14 14:34:28]    -> Trang 011/71 xong (5.1s, 1161 chars)
[2026-09-14 14:34:34]    -> Trang 012/71 xong (5.9s, 1380 chars)
[2026-09-14 14:34:40]    -> Trang 013/71 xong (5.6s, 1285 chars)
[2026-09-14 14:34:46]    -> Trang 014/71 xong (6.1s, 1360 chars)
[2026-09-14 14:34:49]    -> Trang 015/71 xong (3.0s, 298 chars)
[2026-09-14 14:34:53]    -> Trang 016/71 xong (3.8s, 664 chars)
[2026-09-14 14:34:59]    -> Trang 017/71 xong (5.7s, 1270 chars)
[2026-09-14 14:35:07]    -> Trang 018/71 xong (7.9s, 1932 chars)
[2026-09-14 14:35:12]    -> Trang 019/71 xong (4.5s, 940 chars)
[2026-09-14 14:35:15]    -> Trang 020/71 xong (3.2s, 381 chars)
[2026-09-14 14:35:20]    -> Trang 021/71 xong (5.1s, 1218 chars)
[2026-09-14 14:35:27]    -> Trang 022/71 xong (6.5s, 1611 chars)
[2026-09-14 14:35:31]    -> Trang 023/71 xong (4.7s, 1007 chars)
[2026-09-14 14:35:37]    -> Trang 024/71 xong (5.8s, 1243 chars)
[2026-09-14 14:35:41]    -> Trang 025/71 xong (3.7s, 581 chars)
[2026-09-14 14:35:45]    -> Trang 026/71 xong (3.7s, 550 chars)
[2026-09-14 14:35:50]    -> Trang 027/71 xong (5.0s, 1076 chars)
[2026-09-14 14:35:54]    -> Trang 028/71 xong (4.3s, 812 chars)
[2026-09-14 14:35:58]    -> Trang 029/71 xong (3.5s, 530 chars)
[2026-09-14 14:36:02]    -> Trang 030/71 xong (3.9s, 681 chars)
[2026-09-14 14:36:06]    -> Trang 031/71 xong (4.3s, 758 chars)
[2026-09-14 14:36:12]    -> Trang 032/71 xong (5.9s, 1256 chars)
[2026-09-14 14:36:17]    -> Trang 033/71 xong (4.6s, 935 chars)
[2026-09-14 14:36:21]    -> Trang 034/71 xong (3.4s, 425 chars)
[2026-09-14 14:36:24]    -> Trang 035/71 xong (3.5s, 466 chars)
[2026-09-14 14:36:29]    -> Trang 036/71 xong (4.8s, 1068 chars)
[2026-09-14 14:36:34]    -> Trang 037/71 xong (5.2s, 1098 chars)
[2026-09-14 14:36:39]    -> Trang 038/71 xong (4.8s, 920 chars)
[2026-09-14 14:36:44]    -> Trang 039/71 xong (4.1s, 852 chars)
[2026-09-14 14:36:48]    -> Trang 040/71 xong (4.4s, 769 chars)
[2026-09-14 14:36:52]    -> Trang 041/71 xong (4.0s, 708 chars)
[2026-09-14 14:36:57]    -> Trang 042/71 xong (5.3s, 1171 chars)
[2026-09-14 14:37:02]    -> Trang 043/71 xong (4.7s, 974 chars)
[2026-09-14 14:37:17]    -> Trang 044/71 xong (14.8s, 4155 chars)
[2026-09-14 14:37:22]    -> Trang 045/71 xong (5.2s, 1231 chars)
[2026-09-14 14:37:27]    -> Trang 046/71 xong (4.9s, 952 chars)
[2026-09-14 14:37:32]    -> Trang 047/71 xong (4.8s, 883 chars)
[2026-09-14 14:37:37]    -> Trang 048/71 xong (4.6s, 885 chars)
[2026-09-14 14:37:41]    -> Trang 049/71 xong (3.5s, 426 chars)
[2026-09-14 14:37:45]    -> Trang 050/71 xong (4.0s, 679 chars)
[2026-09-14 14:37:50]    -> Trang 051/71 xong (5.1s, 1040 chars)
[2026-09-14 14:37:55]    -> Trang 052/71 xong (5.3s, 1233 chars)
[2026-09-14 14:38:00]    -> Trang 053/71 xong (4.7s, 895 chars)
[2026-09-14 14:38:04]    -> Trang 054/71 xong (4.2s, 852 chars)
[2026-09-14 14:38:08]    -> Trang 055/71 xong (3.7s, 591 chars)
[2026-09-14 14:38:13]    -> Trang 056/71 xong (4.7s, 969 chars)
[2026-09-14 14:38:18]    -> Trang 057/71 xong (4.7s, 855 chars)
[2026-09-14 14:38:22]    -> Trang 058/71 xong (3.8s, 559 chars)
[2026-09-14 14:38:27]    -> Trang 059/71 xong (5.5s, 1287 chars)
[2026-09-14 14:38:31]    -> Trang 060/71 xong (3.8s, 664 chars)
[2026-09-14 14:38:36]    -> Trang 061/71 xong (4.1s, 629 chars)
[2026-09-14 14:38:40]    -> Trang 062/71 xong (3.9s, 708 chars)
[2026-09-14 14:38:46]    -> Trang 063/71 xong (6.4s, 1372 chars)
[2026-09-14 14:38:50]    -> Trang 064/71 xong (4.0s, 649 chars)
[2026-09-14 14:38:55]    -> Trang 065/71 xong (4.6s, 970 chars)
[2026-09-14 14:39:02]    -> Trang 066/71 xong (6.7s, 1664 chars)
[2026-09-14 14:39:05]    -> Trang 067/71 xong (3.6s, 519 chars)
[2026-09-14 14:39:11]    -> Trang 068/71 xong (5.8s, 1456 chars)
[2026-09-14 14:39:17]    -> Trang 069/71 xong (5.3s, 900 chars)
[2026-09-14 14:39:23]    -> Trang 070/71 xong (6.7s, 1382 chars)
[2026-09-14 14:39:28]    -> Trang 071/71 xong (4.7s, 633 chars)
[2026-09-14 14:39:28] ✅ Hoàn tất cuốn: 06-sgk-mi-thuat-6 (71/71 trang)
[2026-09-14 14:39:29] 
📖 [29/66] [GRADE-11 | Kỹ năng/Nghệ thuật | AM-NHAC] 11-sgk-am-nhac-11
[2026-09-14 14:39:29]    Tiến độ: 0/90 trang (0.0%)
[2026-09-14 14:39:41]    -> Trang 001/90 xong (11.8s, 3465 chars)
[2026-09-14 14:39:55]    -> Trang 002/90 xong (14.6s, 3150 chars)
[2026-09-14 14:40:00]    -> Trang 003/90 xong (4.7s, 922 chars)
[2026-09-14 14:40:06]    -> Trang 004/90 xong (5.8s, 1566 chars)
[2026-09-14 14:40:15]    -> Trang 005/90 xong (9.3s, 1954 chars)
[2026-09-14 14:40:21]    -> Trang 006/90 xong (5.3s, 1087 chars)
[2026-09-14 14:40:28]    -> Trang 007/90 xong (7.6s, 1708 chars)
[2026-09-14 14:40:34]    -> Trang 008/90 xong (5.2s, 1070 chars)
[2026-09-14 14:40:39]    -> Trang 009/90 xong (4.8s, 851 chars)
[2026-09-14 14:40:53]    -> Trang 010/90 xong (14.6s, 3804 chars)
[2026-09-14 14:40:58]    -> Trang 011/90 xong (5.0s, 1002 chars)
[2026-09-14 14:41:04]    -> Trang 012/90 xong (6.0s, 1462 chars)
[2026-09-14 14:41:13]    -> Trang 013/90 xong (8.4s, 1628 chars)
[2026-09-14 14:41:19]    -> Trang 014/90 xong (6.3s, 1458 chars)
[2026-09-14 14:41:26]    -> Trang 015/90 xong (6.1s, 1429 chars)
[2026-09-14 14:41:40]    -> Trang 016/90 xong (14.7s, 4222 chars)
[2026-09-14 14:41:48]    -> Trang 017/90 xong (7.4s, 1458 chars)
[2026-09-14 14:42:03]    -> Trang 018/90 xong (14.8s, 3111 chars)
[2026-09-14 14:42:18]    -> Trang 019/90 xong (14.8s, 3473 chars)
[2026-09-14 14:42:33]    -> Trang 020/90 xong (14.9s, 3538 chars)
[2026-09-14 14:42:47]    -> Trang 021/90 xong (14.7s, 2820 chars)
[2026-09-14 14:42:52]    -> Trang 022/90 xong (4.9s, 853 chars)
[2026-09-14 14:42:58]    -> Trang 023/90 xong (5.3s, 1082 chars)
[2026-09-14 14:43:13]    -> Trang 024/90 xong (14.7s, 3251 chars)
[2026-09-14 14:43:17]    -> Trang 025/90 xong (4.6s, 782 chars)
[2026-09-14 14:43:32]    -> Trang 026/90 xong (14.9s, 3546 chars)
[2026-09-14 14:43:38]    -> Trang 027/90 xong (5.4s, 1010 chars)
[2026-09-14 14:43:44]    -> Trang 028/90 xong (6.2s, 1329 chars)
[2026-09-14 14:43:48]    -> Trang 029/90 xong (4.1s, 683 chars)
[2026-09-14 14:44:03]    -> Trang 030/90 xong (14.6s, 3429 chars)
[2026-09-14 14:44:07]    -> Trang 031/90 xong (4.0s, 533 chars)
[2026-09-14 14:44:15]    -> Trang 032/90 xong (8.0s, 1478 chars)
[2026-09-14 14:44:30]    -> Trang 033/90 xong (14.8s, 3839 chars)
[2026-09-14 14:44:36]    -> Trang 034/90 xong (5.5s, 923 chars)
[2026-09-14 14:44:51]    -> Trang 035/90 xong (14.8s, 1746 chars)
[2026-09-14 14:44:58]    -> Trang 036/90 xong (7.0s, 1704 chars)
[2026-09-14 14:45:07]    -> Trang 037/90 xong (8.9s, 2452 chars)
[2026-09-14 14:45:15]    -> Trang 038/90 xong (8.6s, 2384 chars)
[2026-09-14 14:45:30]    -> Trang 039/90 xong (14.8s, 4039 chars)
[2026-09-14 14:45:45]    -> Trang 040/90 xong (14.7s, 2592 chars)
[2026-09-14 14:46:00]    -> Trang 041/90 xong (14.7s, 3826 chars)
[2026-09-14 14:46:15]    -> Trang 042/90 xong (14.6s, 4680 chars)
[2026-09-14 14:46:19]    -> Trang 043/90 xong (4.4s, 861 chars)
[2026-09-14 14:46:24]    -> Trang 044/90 xong (5.1s, 980 chars)
[2026-09-14 14:46:30]    -> Trang 045/90 xong (5.8s, 1126 chars)
[2026-09-14 14:46:37]    -> Trang 046/90 xong (6.4s, 1253 chars)
[2026-09-14 14:46:46]    -> Trang 047/90 xong (9.4s, 2430 chars)
[2026-09-14 14:46:56]    -> Trang 048/90 xong (9.5s, 2743 chars)
[2026-09-14 14:47:10]    -> Trang 049/90 xong (14.7s, 3165 chars)
[2026-09-14 14:47:14]    -> Trang 050/90 xong (3.8s, 575 chars)
[2026-09-14 14:47:29]    -> Trang 051/90 xong (14.6s, 3461 chars)
[2026-09-14 14:47:35]    -> Trang 052/90 xong (5.6s, 1159 chars)
[2026-09-14 14:47:41]    -> Trang 053/90 xong (6.0s, 1246 chars)
[2026-09-14 14:47:46]    -> Trang 054/90 xong (5.0s, 1066 chars)
[2026-09-14 14:47:52]    -> Trang 055/90 xong (5.7s, 1153 chars)
[2026-09-14 14:48:07]    -> Trang 056/90 xong (14.8s, 2925 chars)
[2026-09-14 14:48:22]    -> Trang 057/90 xong (14.8s, 4400 chars)
[2026-09-14 14:48:30]    -> Trang 058/90 xong (8.3s, 1960 chars)
[2026-09-14 14:48:45]    -> Trang 059/90 xong (14.7s, 1788 chars)
[2026-09-14 14:48:51]    -> Trang 060/90 xong (6.0s, 1306 chars)
[2026-09-14 14:48:56]    -> Trang 061/90 xong (5.1s, 929 chars)
[2026-09-14 14:49:11]    -> Trang 062/90 xong (14.7s, 3656 chars)
[2026-09-14 14:49:20]    -> Trang 063/90 xong (9.4s, 2345 chars)
[2026-09-14 14:49:28]    -> Trang 064/90 xong (7.4s, 1657 chars)
[2026-09-14 14:49:33]    -> Trang 065/90 xong (5.3s, 1006 chars)
[2026-09-14 14:49:48]    -> Trang 066/90 xong (14.6s, 3975 chars)
[2026-09-14 14:49:59]    -> Trang 067/90 xong (11.2s, 2867 chars)
[2026-09-14 14:50:05]    -> Trang 068/90 xong (5.6s, 1099 chars)
[2026-09-14 14:50:13]    -> Trang 069/90 xong (8.2s, 2120 chars)
[2026-09-14 14:50:28]    -> Trang 070/90 xong (14.8s, 4163 chars)
[2026-09-14 14:50:43]    -> Trang 071/90 xong (14.8s, 2197 chars)
[2026-09-14 14:50:48]    -> Trang 072/90 xong (4.3s, 621 chars)
[2026-09-14 14:51:02]    -> Trang 073/90 xong (14.8s, 2900 chars)
[2026-09-14 14:51:17]    -> Trang 074/90 xong (14.8s, 3549 chars)
[2026-09-14 14:51:32]    -> Trang 075/90 xong (14.8s, 3259 chars)
[2026-09-14 14:51:47]    -> Trang 076/90 xong (14.6s, 3995 chars)
[2026-09-14 14:52:02]    -> Trang 077/90 xong (14.6s, 3132 chars)
[2026-09-14 14:52:16]    -> Trang 078/90 xong (14.6s, 3854 chars)
[2026-09-14 14:52:31]    -> Trang 079/90 xong (14.5s, 2784 chars)
[2026-09-14 14:52:36]    -> Trang 080/90 xong (4.6s, 755 chars)
[2026-09-14 14:52:43]    -> Trang 081/90 xong (7.7s, 1379 chars)
[2026-09-14 14:52:58]    -> Trang 082/90 xong (14.6s, 3874 chars)
[2026-09-14 14:53:13]    -> Trang 083/90 xong (14.6s, 4299 chars)
[2026-09-14 14:53:18]    -> Trang 084/90 xong (5.4s, 1085 chars)
[2026-09-14 14:53:33]    -> Trang 085/90 xong (14.6s, 2756 chars)
[2026-09-14 14:53:38]    -> Trang 086/90 xong (4.9s, 974 chars)
[2026-09-14 14:53:53]    -> Trang 087/90 xong (14.8s, 15434 chars)
[2026-09-14 14:54:01]    -> Trang 088/90 xong (7.5s, 1964 chars)
[2026-09-14 14:54:08]    -> Trang 089/90 xong (6.9s, 1478 chars)
[2026-09-14 14:54:22]    -> Trang 090/90 xong (14.8s, 3797 chars)
[2026-09-14 14:54:22] ✅ Hoàn tất cuốn: 11-sgk-am-nhac-11 (90/90 trang)
[2026-09-14 14:54:23] 
📖 [30/66] [GRADE-11 | Kỹ năng/Nghệ thuật | CONG-NGHE] 11-sgk-cong-nghe-11-cong-nghe-chan-nuoi
[2026-09-14 14:54:23]    Tiến độ: 0/122 trang (0.0%)
[2026-09-14 14:54:38]    -> Trang 001/122 xong (14.9s, 4238 chars)
[2026-09-14 14:54:49]    -> Trang 002/122 xong (11.3s, 2602 chars)
[2026-09-14 14:54:55]    -> Trang 003/122 xong (6.0s, 1577 chars)
[2026-09-14 14:55:02]    -> Trang 004/122 xong (6.1s, 1655 chars)
[2026-09-14 14:55:07]    -> Trang 005/122 xong (5.3s, 1046 chars)
[2026-09-14 14:55:12]    -> Trang 006/122 xong (5.0s, 901 chars)
[2026-09-14 14:55:16]    -> Trang 007/122 xong (4.2s, 675 chars)
[2026-09-14 14:55:23]    -> Trang 008/122 xong (6.6s, 1694 chars)
[2026-09-14 14:55:30]    -> Trang 009/122 xong (6.9s, 1777 chars)
[2026-09-14 14:55:36]    -> Trang 010/122 xong (5.7s, 1367 chars)
[2026-09-14 14:55:42]    -> Trang 011/122 xong (6.4s, 1534 chars)
[2026-09-14 14:55:51]    -> Trang 012/122 xong (8.5s, 2390 chars)
[2026-09-14 14:55:58]    -> Trang 013/122 xong (6.8s, 1834 chars)
[2026-09-14 14:56:05]    -> Trang 014/122 xong (7.3s, 1737 chars)
[2026-09-14 14:56:13]    -> Trang 015/122 xong (7.5s, 1892 chars)
[2026-09-14 14:56:20]    -> Trang 016/122 xong (7.2s, 1905 chars)
[2026-09-14 14:56:27]    -> Trang 017/122 xong (6.9s, 1692 chars)
[2026-09-14 14:56:35]    -> Trang 018/122 xong (7.5s, 2054 chars)
[2026-09-14 14:56:41]    -> Trang 019/122 xong (6.0s, 1471 chars)
[2026-09-14 14:56:44]    -> Trang 020/122 xong (3.0s, 302 chars)
[2026-09-14 14:56:50]    -> Trang 021/122 xong (6.2s, 1484 chars)
[2026-09-14 14:56:57]    -> Trang 022/122 xong (6.8s, 1597 chars)
[2026-09-14 14:57:06]    -> Trang 023/122 xong (8.3s, 2064 chars)
[2026-09-14 14:57:11]    -> Trang 024/122 xong (5.5s, 1258 chars)
[2026-09-14 14:57:18]    -> Trang 025/122 xong (6.7s, 1745 chars)
[2026-09-14 14:57:27]    -> Trang 026/122 xong (8.5s, 2296 chars)
[2026-09-14 14:57:34]    -> Trang 027/122 xong (7.3s, 1934 chars)
[2026-09-14 14:57:43]    -> Trang 028/122 xong (9.0s, 2660 chars)
[2026-09-14 14:57:49]    -> Trang 029/122 xong (5.6s, 1230 chars)
[2026-09-14 14:57:56]    -> Trang 030/122 xong (6.5s, 1604 chars)
[2026-09-14 14:58:03]    -> Trang 031/122 xong (7.6s, 1849 chars)
[2026-09-14 14:58:12]    -> Trang 032/122 xong (8.4s, 2341 chars)
[2026-09-14 14:58:16]    -> Trang 033/122 xong (4.6s, 904 chars)
[2026-09-14 14:58:22]    -> Trang 034/122 xong (5.8s, 1252 chars)
[2026-09-14 14:58:29]    -> Trang 035/122 xong (7.0s, 1761 chars)
[2026-09-14 14:58:37]    -> Trang 036/122 xong (7.1s, 1785 chars)
[2026-09-14 14:58:44]    -> Trang 037/122 xong (6.8s, 1933 chars)
[2026-09-14 14:58:49]    -> Trang 038/122 xong (4.9s, 1087 chars)
[2026-09-14 14:59:03]    -> Trang 039/122 xong (14.6s, 2584 chars)
[2026-09-14 14:59:09]    -> Trang 040/122 xong (5.4s, 1166 chars)
[2026-09-14 14:59:14]    -> Trang 041/122 xong (5.7s, 1142 chars)
[2026-09-14 14:59:22]    -> Trang 042/122 xong (7.8s, 2042 chars)
[2026-09-14 14:59:30]    -> Trang 043/122 xong (7.4s, 2146 chars)
[2026-09-14 14:59:39]    -> Trang 044/122 xong (9.0s, 2305 chars)
[2026-09-14 14:59:45]    -> Trang 045/122 xong (5.7s, 1366 chars)
[2026-09-14 14:59:52]    -> Trang 046/122 xong (6.7s, 1566 chars)
[2026-09-14 15:00:00]    -> Trang 047/122 xong (7.8s, 1961 chars)
[2026-09-14 15:00:05]    -> Trang 048/122 xong (5.6s, 1172 chars)
[2026-09-14 15:00:13]    -> Trang 049/122 xong (7.1s, 1759 chars)
[2026-09-14 15:00:20]    -> Trang 050/122 xong (7.2s, 1691 chars)
[2026-09-14 15:00:26]    -> Trang 051/122 xong (6.4s, 1525 chars)
[2026-09-14 15:00:33]    -> Trang 052/122 xong (6.6s, 1724 chars)
[2026-09-14 15:00:41]    -> Trang 053/122 xong (7.6s, 1982 chars)
[2026-09-14 15:00:49]    -> Trang 054/122 xong (8.2s, 2262 chars)
[2026-09-14 15:00:55]    -> Trang 055/122 xong (5.8s, 1386 chars)
[2026-09-14 15:01:02]    -> Trang 056/122 xong (6.4s, 1467 chars)
[2026-09-14 15:01:08]    -> Trang 057/122 xong (6.7s, 1502 chars)
[2026-09-14 15:01:15]    -> Trang 058/122 xong (6.8s, 1675 chars)
[2026-09-14 15:01:21]    -> Trang 059/122 xong (5.3s, 1187 chars)
[2026-09-14 15:01:24]    -> Trang 060/122 xong (3.4s, 467 chars)
[2026-09-14 15:01:32]    -> Trang 061/122 xong (7.2s, 1916 chars)
[2026-09-14 15:01:40]    -> Trang 062/122 xong (8.1s, 2364 chars)
[2026-09-14 15:01:47]    -> Trang 063/122 xong (7.6s, 2111 chars)
[2026-09-14 15:01:54]    -> Trang 064/122 xong (6.8s, 1650 chars)
[2026-09-14 15:02:00]    -> Trang 065/122 xong (5.8s, 1283 chars)
[2026-09-14 15:02:08]    -> Trang 066/122 xong (7.1s, 1776 chars)
[2026-09-14 15:02:15]    -> Trang 067/122 xong (7.7s, 2017 chars)
[2026-09-14 15:02:20]    -> Trang 068/122 xong (5.0s, 1027 chars)
[2026-09-14 15:02:28]    -> Trang 069/122 xong (7.4s, 1998 chars)
[2026-09-14 15:02:35]    -> Trang 070/122 xong (7.3s, 1866 chars)
[2026-09-14 15:02:43]    -> Trang 071/122 xong (7.3s, 1992 chars)
[2026-09-14 15:02:51]    -> Trang 072/122 xong (7.6s, 1682 chars)
[2026-09-14 15:02:59]    -> Trang 073/122 xong (8.0s, 2171 chars)
[2026-09-14 15:03:05]    -> Trang 074/122 xong (6.6s, 1648 chars)
[2026-09-14 15:03:11]    -> Trang 075/122 xong (5.9s, 1384 chars)
[2026-09-14 15:03:20]    -> Trang 076/122 xong (8.6s, 2564 chars)
[2026-09-14 15:03:24]    -> Trang 077/122 xong (3.9s, 716 chars)
[2026-09-14 15:03:28]    -> Trang 078/122 xong (4.0s, 646 chars)
[2026-09-14 15:03:32]    -> Trang 079/122 xong (3.3s, 406 chars)
[2026-09-14 15:03:39]    -> Trang 080/122 xong (7.7s, 2153 chars)
[2026-09-14 15:03:47]    -> Trang 081/122 xong (7.1s, 1945 chars)
[2026-09-14 15:03:54]    -> Trang 082/122 xong (7.3s, 1716 chars)
[2026-09-14 15:04:00]    -> Trang 083/122 xong (6.1s, 1351 chars)
[2026-09-14 15:04:08]    -> Trang 084/122 xong (7.2s, 1977 chars)
[2026-09-14 15:04:15]    -> Trang 085/122 xong (7.2s, 1722 chars)
[2026-09-14 15:04:22]    -> Trang 086/122 xong (7.1s, 1691 chars)
[2026-09-14 15:04:29]    -> Trang 087/122 xong (6.9s, 1588 chars)
[2026-09-14 15:04:38]    -> Trang 088/122 xong (8.5s, 2149 chars)
[2026-09-14 15:04:47]    -> Trang 089/122 xong (8.9s, 2189 chars)
[2026-09-14 15:04:54]    -> Trang 090/122 xong (7.0s, 1595 chars)
[2026-09-14 15:05:01]    -> Trang 091/122 xong (7.0s, 1533 chars)
[2026-09-14 15:05:06]    -> Trang 092/122 xong (5.1s, 1115 chars)
[2026-09-14 15:05:13]    -> Trang 093/122 xong (6.9s, 1774 chars)
[2026-09-14 15:05:21]    -> Trang 094/122 xong (7.9s, 2296 chars)
[2026-09-14 15:05:28]    -> Trang 095/122 xong (6.3s, 1634 chars)
[2026-09-14 15:05:34]    -> Trang 096/122 xong (5.9s, 1423 chars)
[2026-09-14 15:05:41]    -> Trang 097/122 xong (7.3s, 1615 chars)
[2026-09-14 15:05:49]    -> Trang 098/122 xong (7.4s, 1736 chars)
[2026-09-14 15:05:58]    -> Trang 099/122 xong (8.8s, 2309 chars)
[2026-09-14 15:06:05]    -> Trang 100/122 xong (7.6s, 1783 chars)
[2026-09-14 15:06:13]    -> Trang 101/122 xong (7.4s, 1846 chars)
[2026-09-14 15:06:21]    -> Trang 102/122 xong (8.0s, 2312 chars)
[2026-09-14 15:06:27]    -> Trang 103/122 xong (6.4s, 1431 chars)
[2026-09-14 15:06:33]    -> Trang 104/122 xong (5.1s, 913 chars)
[2026-09-14 15:06:39]    -> Trang 105/122 xong (5.8s, 1182 chars)
[2026-09-14 15:06:46]    -> Trang 106/122 xong (7.6s, 1506 chars)
[2026-09-14 15:06:54]    -> Trang 107/122 xong (7.5s, 1664 chars)
[2026-09-14 15:07:00]    -> Trang 108/122 xong (6.2s, 1203 chars)
[2026-09-14 15:07:03]    -> Trang 109/122 xong (3.2s, 324 chars)
[2026-09-14 15:07:10]    -> Trang 110/122 xong (6.5s, 1390 chars)
[2026-09-14 15:07:19]    -> Trang 111/122 xong (8.7s, 2306 chars)
[2026-09-14 15:07:27]    -> Trang 112/122 xong (7.7s, 1454 chars)
[2026-09-14 15:07:33]    -> Trang 113/122 xong (6.6s, 1536 chars)
[2026-09-14 15:07:41]    -> Trang 114/122 xong (7.2s, 1672 chars)
[2026-09-14 15:07:47]    -> Trang 115/122 xong (5.8s, 1288 chars)
[2026-09-14 15:07:56]    -> Trang 116/122 xong (9.1s, 2265 chars)
[2026-09-14 15:08:04]    -> Trang 117/122 xong (7.8s, 2131 chars)
[2026-09-14 15:08:08]    -> Trang 118/122 xong (4.2s, 724 chars)
[2026-09-14 15:08:17]    -> Trang 119/122 xong (8.1s, 2106 chars)
[2026-09-14 15:08:25]    -> Trang 120/122 xong (7.9s, 2094 chars)
[2026-09-14 15:08:33]    -> Trang 121/122 xong (8.3s, 1705 chars)
[2026-09-14 15:08:43]    -> Trang 122/122 xong (10.3s, 1958 chars)
[2026-09-14 15:08:43] ✅ Hoàn tất cuốn: 11-sgk-cong-nghe-11-cong-nghe-chan-nuoi (122/122 trang)
[2026-09-14 15:08:44] 
📖 [31/66] [GRADE-11 | Kỹ năng/Nghệ thuật | CONG-NGHE] 11-sgk-cong-nghe-11-cong-nghe-co-khi
[2026-09-14 15:08:44]    Tiến độ: 0/142 trang (0.0%)
[2026-09-14 15:09:00]    -> Trang 001/142 xong (16.4s, 3645 chars)
[2026-09-14 15:09:05]    -> Trang 002/142 xong (4.6s, 672 chars)
[2026-09-14 15:09:11]    -> Trang 003/142 xong (5.9s, 1387 chars)
[2026-09-14 15:09:19]    -> Trang 004/142 xong (8.3s, 2303 chars)
[2026-09-14 15:09:27]    -> Trang 005/142 xong (7.4s, 1410 chars)
[2026-09-14 15:09:33]    -> Trang 006/142 xong (6.5s, 1043 chars)
[2026-09-14 15:09:36]    -> Trang 007/142 xong (3.0s, 181 chars)
[2026-09-14 15:09:42]    -> Trang 008/142 xong (5.7s, 1237 chars)
[2026-09-14 15:09:50]    -> Trang 009/142 xong (7.9s, 2209 chars)
[2026-09-14 15:09:57]    -> Trang 010/142 xong (6.5s, 1527 chars)
[2026-09-14 15:10:05]    -> Trang 011/142 xong (7.5s, 2039 chars)
[2026-09-14 15:10:10]    -> Trang 012/142 xong (5.3s, 1164 chars)
[2026-09-14 15:10:18]    -> Trang 013/142 xong (7.8s, 2123 chars)
[2026-09-14 15:10:25]    -> Trang 014/142 xong (7.1s, 1969 chars)
[2026-09-14 15:10:32]    -> Trang 015/142 xong (6.7s, 1654 chars)
[2026-09-14 15:10:39]    -> Trang 016/142 xong (7.0s, 1851 chars)
[2026-09-14 15:10:43]    -> Trang 017/142 xong (3.4s, 448 chars)
[2026-09-14 15:10:46]    -> Trang 018/142 xong (3.1s, 317 chars)
[2026-09-14 15:10:52]    -> Trang 019/142 xong (6.0s, 1211 chars)
[2026-09-14 15:11:00]    -> Trang 020/142 xong (8.2s, 2020 chars)
[2026-09-14 15:11:05]    -> Trang 021/142 xong (4.8s, 687 chars)
[2026-09-14 15:11:13]    -> Trang 022/142 xong (7.6s, 1811 chars)
[2026-09-14 15:11:22]    -> Trang 023/142 xong (9.3s, 2564 chars)
[2026-09-14 15:11:30]    -> Trang 024/142 xong (7.1s, 1653 chars)
[2026-09-14 15:11:36]    -> Trang 025/142 xong (5.8s, 1206 chars)
[2026-09-14 15:11:42]    -> Trang 026/142 xong (6.6s, 1602 chars)
[2026-09-14 15:11:51]    -> Trang 027/142 xong (8.3s, 2135 chars)
[2026-09-14 15:11:58]    -> Trang 028/142 xong (7.7s, 1769 chars)
[2026-09-14 15:12:05]    -> Trang 029/142 xong (6.2s, 1345 chars)
[2026-09-14 15:12:12]    -> Trang 030/142 xong (7.5s, 1588 chars)
[2026-09-14 15:12:20]    -> Trang 031/142 xong (7.1s, 1770 chars)
[2026-09-14 15:12:25]    -> Trang 032/142 xong (5.3s, 1266 chars)
[2026-09-14 15:12:33]    -> Trang 033/142 xong (8.1s, 2151 chars)
[2026-09-14 15:12:39]    -> Trang 034/142 xong (5.5s, 1207 chars)
[2026-09-14 15:12:43]    -> Trang 035/142 xong (4.7s, 835 chars)
[2026-09-14 15:12:47]    -> Trang 036/142 xong (3.8s, 522 chars)
[2026-09-14 15:12:53]    -> Trang 037/142 xong (6.1s, 1308 chars)
[2026-09-14 15:13:01]    -> Trang 038/142 xong (6.9s, 1723 chars)
[2026-09-14 15:13:06]    -> Trang 039/142 xong (5.8s, 1362 chars)
[2026-09-14 15:13:13]    -> Trang 040/142 xong (6.4s, 1651 chars)
[2026-09-14 15:13:18]    -> Trang 041/142 xong (4.5s, 762 chars)
[2026-09-14 15:13:25]    -> Trang 042/142 xong (7.5s, 1795 chars)
[2026-09-14 15:13:33]    -> Trang 043/142 xong (7.4s, 1754 chars)
[2026-09-14 15:13:40]    -> Trang 044/142 xong (6.8s, 1448 chars)
[2026-09-14 15:13:46]    -> Trang 045/142 xong (6.3s, 1439 chars)
[2026-09-14 15:13:53]    -> Trang 046/142 xong (6.9s, 1636 chars)
[2026-09-14 15:13:59]    -> Trang 047/142 xong (5.6s, 1129 chars)
[2026-09-14 15:14:04]    -> Trang 048/142 xong (4.9s, 645 chars)
[2026-09-14 15:14:10]    -> Trang 049/142 xong (5.7s, 1029 chars)
[2026-09-14 15:14:17]    -> Trang 050/142 xong (7.1s, 1561 chars)
[2026-09-14 15:14:24]    -> Trang 051/142 xong (6.9s, 1476 chars)
[2026-09-14 15:14:28]    -> Trang 052/142 xong (4.2s, 687 chars)
[2026-09-14 15:14:32]    -> Trang 053/142 xong (3.5s, 459 chars)
[2026-09-14 15:14:36]    -> Trang 054/142 xong (4.5s, 831 chars)
[2026-09-14 15:14:41]    -> Trang 055/142 xong (4.3s, 775 chars)
[2026-09-14 15:14:50]    -> Trang 056/142 xong (9.7s, 2257 chars)
[2026-09-14 15:14:59]    -> Trang 057/142 xong (8.9s, 1377 chars)
[2026-09-14 15:15:07]    -> Trang 058/142 xong (7.2s, 1652 chars)
[2026-09-14 15:15:14]    -> Trang 059/142 xong (7.0s, 1963 chars)
[2026-09-14 15:15:21]    -> Trang 060/142 xong (7.2s, 1732 chars)
[2026-09-14 15:15:28]    -> Trang 061/142 xong (6.8s, 1741 chars)
[2026-09-14 15:15:35]    -> Trang 062/142 xong (6.9s, 1505 chars)
[2026-09-14 15:15:39]    -> Trang 063/142 xong (3.8s, 550 chars)
[2026-09-14 15:15:45]    -> Trang 064/142 xong (5.6s, 1161 chars)
[2026-09-14 15:15:53]    -> Trang 065/142 xong (7.9s, 1710 chars)
[2026-09-14 15:16:02]    -> Trang 066/142 xong (8.9s, 2495 chars)
[2026-09-14 15:16:08]    -> Trang 067/142 xong (6.2s, 1435 chars)
[2026-09-14 15:16:15]    -> Trang 068/142 xong (6.6s, 1618 chars)
[2026-09-14 15:16:21]    -> Trang 069/142 xong (6.1s, 1401 chars)
[2026-09-14 15:16:30]    -> Trang 070/142 xong (8.4s, 1954 chars)
[2026-09-14 15:16:39]    -> Trang 071/142 xong (9.1s, 2533 chars)
[2026-09-14 15:16:48]    -> Trang 072/142 xong (8.6s, 2208 chars)
[2026-09-14 15:16:53]    -> Trang 073/142 xong (5.2s, 1129 chars)
[2026-09-14 15:16:58]    -> Trang 074/142 xong (4.6s, 849 chars)
[2026-09-14 15:17:01]    -> Trang 075/142 xong (3.0s, 182 chars)
[2026-09-14 15:17:05]    -> Trang 076/142 xong (4.6s, 579 chars)
[2026-09-14 15:17:12]    -> Trang 077/142 xong (6.7s, 1382 chars)
[2026-09-14 15:17:18]    -> Trang 078/142 xong (5.4s, 1022 chars)
[2026-09-14 15:17:25]    -> Trang 079/142 xong (7.2s, 1803 chars)
[2026-09-14 15:17:32]    -> Trang 080/142 xong (6.5s, 1518 chars)
[2026-09-14 15:17:39]    -> Trang 081/142 xong (7.3s, 1808 chars)
[2026-09-14 15:17:47]    -> Trang 082/142 xong (7.6s, 1831 chars)
[2026-09-14 15:17:50]    -> Trang 083/142 xong (3.2s, 361 chars)
[2026-09-14 15:17:53]    -> Trang 084/142 xong (3.2s, 383 chars)
[2026-09-14 15:17:59]    -> Trang 085/142 xong (5.3s, 1134 chars)
[2026-09-14 15:18:05]    -> Trang 086/142 xong (6.3s, 1500 chars)
[2026-09-14 15:18:11]    -> Trang 087/142 xong (5.8s, 1201 chars)
[2026-09-14 15:18:18]    -> Trang 088/142 xong (7.0s, 1536 chars)
[2026-09-14 15:18:25]    -> Trang 089/142 xong (7.0s, 1564 chars)
[2026-09-14 15:18:35]    -> Trang 090/142 xong (9.4s, 2208 chars)
[2026-09-14 15:18:45]    -> Trang 091/142 xong (9.8s, 2608 chars)
[2026-09-14 15:18:54]    -> Trang 092/142 xong (9.7s, 2610 chars)
[2026-09-14 15:19:04]    -> Trang 093/142 xong (9.3s, 2071 chars)
[2026-09-14 15:19:09]    -> Trang 094/142 xong (5.5s, 928 chars)
[2026-09-14 15:19:17]    -> Trang 095/142 xong (7.8s, 1664 chars)
[2026-09-14 15:19:25]    -> Trang 096/142 xong (7.9s, 1760 chars)
[2026-09-14 15:19:34]    -> Trang 097/142 xong (8.1s, 1803 chars)
[2026-09-14 15:19:40]    -> Trang 098/142 xong (5.8s, 1251 chars)
[2026-09-14 15:19:45]    -> Trang 099/142 xong (5.1s, 1085 chars)
[2026-09-14 15:19:52]    -> Trang 100/142 xong (6.7s, 1589 chars)
[2026-09-14 15:19:59]    -> Trang 101/142 xong (7.1s, 1691 chars)
[2026-09-14 15:20:07]    -> Trang 102/142 xong (7.6s, 1953 chars)
[2026-09-14 15:20:12]    -> Trang 103/142 xong (5.3s, 1203 chars)
[2026-09-14 15:20:20]    -> Trang 104/142 xong (7.4s, 1754 chars)
[2026-09-14 15:20:27]    -> Trang 105/142 xong (7.5s, 1963 chars)
[2026-09-14 15:20:35]    -> Trang 106/142 xong (8.0s, 1995 chars)
[2026-09-14 15:20:42]    -> Trang 107/142 xong (6.8s, 1578 chars)
[2026-09-14 15:20:54]    -> Trang 108/142 xong (11.4s, 2812 chars)
[2026-09-14 15:21:02]    -> Trang 109/142 xong (7.9s, 1768 chars)
[2026-09-14 15:21:06]    -> Trang 110/142 xong (4.6s, 874 chars)
[2026-09-14 15:21:10]    -> Trang 111/142 xong (3.0s, 267 chars)
[2026-09-14 15:21:14]    -> Trang 112/142 xong (4.1s, 559 chars)
[2026-09-14 15:21:20]    -> Trang 113/142 xong (6.3s, 1432 chars)
[2026-09-14 15:21:27]    -> Trang 114/142 xong (6.7s, 1636 chars)
[2026-09-14 15:21:31]    -> Trang 115/142 xong (4.0s, 744 chars)
[2026-09-14 15:21:37]    -> Trang 116/142 xong (5.6s, 1131 chars)
[2026-09-14 15:21:46]    -> Trang 117/142 xong (8.6s, 2169 chars)
[2026-09-14 15:21:54]    -> Trang 118/142 xong (8.7s, 1734 chars)
[2026-09-14 15:22:05]    -> Trang 119/142 xong (10.5s, 2597 chars)
[2026-09-14 15:22:13]    -> Trang 120/142 xong (7.8s, 1819 chars)
[2026-09-14 15:22:21]    -> Trang 121/142 xong (7.9s, 1669 chars)
[2026-09-14 15:22:28]    -> Trang 122/142 xong (7.0s, 1192 chars)
[2026-09-14 15:22:34]    -> Trang 123/142 xong (5.7s, 1138 chars)
[2026-09-14 15:22:42]    -> Trang 124/142 xong (7.8s, 1969 chars)
[2026-09-14 15:22:50]    -> Trang 125/142 xong (8.2s, 1955 chars)
[2026-09-14 15:22:55]    -> Trang 126/142 xong (5.1s, 736 chars)
[2026-09-14 15:23:03]    -> Trang 127/142 xong (7.4s, 1615 chars)
[2026-09-14 15:23:09]    -> Trang 128/142 xong (6.1s, 1212 chars)
[2026-09-14 15:23:16]    -> Trang 129/142 xong (7.2s, 1512 chars)
[2026-09-14 15:23:24]    -> Trang 130/142 xong (7.2s, 1726 chars)
[2026-09-14 15:23:31]    -> Trang 131/142 xong (7.1s, 1584 chars)
[2026-09-14 15:23:39]    -> Trang 132/142 xong (8.3s, 1911 chars)
[2026-09-14 15:23:45]    -> Trang 133/142 xong (5.8s, 1268 chars)
[2026-09-14 15:23:52]    -> Trang 134/142 xong (7.2s, 1390 chars)
[2026-09-14 15:24:00]    -> Trang 135/142 xong (7.7s, 1805 chars)
[2026-09-14 15:24:07]    -> Trang 136/142 xong (6.8s, 1713 chars)
[2026-09-14 15:24:15]    -> Trang 137/142 xong (7.8s, 1992 chars)
[2026-09-14 15:24:20]    -> Trang 138/142 xong (5.2s, 1067 chars)
[2026-09-14 15:24:25]    -> Trang 139/142 xong (4.1s, 635 chars)
[2026-09-14 15:24:33]    -> Trang 140/142 xong (7.9s, 1973 chars)
[2026-09-14 15:24:40]    -> Trang 141/142 xong (7.6s, 1395 chars)
[2026-09-14 15:24:51]    -> Trang 142/142 xong (10.4s, 1934 chars)
[2026-09-14 15:24:51] ✅ Hoàn tất cuốn: 11-sgk-cong-nghe-11-cong-nghe-co-khi (142/142 trang)
[2026-09-14 15:24:51] 
📖 [32/66] [GRADE-11 | Kỹ năng/Nghệ thuật | GDQP-AN] 11-sgk-giao-duc-quoc-phong-va-an-ninh-11
[2026-09-14 15:24:51]    Tiến độ: 0/70 trang (0.0%)
[2026-09-14 15:25:07]    -> Trang 001/70 xong (16.1s, 4086 chars)
[2026-09-14 15:25:24]    -> Trang 002/70 xong (17.1s, 4488 chars)
[2026-09-14 15:25:29]    -> Trang 003/70 xong (4.3s, 754 chars)
[2026-09-14 15:25:35]    -> Trang 004/70 xong (5.9s, 956 chars)
[2026-09-14 15:25:41]    -> Trang 005/70 xong (6.4s, 1561 chars)
[2026-09-14 15:25:57]    -> Trang 006/70 xong (15.9s, 4291 chars)
[2026-09-14 15:26:06]    -> Trang 007/70 xong (9.1s, 2497 chars)
[2026-09-14 15:26:16]    -> Trang 008/70 xong (9.9s, 2321 chars)
[2026-09-14 15:26:27]    -> Trang 009/70 xong (10.6s, 2758 chars)
[2026-09-14 15:26:35]    -> Trang 010/70 xong (7.9s, 1682 chars)
[2026-09-14 15:26:44]    -> Trang 011/70 xong (8.3s, 2231 chars)
[2026-09-14 15:26:53]    -> Trang 012/70 xong (8.7s, 1982 chars)
[2026-09-14 15:27:02]    -> Trang 013/70 xong (9.7s, 2376 chars)
[2026-09-14 15:27:12]    -> Trang 014/70 xong (9.9s, 2498 chars)
[2026-09-14 15:27:23]    -> Trang 015/70 xong (10.7s, 2592 chars)
[2026-09-14 15:27:34]    -> Trang 016/70 xong (10.9s, 2614 chars)
[2026-09-14 15:27:44]    -> Trang 017/70 xong (9.8s, 2531 chars)
[2026-09-14 15:27:54]    -> Trang 018/70 xong (9.8s, 2773 chars)
[2026-09-14 15:28:03]    -> Trang 019/70 xong (8.1s, 2125 chars)
[2026-09-14 15:28:10]    -> Trang 020/70 xong (6.9s, 1667 chars)
[2026-09-14 15:28:18]    -> Trang 021/70 xong (8.8s, 2432 chars)
[2026-09-14 15:28:26]    -> Trang 022/70 xong (7.4s, 1701 chars)
[2026-09-14 15:28:37]    -> Trang 023/70 xong (11.2s, 2743 chars)
[2026-09-14 15:28:46]    -> Trang 024/70 xong (8.5s, 1863 chars)
[2026-09-14 15:28:55]    -> Trang 025/70 xong (8.7s, 1734 chars)
[2026-09-14 15:29:04]    -> Trang 026/70 xong (9.6s, 2563 chars)
[2026-09-14 15:29:15]    -> Trang 027/70 xong (10.8s, 2881 chars)
[2026-09-14 15:29:25]    -> Trang 028/70 xong (9.7s, 2589 chars)
[2026-09-14 15:29:34]    -> Trang 029/70 xong (8.2s, 2422 chars)
[2026-09-14 15:29:40]    -> Trang 030/70 xong (6.3s, 1565 chars)
[2026-09-14 15:29:47]    -> Trang 031/70 xong (6.8s, 1693 chars)
[2026-09-14 15:29:55]    -> Trang 032/70 xong (8.0s, 2327 chars)
[2026-09-14 15:30:03]    -> Trang 033/70 xong (7.2s, 1904 chars)
[2026-09-14 15:30:11]    -> Trang 034/70 xong (8.0s, 2252 chars)
[2026-09-14 15:30:20]    -> Trang 035/70 xong (8.8s, 2496 chars)
[2026-09-14 15:30:29]    -> Trang 036/70 xong (9.4s, 2682 chars)
[2026-09-14 15:30:38]    -> Trang 037/70 xong (8.5s, 1994 chars)
[2026-09-14 15:30:46]    -> Trang 038/70 xong (8.6s, 1835 chars)
[2026-09-14 15:30:53]    -> Trang 039/70 xong (6.5s, 1262 chars)
[2026-09-14 15:31:04]    -> Trang 040/70 xong (10.6s, 2480 chars)
[2026-09-14 15:31:13]    -> Trang 041/70 xong (8.8s, 1668 chars)
[2026-09-14 15:31:23]    -> Trang 042/70 xong (10.0s, 2433 chars)
[2026-09-14 15:31:33]    -> Trang 043/70 xong (9.7s, 2284 chars)
[2026-09-14 15:31:49]    -> Trang 044/70 xong (15.8s, 3498 chars)
[2026-09-14 15:31:55]    -> Trang 045/70 xong (6.4s, 1451 chars)
[2026-09-14 15:32:02]    -> Trang 046/70 xong (6.7s, 1416 chars)
[2026-09-14 15:32:10]    -> Trang 047/70 xong (7.9s, 1340 chars)
[2026-09-14 15:32:19]    -> Trang 048/70 xong (8.9s, 2340 chars)
[2026-09-14 15:32:29]    -> Trang 049/70 xong (10.0s, 2289 chars)
[2026-09-14 15:32:37]    -> Trang 050/70 xong (7.8s, 1886 chars)
[2026-09-14 15:32:44]    -> Trang 051/70 xong (7.2s, 1468 chars)
[2026-09-14 15:32:52]    -> Trang 052/70 xong (7.2s, 1838 chars)
[2026-09-14 15:32:59]    -> Trang 053/70 xong (7.1s, 1653 chars)
[2026-09-14 15:33:07]    -> Trang 054/70 xong (7.9s, 1817 chars)
[2026-09-14 15:33:15]    -> Trang 055/70 xong (8.0s, 1666 chars)
[2026-09-14 15:33:26]    -> Trang 056/70 xong (10.4s, 2526 chars)
[2026-09-14 15:33:35]    -> Trang 057/70 xong (9.2s, 2397 chars)
[2026-09-14 15:33:44]    -> Trang 058/70 xong (8.7s, 2238 chars)
[2026-09-14 15:33:53]    -> Trang 059/70 xong (9.2s, 2174 chars)
[2026-09-14 15:34:01]    -> Trang 060/70 xong (7.6s, 1477 chars)
[2026-09-14 15:34:08]    -> Trang 061/70 xong (7.5s, 1290 chars)
[2026-09-14 15:34:18]    -> Trang 062/70 xong (9.2s, 1835 chars)
[2026-09-14 15:34:26]    -> Trang 063/70 xong (7.7s, 1497 chars)
[2026-09-14 15:34:34]    -> Trang 064/70 xong (7.9s, 1562 chars)
[2026-09-14 15:34:42]    -> Trang 065/70 xong (8.0s, 1560 chars)
[2026-09-14 15:34:49]    -> Trang 066/70 xong (7.4s, 1489 chars)
[2026-09-14 15:34:59]    -> Trang 067/70 xong (9.4s, 2048 chars)
[2026-09-14 15:35:07]    -> Trang 068/70 xong (8.2s, 1890 chars)
[2026-09-14 15:35:14]    -> Trang 069/70 xong (6.9s, 1234 chars)
[2026-09-14 15:35:24]    -> Trang 070/70 xong (9.6s, 1928 chars)
[2026-09-14 15:35:24] ✅ Hoàn tất cuốn: 11-sgk-giao-duc-quoc-phong-va-an-ninh-11 (70/70 trang)
[2026-09-14 15:35:24] 
📖 [33/66] [GRADE-11 | Kỹ năng/Nghệ thuật | GIAO-DUC-THE-CHAT] 11-sgk-giao-duc-the-chat-11-bong-chuyen
[2026-09-14 15:35:24]    Tiến độ: 0/59 trang (0.0%)
[2026-09-14 15:35:27]    ⚠️ Lỗi trang 001 (thử lại 1/3): HTTP Error 400: Bad Request
[2026-09-14 15:35:31]    ⚠️ Lỗi trang 001 (thử lại 2/3): HTTP Error 400: Bad Request
[2026-09-14 15:35:37]    ⚠️ Lỗi trang 001 (thử lại 3/3): HTTP Error 400: Bad Request
[2026-09-14 15:35:43]    ❌ Bỏ qua trang 001 sau 3 lần thử lỗi.
[2026-09-14 15:35:47]    -> Trang 002/59 xong (4.4s, 470 chars)
[2026-09-14 15:36:02]    -> Trang 003/59 xong (15.0s, 2518 chars)
[2026-09-14 15:36:09]    -> Trang 004/59 xong (6.8s, 1514 chars)
[2026-09-14 15:36:15]    -> Trang 005/59 xong (6.0s, 1441 chars)
[2026-09-14 15:36:23]    -> Trang 006/59 xong (7.7s, 1691 chars)
[2026-09-14 15:36:36]    -> Trang 007/59 xong (12.1s, 2883 chars)
[2026-09-14 15:36:46]    -> Trang 008/59 xong (10.7s, 2995 chars)
[2026-09-14 15:36:56]    -> Trang 009/59 xong (9.2s, 2461 chars)
[2026-09-14 15:37:02]    -> Trang 010/59 xong (6.4s, 1531 chars)
[2026-09-14 15:37:10]    -> Trang 011/59 xong (7.2s, 1398 chars)
[2026-09-14 15:37:19]    -> Trang 012/59 xong (9.4s, 2578 chars)
[2026-09-14 15:37:28]    -> Trang 013/59 xong (8.6s, 2292 chars)
[2026-09-14 15:37:35]    -> Trang 014/59 xong (6.6s, 1353 chars)
[2026-09-14 15:37:41]    -> Trang 015/59 xong (6.8s, 1806 chars)
[2026-09-14 15:37:48]    -> Trang 016/59 xong (6.8s, 1624 chars)
[2026-09-14 15:37:53]    -> Trang 017/59 xong (4.5s, 624 chars)
[2026-09-14 15:37:58]    -> Trang 018/59 xong (5.1s, 833 chars)
[2026-09-14 15:38:03]    -> Trang 019/59 xong (5.2s, 998 chars)
[2026-09-14 15:38:11]    -> Trang 020/59 xong (7.9s, 2036 chars)
[2026-09-14 15:38:19]    -> Trang 021/59 xong (7.6s, 1717 chars)
[2026-09-14 15:38:25]    -> Trang 022/59 xong (5.4s, 1138 chars)
[2026-09-14 15:38:30]    -> Trang 023/59 xong (5.5s, 1084 chars)
[2026-09-14 15:38:37]    -> Trang 024/59 xong (6.6s, 1360 chars)
[2026-09-14 15:38:45]    -> Trang 025/59 xong (8.3s, 1987 chars)
[2026-09-14 15:38:51]    -> Trang 026/59 xong (6.1s, 1245 chars)
[2026-09-14 15:38:57]    -> Trang 027/59 xong (5.4s, 810 chars)
[2026-09-14 15:39:01]    -> Trang 028/59 xong (4.4s, 717 chars)
[2026-09-14 15:39:09]    -> Trang 029/59 xong (7.1s, 1617 chars)
[2026-09-14 15:39:16]    -> Trang 030/59 xong (7.2s, 1638 chars)
[2026-09-14 15:39:24]    -> Trang 031/59 xong (7.7s, 1718 chars)
[2026-09-14 15:39:28]    -> Trang 032/59 xong (4.0s, 554 chars)
[2026-09-14 15:39:34]    -> Trang 033/59 xong (6.0s, 1150 chars)
[2026-09-14 15:39:39]    -> Trang 034/59 xong (5.1s, 827 chars)
[2026-09-14 15:39:46]    -> Trang 035/59 xong (6.9s, 1573 chars)
[2026-09-14 15:39:53]    -> Trang 036/59 xong (7.2s, 1737 chars)
[2026-09-14 15:40:01]    -> Trang 037/59 xong (7.5s, 1771 chars)
[2026-09-14 15:40:07]    -> Trang 038/59 xong (6.3s, 1229 chars)
[2026-09-14 15:40:14]    -> Trang 039/59 xong (6.3s, 746 chars)
[2026-09-14 15:40:22]    -> Trang 040/59 xong (7.8s, 1510 chars)
[2026-09-14 15:40:27]    -> Trang 041/59 xong (4.9s, 915 chars)
[2026-09-14 15:40:33]    -> Trang 042/59 xong (6.2s, 1397 chars)
[2026-09-14 15:40:39]    -> Trang 043/59 xong (5.7s, 1064 chars)
[2026-09-14 15:40:46]    -> Trang 044/59 xong (6.7s, 1548 chars)
[2026-09-14 15:40:51]    -> Trang 045/59 xong (5.5s, 1037 chars)
[2026-09-14 15:40:58]    -> Trang 046/59 xong (6.5s, 1263 chars)
[2026-09-14 15:41:06]    -> Trang 047/59 xong (7.5s, 1699 chars)
[2026-09-14 15:41:11]    -> Trang 048/59 xong (5.1s, 879 chars)
[2026-09-14 15:41:16]    -> Trang 049/59 xong (5.3s, 1050 chars)
[2026-09-14 15:41:24]    -> Trang 050/59 xong (7.4s, 1800 chars)
[2026-09-14 15:41:34]    -> Trang 051/59 xong (10.2s, 2378 chars)
[2026-09-14 15:41:40]    -> Trang 052/59 xong (6.2s, 1353 chars)
[2026-09-14 15:41:48]    -> Trang 053/59 xong (7.3s, 1645 chars)
[2026-09-14 15:41:56]    -> Trang 054/59 xong (7.7s, 1596 chars)
[2026-09-14 15:42:01]    -> Trang 055/59 xong (5.3s, 983 chars)
[2026-09-14 15:42:10]    -> Trang 056/59 xong (9.4s, 2127 chars)
[2026-09-14 15:42:18]    -> Trang 057/59 xong (6.9s, 1073 chars)
[2026-09-14 15:42:24]    -> Trang 058/59 xong (6.6s, 1153 chars)
[2026-09-14 15:42:26]    ⚠️ Lỗi trang 059 (thử lại 1/3): HTTP Error 400: Bad Request
[2026-09-14 15:42:30]    ⚠️ Lỗi trang 059 (thử lại 2/3): HTTP Error 400: Bad Request
[2026-09-14 15:42:36]    ⚠️ Lỗi trang 059 (thử lại 3/3): HTTP Error 400: Bad Request
[2026-09-14 15:42:42]    ❌ Bỏ qua trang 059 sau 3 lần thử lỗi.
[2026-09-14 15:42:42] ✅ Hoàn tất cuốn: 11-sgk-giao-duc-the-chat-11-bong-chuyen (57/59 trang)
[2026-09-14 15:42:42] 
📖 [34/66] [GRADE-11 | Kỹ năng/Nghệ thuật | GIAO-DUC-THE-CHAT] 11-sgk-giao-duc-the-chat-11-bong-da
[2026-09-14 15:42:42]    Tiến độ: 0/79 trang (0.0%)
[2026-09-14 15:42:58]    -> Trang 001/79 xong (15.4s, 3916 chars)
[2026-09-14 15:43:03]    -> Trang 002/79 xong (5.6s, 562 chars)
[2026-09-14 15:43:07]    -> Trang 003/79 xong (3.7s, 292 chars)
[2026-09-14 15:43:14]    -> Trang 004/79 xong (6.7s, 1384 chars)
[2026-09-14 15:43:19]    -> Trang 005/79 xong (5.6s, 1107 chars)
[2026-09-14 15:43:26]    -> Trang 006/79 xong (6.5s, 1462 chars)
[2026-09-14 15:43:36]    -> Trang 007/79 xong (9.3s, 2312 chars)
[2026-09-14 15:43:42]    -> Trang 008/79 xong (6.8s, 1190 chars)
[2026-09-14 15:43:50]    -> Trang 009/79 xong (7.1s, 1748 chars)
[2026-09-14 15:43:57]    -> Trang 010/79 xong (7.0s, 1893 chars)
[2026-09-14 15:44:04]    -> Trang 011/79 xong (6.9s, 1529 chars)
[2026-09-14 15:44:10]    -> Trang 012/79 xong (6.0s, 1051 chars)
[2026-09-14 15:44:18]    -> Trang 013/79 xong (8.3s, 2051 chars)
[2026-09-14 15:44:27]    -> Trang 014/79 xong (8.5s, 2164 chars)
[2026-09-14 15:44:35]    -> Trang 015/79 xong (7.8s, 1822 chars)
[2026-09-14 15:44:42]    -> Trang 016/79 xong (6.7s, 1642 chars)
[2026-09-14 15:44:50]    -> Trang 017/79 xong (8.0s, 2058 chars)
[2026-09-14 15:44:57]    -> Trang 018/79 xong (7.3s, 1843 chars)
[2026-09-14 15:45:04]    -> Trang 019/79 xong (6.9s, 1826 chars)
[2026-09-14 15:45:09]    -> Trang 020/79 xong (5.0s, 700 chars)
[2026-09-14 15:45:17]    -> Trang 021/79 xong (7.6s, 1685 chars)
[2026-09-14 15:45:23]    -> Trang 022/79 xong (6.3s, 1261 chars)
[2026-09-14 15:45:29]    -> Trang 023/79 xong (5.4s, 1041 chars)
[2026-09-14 15:45:34]    -> Trang 024/79 xong (5.2s, 1074 chars)
[2026-09-14 15:45:40]    -> Trang 025/79 xong (6.0s, 1314 chars)
[2026-09-14 15:45:46]    -> Trang 026/79 xong (5.4s, 1131 chars)
[2026-09-14 15:45:51]    -> Trang 027/79 xong (5.1s, 1095 chars)
[2026-09-14 15:45:57]    -> Trang 028/79 xong (5.3s, 1008 chars)
[2026-09-14 15:46:02]    -> Trang 029/79 xong (5.3s, 1086 chars)
[2026-09-14 15:46:09]    -> Trang 030/79 xong (7.4s, 1475 chars)
[2026-09-14 15:46:17]    -> Trang 031/79 xong (7.4s, 1407 chars)
[2026-09-14 15:46:23]    -> Trang 032/79 xong (6.0s, 1123 chars)
[2026-09-14 15:46:28]    -> Trang 033/79 xong (4.8s, 895 chars)
[2026-09-14 15:46:33]    -> Trang 034/79 xong (4.8s, 956 chars)
[2026-09-14 15:46:39]    -> Trang 035/79 xong (6.2s, 1372 chars)
[2026-09-14 15:46:46]    -> Trang 036/79 xong (6.6s, 1269 chars)
[2026-09-14 15:46:52]    -> Trang 037/79 xong (5.6s, 1089 chars)
[2026-09-14 15:46:58]    -> Trang 038/79 xong (6.4s, 1272 chars)
[2026-09-14 15:47:05]    -> Trang 039/79 xong (6.5s, 1250 chars)
[2026-09-14 15:47:10]    -> Trang 040/79 xong (5.4s, 1002 chars)
[2026-09-14 15:47:16]    -> Trang 041/79 xong (5.9s, 1140 chars)
[2026-09-14 15:47:21]    -> Trang 042/79 xong (4.4s, 757 chars)
[2026-09-14 15:47:27]    -> Trang 043/79 xong (6.2s, 1106 chars)
[2026-09-14 15:47:34]    -> Trang 044/79 xong (6.7s, 1406 chars)
[2026-09-14 15:47:41]    -> Trang 045/79 xong (6.7s, 1331 chars)
[2026-09-14 15:47:47]    -> Trang 046/79 xong (6.2s, 1258 chars)
[2026-09-14 15:47:52]    -> Trang 047/79 xong (5.4s, 1141 chars)
[2026-09-14 15:47:59]    -> Trang 048/79 xong (6.1s, 1221 chars)
[2026-09-14 15:48:05]    -> Trang 049/79 xong (6.1s, 1447 chars)
[2026-09-14 15:48:10]    -> Trang 050/79 xong (5.0s, 1028 chars)
[2026-09-14 15:48:17]    -> Trang 051/79 xong (6.7s, 1432 chars)
[2026-09-14 15:48:23]    -> Trang 052/79 xong (6.3s, 1249 chars)
[2026-09-14 15:48:30]    -> Trang 053/79 xong (6.4s, 1423 chars)
[2026-09-14 15:48:36]    -> Trang 054/79 xong (6.0s, 1173 chars)
[2026-09-14 15:48:40]    -> Trang 055/79 xong (3.8s, 613 chars)
[2026-09-14 15:48:47]    -> Trang 056/79 xong (6.7s, 1497 chars)
[2026-09-14 15:48:55]    -> Trang 057/79 xong (8.0s, 1604 chars)
[2026-09-14 15:49:00]    -> Trang 058/79 xong (5.4s, 903 chars)
[2026-09-14 15:49:07]    -> Trang 059/79 xong (6.6s, 1433 chars)
[2026-09-14 15:49:12]    -> Trang 060/79 xong (4.7s, 793 chars)
[2026-09-14 15:49:20]    -> Trang 061/79 xong (8.0s, 2094 chars)
[2026-09-14 15:49:26]    -> Trang 062/79 xong (6.3s, 1388 chars)
[2026-09-14 15:49:34]    -> Trang 063/79 xong (7.4s, 1768 chars)
[2026-09-14 15:49:40]    -> Trang 064/79 xong (6.2s, 1222 chars)
[2026-09-14 15:49:45]    -> Trang 065/79 xong (4.4s, 800 chars)
[2026-09-14 15:49:50]    -> Trang 066/79 xong (5.4s, 1210 chars)
[2026-09-14 15:49:57]    -> Trang 067/79 xong (6.5s, 1503 chars)
[2026-09-14 15:50:03]    -> Trang 068/79 xong (5.7s, 1398 chars)
[2026-09-14 15:50:08]    -> Trang 069/79 xong (5.3s, 1145 chars)
[2026-09-14 15:50:13]    -> Trang 070/79 xong (4.9s, 1055 chars)
[2026-09-14 15:50:19]    -> Trang 071/79 xong (5.8s, 1436 chars)
[2026-09-14 15:50:25]    -> Trang 072/79 xong (5.8s, 1290 chars)
[2026-09-14 15:50:32]    -> Trang 073/79 xong (7.6s, 1956 chars)
[2026-09-14 15:50:37]    -> Trang 074/79 xong (4.8s, 578 chars)
[2026-09-14 15:50:42]    -> Trang 075/79 xong (4.9s, 919 chars)
[2026-09-14 15:50:48]    -> Trang 076/79 xong (5.5s, 987 chars)
[2026-09-14 15:50:56]    -> Trang 077/79 xong (7.7s, 1430 chars)
[2026-09-14 15:51:13]    -> Trang 078/79 xong (16.8s, 4546 chars)
[2026-09-14 15:51:30]    -> Trang 079/79 xong (17.0s, 3755 chars)
[2026-09-14 15:51:30] ✅ Hoàn tất cuốn: 11-sgk-giao-duc-the-chat-11-bong-da (79/79 trang)
[2026-09-14 15:51:30] 
📖 [35/66] [GRADE-11 | Kỹ năng/Nghệ thuật | GIAO-DUC-THE-CHAT] 11-sgk-giao-duc-the-chat-11-bong-ro
[2026-09-14 15:51:30]    Tiến độ: 0/67 trang (0.0%)
[2026-09-14 15:51:32]    ⚠️ Lỗi trang 001 (thử lại 1/3): HTTP Error 400: Bad Request
[2026-09-14 15:51:36]    ⚠️ Lỗi trang 001 (thử lại 2/3): HTTP Error 400: Bad Request
[2026-09-14 15:51:41]    ⚠️ Lỗi trang 001 (thử lại 3/3): HTTP Error 400: Bad Request
[2026-09-14 15:51:47]    ❌ Bỏ qua trang 001 sau 3 lần thử lỗi.
[2026-09-14 15:51:52]    -> Trang 002/67 xong (4.4s, 428 chars)
[2026-09-14 15:52:08]    -> Trang 003/67 xong (15.9s, 2501 chars)
[2026-09-14 15:52:15]    -> Trang 004/67 xong (7.2s, 1512 chars)
[2026-09-14 15:52:22]    -> Trang 005/67 xong (7.0s, 1642 chars)
[2026-09-14 15:52:30]    -> Trang 006/67 xong (8.1s, 1819 chars)
[2026-09-14 15:52:40]    -> Trang 007/67 xong (9.7s, 2555 chars)
[2026-09-14 15:52:50]    -> Trang 008/67 xong (9.7s, 2834 chars)
[2026-09-14 15:52:59]    -> Trang 009/67 xong (8.6s, 2507 chars)
[2026-09-14 15:53:03]    -> Trang 010/67 xong (4.0s, 649 chars)
[2026-09-14 15:53:10]    -> Trang 011/67 xong (7.0s, 1366 chars)
[2026-09-14 15:53:21]    -> Trang 012/67 xong (10.8s, 2939 chars)
[2026-09-14 15:53:29]    -> Trang 013/67 xong (8.2s, 2105 chars)
[2026-09-14 15:53:37]    -> Trang 014/67 xong (7.9s, 1813 chars)
[2026-09-14 15:53:47]    -> Trang 015/67 xong (9.2s, 2264 chars)
[2026-09-14 15:53:55]    -> Trang 016/67 xong (8.3s, 1649 chars)
[2026-09-14 15:54:11]    -> Trang 017/67 xong (15.6s, 4197 chars)
[2026-09-14 15:54:18]    -> Trang 018/67 xong (6.7s, 1324 chars)
[2026-09-14 15:54:21]    -> Trang 019/67 xong (3.6s, 412 chars)
[2026-09-14 15:54:28]    -> Trang 020/67 xong (6.1s, 1266 chars)
[2026-09-14 15:54:32]    -> Trang 021/67 xong (3.8s, 433 chars)
[2026-09-14 15:54:40]    -> Trang 022/67 xong (7.9s, 1838 chars)
[2026-09-14 15:54:46]    -> Trang 023/67 xong (6.1s, 1140 chars)
[2026-09-14 15:54:53]    -> Trang 024/67 xong (6.8s, 1378 chars)
[2026-09-14 15:55:01]    -> Trang 025/67 xong (8.7s, 2067 chars)
[2026-09-14 15:55:05]    -> Trang 026/67 xong (3.9s, 496 chars)
[2026-09-14 15:55:14]    -> Trang 027/67 xong (8.6s, 1990 chars)
[2026-09-14 15:55:21]    -> Trang 028/67 xong (6.8s, 1592 chars)
[2026-09-14 15:55:27]    -> Trang 029/67 xong (6.3s, 1341 chars)
[2026-09-14 15:55:35]    -> Trang 030/67 xong (7.8s, 1887 chars)
[2026-09-14 15:55:44]    -> Trang 031/67 xong (8.2s, 1912 chars)
[2026-09-14 15:55:49]    -> Trang 032/67 xong (5.1s, 931 chars)
[2026-09-14 15:55:58]    -> Trang 033/67 xong (8.7s, 2003 chars)
[2026-09-14 15:56:04]    -> Trang 034/67 xong (6.2s, 1389 chars)
[2026-09-14 15:56:13]    -> Trang 035/67 xong (8.7s, 1972 chars)
[2026-09-14 15:56:23]    -> Trang 036/67 xong (9.9s, 2218 chars)
[2026-09-14 15:56:30]    -> Trang 037/67 xong (7.3s, 1494 chars)
[2026-09-14 15:56:40]    -> Trang 038/67 xong (9.5s, 2133 chars)
[2026-09-14 15:56:45]    -> Trang 039/67 xong (5.4s, 1153 chars)
[2026-09-14 15:56:52]    -> Trang 040/67 xong (6.6s, 1636 chars)
[2026-09-14 15:56:58]    -> Trang 041/67 xong (5.6s, 1034 chars)
[2026-09-14 15:57:07]    -> Trang 042/67 xong (9.3s, 2362 chars)
[2026-09-14 15:57:12]    -> Trang 043/67 xong (4.9s, 904 chars)
[2026-09-14 15:57:21]    -> Trang 044/67 xong (9.0s, 2044 chars)
[2026-09-14 15:57:27]    -> Trang 045/67 xong (5.5s, 847 chars)
[2026-09-14 15:57:35]    -> Trang 046/67 xong (8.3s, 1703 chars)
[2026-09-14 15:57:44]    -> Trang 047/67 xong (8.8s, 1998 chars)
[2026-09-14 15:57:51]    -> Trang 048/67 xong (6.6s, 1327 chars)
[2026-09-14 15:57:59]    -> Trang 049/67 xong (7.7s, 1573 chars)
[2026-09-14 15:58:15]    -> Trang 050/67 xong (16.1s, 4648 chars)
[2026-09-14 15:58:24]    -> Trang 051/67 xong (9.0s, 2315 chars)
[2026-09-14 15:58:34]    -> Trang 052/67 xong (9.7s, 2785 chars)
[2026-09-14 15:58:40]    -> Trang 053/67 xong (5.7s, 801 chars)
[2026-09-14 15:58:47]    -> Trang 054/67 xong (6.8s, 1449 chars)
[2026-09-14 15:58:51]    -> Trang 055/67 xong (4.6s, 873 chars)
[2026-09-14 15:59:00]    -> Trang 056/67 xong (7.9s, 2069 chars)
[2026-09-14 15:59:04]    -> Trang 057/67 xong (4.3s, 845 chars)
[2026-09-14 15:59:12]    -> Trang 058/67 xong (7.9s, 1803 chars)
[2026-09-14 15:59:18]    -> Trang 059/67 xong (5.6s, 1299 chars)
[2026-09-14 15:59:25]    -> Trang 060/67 xong (7.4s, 1750 chars)
[2026-09-14 15:59:33]    -> Trang 061/67 xong (7.2s, 1741 chars)
[2026-09-14 15:59:41]    -> Trang 062/67 xong (8.0s, 1901 chars)
[2026-09-14 15:59:49]    -> Trang 063/67 xong (8.7s, 2030 chars)
[2026-09-14 15:59:56]    -> Trang 064/67 xong (6.4s, 1201 chars)
[2026-09-14 16:00:04]    -> Trang 065/67 xong (8.3s, 1345 chars)
[2026-09-14 16:00:20]    -> Trang 066/67 xong (15.4s, 3300 chars)
[2026-09-14 16:00:22]    ⚠️ Lỗi trang 067 (thử lại 1/3): HTTP Error 400: Bad Request
[2026-09-14 16:00:25]    ⚠️ Lỗi trang 067 (thử lại 2/3): HTTP Error 400: Bad Request
[2026-09-14 16:00:31]    ⚠️ Lỗi trang 067 (thử lại 3/3): HTTP Error 400: Bad Request
[2026-09-14 16:00:37]    ❌ Bỏ qua trang 067 sau 3 lần thử lỗi.
[2026-09-14 16:00:37] ✅ Hoàn tất cuốn: 11-sgk-giao-duc-the-chat-11-bong-ro (65/67 trang)
[2026-09-14 16:00:38] 
📖 [36/66] [GRADE-11 | Kỹ năng/Nghệ thuật | GIAO-DUC-THE-CHAT] 11-sgk-giao-duc-the-chat-11-cau-long
[2026-09-14 16:00:38]    Tiến độ: 0/82 trang (0.0%)
[2026-09-14 16:00:41]    -> Trang 001/82 xong (3.6s, 159 chars)
[2026-09-14 16:00:45]    -> Trang 002/82 xong (3.6s, 268 chars)
[2026-09-14 16:00:51]    -> Trang 003/82 xong (5.8s, 1185 chars)
[2026-09-14 16:00:56]    -> Trang 004/82 xong (5.3s, 1134 chars)
[2026-09-14 16:01:04]    -> Trang 005/82 xong (7.5s, 1645 chars)
[2026-09-14 16:01:13]    -> Trang 006/82 xong (9.1s, 2576 chars)
[2026-09-14 16:01:20]    -> Trang 007/82 xong (6.4s, 1421 chars)
[2026-09-14 16:01:29]    -> Trang 008/82 xong (8.9s, 2375 chars)
[2026-09-14 16:01:37]    -> Trang 009/82 xong (7.9s, 2175 chars)
[2026-09-14 16:01:44]    -> Trang 010/82 xong (7.3s, 1362 chars)
[2026-09-14 16:01:53]    -> Trang 011/82 xong (8.3s, 2156 chars)
[2026-09-14 16:02:02]    -> Trang 012/82 xong (9.3s, 2421 chars)
[2026-09-14 16:02:08]    -> Trang 013/82 xong (5.8s, 1330 chars)
[2026-09-14 16:02:13]    -> Trang 014/82 xong (5.3s, 996 chars)
[2026-09-14 16:02:22]    -> Trang 015/82 xong (8.2s, 2005 chars)
[2026-09-14 16:02:28]    -> Trang 016/82 xong (6.4s, 1483 chars)
[2026-09-14 16:02:35]    -> Trang 017/82 xong (7.1s, 1883 chars)
[2026-09-14 16:02:42]    -> Trang 018/82 xong (6.3s, 1231 chars)
[2026-09-14 16:02:49]    -> Trang 019/82 xong (6.9s, 1359 chars)
[2026-09-14 16:02:56]    -> Trang 020/82 xong (6.7s, 1333 chars)
[2026-09-14 16:03:01]    -> Trang 021/82 xong (4.9s, 927 chars)
[2026-09-14 16:03:08]    -> Trang 022/82 xong (7.0s, 1506 chars)
[2026-09-14 16:03:15]    -> Trang 023/82 xong (7.4s, 1281 chars)
[2026-09-14 16:03:23]    -> Trang 024/82 xong (7.8s, 1596 chars)
[2026-09-14 16:03:28]    -> Trang 025/82 xong (5.2s, 944 chars)
[2026-09-14 16:03:34]    -> Trang 026/82 xong (5.8s, 1278 chars)
[2026-09-14 16:03:41]    -> Trang 027/82 xong (7.0s, 1618 chars)
[2026-09-14 16:03:46]    -> Trang 028/82 xong (4.9s, 832 chars)
[2026-09-14 16:03:53]    -> Trang 029/82 xong (6.5s, 1319 chars)
[2026-09-14 16:03:59]    -> Trang 030/82 xong (6.2s, 1394 chars)
[2026-09-14 16:04:06]    -> Trang 031/82 xong (6.9s, 1363 chars)
[2026-09-14 16:04:24]    -> Trang 032/82 xong (16.9s, 4532 chars)
[2026-09-14 16:04:30]    -> Trang 033/82 xong (6.6s, 1384 chars)
[2026-09-14 16:04:37]    -> Trang 034/82 xong (6.6s, 1445 chars)
[2026-09-14 16:04:43]    -> Trang 035/82 xong (6.5s, 1326 chars)
[2026-09-14 16:04:50]    -> Trang 036/82 xong (6.9s, 1477 chars)
[2026-09-14 16:04:57]    -> Trang 037/82 xong (6.1s, 1171 chars)
[2026-09-14 16:05:03]    -> Trang 038/82 xong (5.9s, 1227 chars)
[2026-09-14 16:05:09]    -> Trang 039/82 xong (6.2s, 1394 chars)
[2026-09-14 16:05:15]    -> Trang 040/82 xong (5.9s, 1123 chars)
[2026-09-14 16:05:21]    -> Trang 041/82 xong (6.1s, 1091 chars)
[2026-09-14 16:05:27]    -> Trang 042/82 xong (5.6s, 1117 chars)
[2026-09-14 16:05:33]    -> Trang 043/82 xong (6.4s, 1406 chars)
[2026-09-14 16:05:40]    -> Trang 044/82 xong (6.0s, 1290 chars)
[2026-09-14 16:05:46]    -> Trang 045/82 xong (6.1s, 1213 chars)
[2026-09-14 16:05:52]    -> Trang 046/82 xong (6.2s, 1245 chars)
[2026-09-14 16:06:00]    -> Trang 047/82 xong (7.8s, 1620 chars)
[2026-09-14 16:06:08]    -> Trang 048/82 xong (7.9s, 1604 chars)
[2026-09-14 16:06:13]    -> Trang 049/82 xong (5.5s, 952 chars)
[2026-09-14 16:06:21]    -> Trang 050/82 xong (7.0s, 1513 chars)
[2026-09-14 16:06:27]    -> Trang 051/82 xong (6.6s, 1340 chars)
[2026-09-14 16:06:33]    -> Trang 052/82 xong (5.9s, 998 chars)
[2026-09-14 16:06:39]    -> Trang 053/82 xong (5.8s, 1085 chars)
[2026-09-14 16:06:46]    -> Trang 054/82 xong (6.4s, 1463 chars)
[2026-09-14 16:06:53]    -> Trang 055/82 xong (6.8s, 1377 chars)
[2026-09-14 16:06:59]    -> Trang 056/82 xong (6.2s, 1226 chars)
[2026-09-14 16:07:04]    -> Trang 057/82 xong (5.5s, 1039 chars)
[2026-09-14 16:07:10]    -> Trang 058/82 xong (5.4s, 991 chars)
[2026-09-14 16:07:17]    -> Trang 059/82 xong (7.2s, 1557 chars)
[2026-09-14 16:07:23]    -> Trang 060/82 xong (5.4s, 1042 chars)
[2026-09-14 16:07:29]    -> Trang 061/82 xong (6.4s, 1321 chars)
[2026-09-14 16:07:36]    -> Trang 062/82 xong (6.8s, 1301 chars)
[2026-09-14 16:07:44]    -> Trang 063/82 xong (7.4s, 1409 chars)
[2026-09-14 16:07:49]    -> Trang 064/82 xong (5.3s, 1039 chars)
[2026-09-14 16:07:55]    -> Trang 065/82 xong (5.3s, 1027 chars)
[2026-09-14 16:08:01]    -> Trang 066/82 xong (6.2s, 1290 chars)
[2026-09-14 16:08:09]    -> Trang 067/82 xong (7.5s, 1387 chars)
[2026-09-14 16:08:16]    -> Trang 068/82 xong (7.0s, 1308 chars)
[2026-09-14 16:08:22]    -> Trang 069/82 xong (6.0s, 1061 chars)
[2026-09-14 16:08:27]    -> Trang 070/82 xong (5.1s, 1097 chars)
[2026-09-14 16:08:35]    -> Trang 071/82 xong (7.4s, 1557 chars)
[2026-09-14 16:08:41]    -> Trang 072/82 xong (6.0s, 1297 chars)
[2026-09-14 16:08:47]    -> Trang 073/82 xong (6.5s, 1101 chars)
[2026-09-14 16:08:53]    -> Trang 074/82 xong (5.4s, 1146 chars)
[2026-09-14 16:09:00]    -> Trang 075/82 xong (7.5s, 1576 chars)
[2026-09-14 16:09:07]    -> Trang 076/82 xong (6.6s, 1480 chars)
[2026-09-14 16:09:13]    -> Trang 077/82 xong (6.3s, 1030 chars)
[2026-09-14 16:09:20]    -> Trang 078/82 xong (6.6s, 1248 chars)
[2026-09-14 16:09:27]    -> Trang 079/82 xong (6.4s, 1311 chars)
[2026-09-14 16:09:35]    -> Trang 080/82 xong (8.6s, 1799 chars)
[2026-09-14 16:09:43]    -> Trang 081/82 xong (7.1s, 1209 chars)
[2026-09-14 16:10:00]    -> Trang 082/82 xong (17.2s, 3218 chars)
[2026-09-14 16:10:00] ✅ Hoàn tất cuốn: 11-sgk-giao-duc-the-chat-11-cau-long (82/82 trang)
[2026-09-14 16:10:00] 
📖 [37/66] [GRADE-11 | Kỹ năng/Nghệ thuật | HOAT-DONG-TRAI-NGHIEM] 11-sgk-hoat-dong-trai-nghiem-huong-nghiep-11
[2026-09-14 16:10:00]    Tiến độ: 0/75 trang (0.0%)
[2026-09-14 16:10:17]    -> Trang 001/75 xong (16.5s, 2306 chars)
[2026-09-14 16:10:21]    -> Trang 002/75 xong (4.0s, 304 chars)
[2026-09-14 16:10:26]    -> Trang 003/75 xong (4.6s, 716 chars)
[2026-09-14 16:10:33]    -> Trang 004/75 xong (7.7s, 1808 chars)
[2026-09-14 16:10:39]    -> Trang 005/75 xong (5.6s, 1058 chars)
[2026-09-14 16:10:43]    -> Trang 006/75 xong (4.3s, 717 chars)
[2026-09-14 16:10:50]    -> Trang 007/75 xong (6.8s, 1654 chars)
[2026-09-14 16:10:58]    -> Trang 008/75 xong (7.9s, 1990 chars)
[2026-09-14 16:11:05]    -> Trang 009/75 xong (6.4s, 1453 chars)
[2026-09-14 16:11:13]    -> Trang 010/75 xong (7.7s, 1851 chars)
[2026-09-14 16:11:21]    -> Trang 011/75 xong (8.4s, 1862 chars)
[2026-09-14 16:11:29]    -> Trang 012/75 xong (7.4s, 1235 chars)
[2026-09-14 16:11:34]    -> Trang 013/75 xong (5.3s, 1048 chars)
[2026-09-14 16:11:38]    -> Trang 014/75 xong (3.7s, 510 chars)
[2026-09-14 16:11:43]    -> Trang 015/75 xong (5.4s, 1125 chars)
[2026-09-14 16:11:51]    -> Trang 016/75 xong (7.3s, 1377 chars)
[2026-09-14 16:11:57]    -> Trang 017/75 xong (6.7s, 1453 chars)
[2026-09-14 16:12:06]    -> Trang 018/75 xong (8.8s, 2379 chars)
[2026-09-14 16:12:13]    -> Trang 019/75 xong (6.2s, 1457 chars)
[2026-09-14 16:12:18]    -> Trang 020/75 xong (4.7s, 890 chars)
[2026-09-14 16:12:24]    -> Trang 021/75 xong (6.4s, 1384 chars)
[2026-09-14 16:12:31]    -> Trang 022/75 xong (6.4s, 1465 chars)
[2026-09-14 16:12:38]    -> Trang 023/75 xong (7.8s, 1897 chars)
[2026-09-14 16:12:45]    -> Trang 024/75 xong (6.4s, 1489 chars)
[2026-09-14 16:12:53]    -> Trang 025/75 xong (7.6s, 1578 chars)
[2026-09-14 16:13:00]    -> Trang 026/75 xong (7.2s, 1749 chars)
[2026-09-14 16:13:09]    -> Trang 027/75 xong (8.4s, 1896 chars)
[2026-09-14 16:13:14]    -> Trang 028/75 xong (5.5s, 1111 chars)
[2026-09-14 16:13:19]    -> Trang 029/75 xong (4.3s, 687 chars)
[2026-09-14 16:13:26]    -> Trang 030/75 xong (7.1s, 1482 chars)
[2026-09-14 16:13:33]    -> Trang 031/75 xong (7.6s, 1830 chars)
[2026-09-14 16:13:42]    -> Trang 032/75 xong (8.2s, 2087 chars)
[2026-09-14 16:13:48]    -> Trang 033/75 xong (5.9s, 1204 chars)
[2026-09-14 16:13:56]    -> Trang 034/75 xong (8.0s, 1763 chars)
[2026-09-14 16:14:06]    -> Trang 035/75 xong (9.7s, 2060 chars)
[2026-09-14 16:14:14]    -> Trang 036/75 xong (7.9s, 1824 chars)
[2026-09-14 16:14:20]    -> Trang 037/75 xong (6.6s, 1053 chars)
[2026-09-14 16:14:28]    -> Trang 038/75 xong (7.2s, 1462 chars)
[2026-09-14 16:14:35]    -> Trang 039/75 xong (6.8s, 1614 chars)
[2026-09-14 16:14:42]    -> Trang 040/75 xong (7.4s, 1599 chars)
[2026-09-14 16:14:51]    -> Trang 041/75 xong (8.2s, 1827 chars)
[2026-09-14 16:14:58]    -> Trang 042/75 xong (7.1s, 1288 chars)
[2026-09-14 16:15:05]    -> Trang 043/75 xong (7.0s, 1529 chars)
[2026-09-14 16:15:09]    -> Trang 044/75 xong (4.4s, 508 chars)
[2026-09-14 16:15:17]    -> Trang 045/75 xong (7.1s, 1254 chars)
[2026-09-14 16:15:26]    -> Trang 046/75 xong (8.9s, 1782 chars)
[2026-09-14 16:15:34]    -> Trang 047/75 xong (7.9s, 1419 chars)
[2026-09-14 16:15:42]    -> Trang 048/75 xong (8.4s, 1792 chars)
[2026-09-14 16:15:51]    -> Trang 049/75 xong (9.1s, 2413 chars)
[2026-09-14 16:15:55]    -> Trang 050/75 xong (3.9s, 475 chars)
[2026-09-14 16:16:01]    -> Trang 051/75 xong (5.9s, 1200 chars)
[2026-09-14 16:16:09]    -> Trang 052/75 xong (7.5s, 1674 chars)
[2026-09-14 16:16:17]    -> Trang 053/75 xong (8.2s, 2284 chars)
[2026-09-14 16:16:26]    -> Trang 054/75 xong (8.0s, 1845 chars)
[2026-09-14 16:16:31]    -> Trang 055/75 xong (5.3s, 1189 chars)
[2026-09-14 16:16:37]    -> Trang 056/75 xong (5.7s, 958 chars)
[2026-09-14 16:16:43]    -> Trang 057/75 xong (6.1s, 1109 chars)
[2026-09-14 16:16:50]    -> Trang 058/75 xong (7.1s, 1327 chars)
[2026-09-14 16:16:56]    -> Trang 059/75 xong (5.2s, 831 chars)
[2026-09-14 16:17:03]    -> Trang 060/75 xong (6.9s, 1430 chars)
[2026-09-14 16:17:09]    -> Trang 061/75 xong (6.3s, 1388 chars)
[2026-09-14 16:17:17]    -> Trang 062/75 xong (8.2s, 1838 chars)
[2026-09-14 16:17:23]    -> Trang 063/75 xong (5.2s, 695 chars)
[2026-09-14 16:17:28]    -> Trang 064/75 xong (5.7s, 1016 chars)
[2026-09-14 16:17:36]    -> Trang 065/75 xong (7.2s, 1553 chars)
[2026-09-14 16:17:44]    -> Trang 066/75 xong (8.0s, 1802 chars)
[2026-09-14 16:17:52]    -> Trang 067/75 xong (8.3s, 1698 chars)
[2026-09-14 16:17:57]    -> Trang 068/75 xong (4.6s, 629 chars)
[2026-09-14 16:18:04]    -> Trang 069/75 xong (6.9s, 1295 chars)
[2026-09-14 16:18:13]    -> Trang 070/75 xong (8.8s, 1606 chars)
[2026-09-14 16:18:32]    -> Trang 071/75 xong (19.2s, 11620 chars)
[2026-09-14 16:18:38]    -> Trang 072/75 xong (6.2s, 1196 chars)
[2026-09-14 16:18:46]    -> Trang 073/75 xong (7.8s, 1172 chars)
[2026-09-14 16:18:55]    -> Trang 074/75 xong (8.2s, 1642 chars)
[2026-09-14 16:19:04]    -> Trang 075/75 xong (9.6s, 1812 chars)
[2026-09-14 16:19:04] ✅ Hoàn tất cuốn: 11-sgk-hoat-dong-trai-nghiem-huong-nghiep-11 (75/75 trang)
[2026-09-14 16:19:04] 
📖 [38/66] [GRADE-11 | Kỹ năng/Nghệ thuật | MI-THUAT] 11-sgk-mi-thuat-11-dieu-khac
[2026-09-14 16:19:04]    Tiến độ: 0/36 trang (0.0%)
[2026-09-14 16:19:21]    -> Trang 001/36 xong (16.4s, 4043 chars)
[2026-09-14 16:19:26]    -> Trang 002/36 xong (4.8s, 558 chars)
[2026-09-14 16:19:29]    -> Trang 003/36 xong (3.5s, 243 chars)
[2026-09-14 16:19:35]    -> Trang 004/36 xong (5.9s, 993 chars)
[2026-09-14 16:19:41]    -> Trang 005/36 xong (5.2s, 1061 chars)
[2026-09-14 16:19:44]    -> Trang 006/36 xong (3.6s, 300 chars)
[2026-09-14 16:19:52]    -> Trang 007/36 xong (7.8s, 1463 chars)
[2026-09-14 16:19:58]    -> Trang 008/36 xong (5.6s, 999 chars)
[2026-09-14 16:20:04]    -> Trang 009/36 xong (6.5s, 1265 chars)
[2026-09-14 16:20:11]    -> Trang 010/36 xong (6.1s, 1098 chars)
[2026-09-14 16:20:17]    -> Trang 011/36 xong (5.8s, 1004 chars)
[2026-09-14 16:20:24]    -> Trang 012/36 xong (7.8s, 1638 chars)
[2026-09-14 16:20:30]    -> Trang 013/36 xong (5.5s, 975 chars)
[2026-09-14 16:20:38]    -> Trang 014/36 xong (7.6s, 1701 chars)
[2026-09-14 16:20:44]    -> Trang 015/36 xong (5.8s, 1163 chars)
[2026-09-14 16:20:49]    -> Trang 016/36 xong (5.2s, 958 chars)
[2026-09-14 16:20:58]    -> Trang 017/36 xong (8.8s, 1963 chars)
[2026-09-14 16:21:06]    -> Trang 018/36 xong (7.6s, 1881 chars)
[2026-09-14 16:21:13]    -> Trang 019/36 xong (7.5s, 1722 chars)
[2026-09-14 16:21:19]    -> Trang 020/36 xong (6.1s, 1195 chars)
[2026-09-14 16:21:28]    -> Trang 021/36 xong (8.0s, 1755 chars)
[2026-09-14 16:21:33]    -> Trang 022/36 xong (5.8s, 1157 chars)
[2026-09-14 16:21:42]    -> Trang 023/36 xong (8.4s, 1740 chars)
[2026-09-14 16:21:47]    -> Trang 024/36 xong (5.5s, 1175 chars)
[2026-09-14 16:21:55]    -> Trang 025/36 xong (7.2s, 1514 chars)
[2026-09-14 16:22:01]    -> Trang 026/36 xong (5.7s, 981 chars)
[2026-09-14 16:22:08]    -> Trang 027/36 xong (7.2s, 1477 chars)
[2026-09-14 16:22:16]    -> Trang 028/36 xong (7.8s, 1677 chars)
[2026-09-14 16:22:21]    -> Trang 029/36 xong (5.4s, 1051 chars)
[2026-09-14 16:22:27]    -> Trang 030/36 xong (5.7s, 1293 chars)
[2026-09-14 16:22:32]    -> Trang 031/36 xong (5.1s, 938 chars)
[2026-09-14 16:22:38]    -> Trang 032/36 xong (6.0s, 1369 chars)
[2026-09-14 16:22:43]    -> Trang 033/36 xong (4.0s, 633 chars)
[2026-09-14 16:22:51]    -> Trang 034/36 xong (8.2s, 1576 chars)
[2026-09-14 16:22:59]    -> Trang 035/36 xong (8.4s, 1312 chars)
[2026-09-14 16:23:10]    -> Trang 036/36 xong (10.2s, 1844 chars)
[2026-09-14 16:23:10] ✅ Hoàn tất cuốn: 11-sgk-mi-thuat-11-dieu-khac (36/36 trang)
[2026-09-14 16:23:10] 
📖 [39/66] [GRADE-11 | Kỹ năng/Nghệ thuật | MI-THUAT] 11-sgk-mi-thuat-11-do-hoa-tranh-in
[2026-09-14 16:23:10]    Tiến độ: 0/35 trang (0.0%)
[2026-09-14 16:23:25]    -> Trang 001/35 xong (15.7s, 3785 chars)
[2026-09-14 16:23:28]    -> Trang 002/35 xong (2.5s, 558 chars)
[2026-09-14 16:23:44]    -> Trang 003/35 xong (15.4s, 2397 chars)
[2026-09-14 16:23:49]    -> Trang 004/35 xong (5.0s, 1009 chars)
[2026-09-14 16:23:54]    -> Trang 005/35 xong (5.3s, 1129 chars)
[2026-09-14 16:23:57]    -> Trang 006/35 xong (3.3s, 272 chars)
[2026-09-14 16:24:03]    -> Trang 007/35 xong (5.4s, 1065 chars)
[2026-09-14 16:24:08]    -> Trang 008/35 xong (5.4s, 1002 chars)
[2026-09-14 16:24:13]    -> Trang 009/35 xong (4.3s, 702 chars)
[2026-09-14 16:24:17]    -> Trang 010/35 xong (4.1s, 654 chars)
[2026-09-14 16:24:23]    -> Trang 011/35 xong (5.5s, 994 chars)
[2026-09-14 16:24:27]    -> Trang 012/35 xong (4.4s, 728 chars)
[2026-09-14 16:24:34]    -> Trang 013/35 xong (6.2s, 1222 chars)
[2026-09-14 16:24:40]    -> Trang 014/35 xong (6.1s, 1175 chars)
[2026-09-14 16:24:44]    -> Trang 015/35 xong (3.9s, 553 chars)
[2026-09-14 16:24:48]    -> Trang 016/35 xong (4.1s, 657 chars)
[2026-09-14 16:24:52]    -> Trang 017/35 xong (3.7s, 508 chars)
[2026-09-14 16:24:58]    -> Trang 018/35 xong (6.4s, 1017 chars)
[2026-09-14 16:25:03]    -> Trang 019/35 xong (4.5s, 638 chars)
[2026-09-14 16:25:08]    -> Trang 020/35 xong (5.4s, 914 chars)
[2026-09-14 16:25:13]    -> Trang 021/35 xong (4.9s, 772 chars)
[2026-09-14 16:25:19]    -> Trang 022/35 xong (5.6s, 1078 chars)
[2026-09-14 16:25:23]    -> Trang 023/35 xong (3.9s, 429 chars)
[2026-09-14 16:25:29]    -> Trang 024/35 xong (5.9s, 1157 chars)
[2026-09-14 16:25:36]    -> Trang 025/35 xong (6.7s, 1552 chars)
[2026-09-14 16:25:41]    -> Trang 026/35 xong (4.6s, 786 chars)
[2026-09-14 16:25:45]    -> Trang 027/35 xong (3.9s, 562 chars)
[2026-09-14 16:25:49]    -> Trang 028/35 xong (4.2s, 529 chars)
[2026-09-14 16:25:55]    -> Trang 029/35 xong (5.8s, 910 chars)
[2026-09-14 16:25:59]    -> Trang 030/35 xong (3.9s, 586 chars)
[2026-09-14 16:26:05]    -> Trang 031/35 xong (5.6s, 1125 chars)
[2026-09-14 16:26:08]    -> Trang 032/35 xong (2.7s, 143 chars)
[2026-09-14 16:26:15]    -> Trang 033/35 xong (6.8s, 1239 chars)
[2026-09-14 16:26:21]    -> Trang 034/35 xong (6.8s, 1212 chars)
[2026-09-14 16:26:37]    -> Trang 035/35 xong (15.9s, 3568 chars)
[2026-09-14 16:26:37] ✅ Hoàn tất cuốn: 11-sgk-mi-thuat-11-do-hoa-tranh-in (35/35 trang)
[2026-09-14 16:26:37] 
📖 [40/66] [GRADE-11 | Kỹ năng/Nghệ thuật | MI-THUAT] 11-sgk-mi-thuat-11-hoi-hoa
[2026-09-14 16:26:37]    Tiến độ: 0/34 trang (0.0%)
[2026-09-14 16:26:43]    -> Trang 001/34 xong (5.5s, 1015 chars)
[2026-09-14 16:26:47]    -> Trang 002/34 xong (3.5s, 262 chars)
[2026-09-14 16:26:52]    -> Trang 003/34 xong (4.8s, 867 chars)
[2026-09-14 16:26:56]    -> Trang 004/34 xong (4.7s, 914 chars)
[2026-09-14 16:27:00]    -> Trang 005/34 xong (3.2s, 263 chars)
[2026-09-14 16:27:07]    -> Trang 006/34 xong (7.7s, 1829 chars)
[2026-09-14 16:27:13]    -> Trang 007/34 xong (5.4s, 938 chars)
[2026-09-14 16:27:19]    -> Trang 008/34 xong (6.3s, 1265 chars)
[2026-09-14 16:27:25]    -> Trang 009/34 xong (5.8s, 1198 chars)
[2026-09-14 16:27:31]    -> Trang 010/34 xong (5.2s, 984 chars)
[2026-09-14 16:27:35]    -> Trang 011/34 xong (4.7s, 856 chars)
[2026-09-14 16:27:42]    -> Trang 012/34 xong (6.3s, 1511 chars)
[2026-09-14 16:27:48]    -> Trang 013/34 xong (6.3s, 1448 chars)
[2026-09-14 16:27:54]    -> Trang 014/34 xong (5.5s, 1132 chars)
[2026-09-14 16:27:59]    -> Trang 015/34 xong (4.7s, 850 chars)
[2026-09-14 16:28:03]    -> Trang 016/34 xong (4.1s, 617 chars)
[2026-09-14 16:28:08]    -> Trang 017/34 xong (4.6s, 816 chars)
[2026-09-14 16:28:13]    -> Trang 018/34 xong (5.2s, 1103 chars)
[2026-09-14 16:28:19]    -> Trang 019/34 xong (6.0s, 1189 chars)
[2026-09-14 16:28:26]    -> Trang 020/34 xong (6.4s, 1497 chars)
[2026-09-14 16:28:31]    -> Trang 021/34 xong (5.5s, 1009 chars)
[2026-09-14 16:28:38]    -> Trang 022/34 xong (6.4s, 1405 chars)
[2026-09-14 16:28:43]    -> Trang 023/34 xong (4.7s, 914 chars)
[2026-09-14 16:28:49]    -> Trang 024/34 xong (6.0s, 1208 chars)
[2026-09-14 16:28:54]    -> Trang 025/34 xong (4.9s, 1059 chars)
[2026-09-14 16:28:58]    -> Trang 026/34 xong (3.7s, 554 chars)
[2026-09-14 16:29:03]    -> Trang 027/34 xong (4.9s, 859 chars)
[2026-09-14 16:29:06]    -> Trang 028/34 xong (3.4s, 374 chars)
[2026-09-14 16:29:11]    -> Trang 029/34 xong (4.8s, 831 chars)
[2026-09-14 16:29:15]    -> Trang 030/34 xong (4.0s, 550 chars)
[2026-09-14 16:29:20]    -> Trang 031/34 xong (4.7s, 834 chars)
[2026-09-14 16:29:27]    -> Trang 032/34 xong (6.8s, 1464 chars)
[2026-09-14 16:29:34]    -> Trang 033/34 xong (7.1s, 1348 chars)
[2026-09-14 16:29:50]    -> Trang 034/34 xong (15.8s, 4255 chars)
[2026-09-14 16:29:50] ✅ Hoàn tất cuốn: 11-sgk-mi-thuat-11-hoi-hoa (34/34 trang)
[2026-09-14 16:29:50] 
📖 [41/66] [GRADE-11 | Kỹ năng/Nghệ thuật | MI-THUAT] 11-sgk-mi-thuat-11-kien-truc
[2026-09-14 16:29:50]    Tiến độ: 0/36 trang (0.0%)
[2026-09-14 16:30:09]    -> Trang 001/36 xong (18.2s, 4736 chars)
[2026-09-14 16:30:14]    -> Trang 002/36 xong (5.0s, 558 chars)
[2026-09-14 16:30:18]    -> Trang 003/36 xong (4.0s, 272 chars)
[2026-09-14 16:30:23]    -> Trang 004/36 xong (5.1s, 1006 chars)
[2026-09-14 16:30:29]    -> Trang 005/36 xong (5.6s, 843 chars)
[2026-09-14 16:30:33]    -> Trang 006/36 xong (4.1s, 228 chars)
[2026-09-14 16:30:42]    -> Trang 007/36 xong (9.0s, 1421 chars)
[2026-09-14 16:30:47]    -> Trang 008/36 xong (5.1s, 498 chars)
[2026-09-14 16:30:54]    -> Trang 009/36 xong (6.5s, 904 chars)
[2026-09-14 16:31:02]    -> Trang 010/36 xong (8.2s, 1408 chars)
[2026-09-14 16:31:10]    -> Trang 011/36 xong (8.0s, 1357 chars)
[2026-09-14 16:31:19]    -> Trang 012/36 xong (8.5s, 1403 chars)
[2026-09-14 16:31:25]    -> Trang 013/36 xong (6.4s, 869 chars)
[2026-09-14 16:31:31]    -> Trang 014/36 xong (5.9s, 902 chars)
[2026-09-14 16:31:39]    -> Trang 015/36 xong (7.7s, 1020 chars)
[2026-09-14 16:31:48]    -> Trang 016/36 xong (8.5s, 1764 chars)
[2026-09-14 16:31:56]    -> Trang 017/36 xong (7.7s, 1528 chars)
[2026-09-14 16:32:04]    -> Trang 018/36 xong (7.9s, 1200 chars)
[2026-09-14 16:32:11]    -> Trang 019/36 xong (7.5s, 1417 chars)
[2026-09-14 16:32:19]    -> Trang 020/36 xong (7.2s, 1113 chars)
[2026-09-14 16:32:27]    -> Trang 021/36 xong (8.4s, 1669 chars)
[2026-09-14 16:32:33]    -> Trang 022/36 xong (6.0s, 960 chars)
[2026-09-14 16:32:39]    -> Trang 023/36 xong (5.8s, 831 chars)
[2026-09-14 16:32:47]    -> Trang 024/36 xong (7.6s, 1263 chars)
[2026-09-14 16:32:54]    -> Trang 025/36 xong (7.2s, 1357 chars)
[2026-09-14 16:33:02]    -> Trang 026/36 xong (8.0s, 1370 chars)
[2026-09-14 16:33:12]    -> Trang 027/36 xong (10.0s, 1972 chars)
[2026-09-14 16:33:20]    -> Trang 028/36 xong (7.6s, 857 chars)
[2026-09-14 16:33:26]    -> Trang 029/36 xong (5.9s, 750 chars)
[2026-09-14 16:33:32]    -> Trang 030/36 xong (6.3s, 826 chars)
[2026-09-14 16:33:39]    -> Trang 031/36 xong (6.8s, 926 chars)
[2026-09-14 16:33:46]    -> Trang 032/36 xong (6.3s, 683 chars)
[2026-09-14 16:33:54]    -> Trang 033/36 xong (8.2s, 935 chars)
[2026-09-14 16:34:00]    -> Trang 034/36 xong (6.3s, 794 chars)
[2026-09-14 16:34:10]    -> Trang 035/36 xong (9.7s, 1427 chars)
[2026-09-14 16:34:23]    -> Trang 036/36 xong (12.6s, 1727 chars)
[2026-09-14 16:34:23] ✅ Hoàn tất cuốn: 11-sgk-mi-thuat-11-kien-truc (36/36 trang)
[2026-09-14 16:34:23] 
📖 [42/66] [GRADE-11 | Kỹ năng/Nghệ thuật | MI-THUAT] 11-sgk-mi-thuat-11-li-luan-va-lich-su-mi-thuat
[2026-09-14 16:34:23]    Tiến độ: 0/35 trang (0.0%)
[2026-09-14 16:34:43]    -> Trang 001/35 xong (20.2s, 3159 chars)
[2026-09-14 16:34:47]    -> Trang 002/35 xong (3.4s, 558 chars)
[2026-09-14 16:34:51]    -> Trang 003/35 xong (4.6s, 262 chars)
[2026-09-14 16:34:58]    -> Trang 004/35 xong (6.2s, 956 chars)
[2026-09-14 16:35:04]    -> Trang 005/35 xong (5.8s, 958 chars)
[2026-09-14 16:35:08]    -> Trang 006/35 xong (4.4s, 335 chars)
[2026-09-14 16:35:26]    -> Trang 007/35 xong (18.0s, 3540 chars)
[2026-09-14 16:35:35]    -> Trang 008/35 xong (8.4s, 1135 chars)
[2026-09-14 16:35:46]    -> Trang 009/35 xong (10.8s, 1951 chars)
[2026-09-14 16:35:54]    -> Trang 010/35 xong (8.6s, 1556 chars)
[2026-09-14 16:36:02]    -> Trang 011/35 xong (7.8s, 1374 chars)
[2026-09-14 16:36:13]    -> Trang 012/35 xong (10.3s, 1477 chars)
[2026-09-14 16:36:24]    -> Trang 013/35 xong (11.0s, 1575 chars)
[2026-09-14 16:36:33]    -> Trang 014/35 xong (9.1s, 1579 chars)
[2026-09-14 16:36:40]    -> Trang 015/35 xong (6.5s, 812 chars)
[2026-09-14 16:36:52]    -> Trang 016/35 xong (12.1s, 1575 chars)
[2026-09-14 16:37:02]    -> Trang 017/35 xong (10.5s, 1546 chars)
[2026-09-14 16:37:10]    -> Trang 018/35 xong (7.8s, 1670 chars)
[2026-09-14 16:37:19]    -> Trang 019/35 xong (8.6s, 1529 chars)
[2026-09-14 16:37:29]    -> Trang 020/35 xong (9.5s, 1978 chars)
[2026-09-14 16:37:41]    -> Trang 021/35 xong (12.2s, 2001 chars)
[2026-09-14 16:37:51]    -> Trang 022/35 xong (9.6s, 1472 chars)
[2026-09-14 16:37:59]    -> Trang 023/35 xong (8.3s, 989 chars)
[2026-09-14 16:38:08]    -> Trang 024/35 xong (8.6s, 898 chars)
[2026-09-14 16:38:16]    -> Trang 025/35 xong (7.9s, 1637 chars)
[2026-09-14 16:38:23]    -> Trang 026/35 xong (6.8s, 1164 chars)
[2026-09-14 16:38:29]    -> Trang 027/35 xong (6.6s, 1174 chars)
[2026-09-14 16:38:36]    -> Trang 028/35 xong (7.0s, 1562 chars)
[2026-09-14 16:38:44]    -> Trang 029/35 xong (7.0s, 1402 chars)
[2026-09-14 16:38:50]    -> Trang 030/35 xong (6.7s, 1388 chars)
[2026-09-14 16:38:58]    -> Trang 031/35 xong (7.9s, 1773 chars)
[2026-09-14 16:39:06]    -> Trang 032/35 xong (7.5s, 1430 chars)
[2026-09-14 16:39:13]    -> Trang 033/35 xong (6.4s, 764 chars)
[2026-09-14 16:39:22]    -> Trang 034/35 xong (9.0s, 1258 chars)
[2026-09-14 16:39:34]    -> Trang 035/35 xong (12.8s, 1826 chars)
[2026-09-14 16:39:34] ✅ Hoàn tất cuốn: 11-sgk-mi-thuat-11-li-luan-va-lich-su-mi-thuat (35/35 trang)
[2026-09-14 16:39:35] 
📖 [43/66] [GRADE-11 | Kỹ năng/Nghệ thuật | MI-THUAT] 11-sgk-mi-thuat-11-thiet-ke-cong-nghiep
[2026-09-14 16:39:35]    Tiến độ: 0/35 trang (0.0%)
[2026-09-14 16:39:47]    -> Trang 001/35 xong (11.9s, 1916 chars)
[2026-09-14 16:39:50]    -> Trang 002/35 xong (3.3s, 558 chars)
[2026-09-14 16:39:55]    -> Trang 003/35 xong (5.2s, 266 chars)
[2026-09-14 16:40:01]    -> Trang 004/35 xong (6.1s, 772 chars)
[2026-09-14 16:40:08]    -> Trang 005/35 xong (6.8s, 1064 chars)
[2026-09-14 16:40:13]    -> Trang 006/35 xong (4.3s, 271 chars)
[2026-09-14 16:40:21]    -> Trang 007/35 xong (8.2s, 1625 chars)
[2026-09-14 16:40:28]    -> Trang 008/35 xong (6.5s, 985 chars)
[2026-09-14 16:40:38]    -> Trang 009/35 xong (10.1s, 1771 chars)
[2026-09-14 16:40:47]    -> Trang 010/35 xong (9.1s, 1902 chars)
[2026-09-14 16:40:56]    -> Trang 011/35 xong (8.6s, 1806 chars)
[2026-09-14 16:41:04]    -> Trang 012/35 xong (8.2s, 1616 chars)
[2026-09-14 16:41:13]    -> Trang 013/35 xong (8.6s, 1861 chars)
[2026-09-14 16:41:21]    -> Trang 014/35 xong (8.2s, 1636 chars)
[2026-09-14 16:41:28]    -> Trang 015/35 xong (6.8s, 1275 chars)
[2026-09-14 16:41:33]    -> Trang 016/35 xong (5.1s, 582 chars)
[2026-09-14 16:41:40]    -> Trang 017/35 xong (6.9s, 1181 chars)
[2026-09-14 16:41:48]    -> Trang 018/35 xong (7.3s, 1172 chars)
[2026-09-14 16:41:57]    -> Trang 019/35 xong (9.4s, 1485 chars)
[2026-09-14 16:42:04]    -> Trang 020/35 xong (6.3s, 569 chars)
[2026-09-14 16:42:10]    -> Trang 021/35 xong (6.6s, 1151 chars)
[2026-09-14 16:42:17]    -> Trang 022/35 xong (6.5s, 1152 chars)
[2026-09-14 16:42:23]    -> Trang 023/35 xong (6.4s, 1113 chars)
[2026-09-14 16:42:29]    -> Trang 024/35 xong (5.2s, 794 chars)
[2026-09-14 16:42:33]    -> Trang 025/35 xong (4.0s, 312 chars)
[2026-09-14 16:42:37]    -> Trang 026/35 xong (4.2s, 408 chars)
[2026-09-14 16:42:42]    -> Trang 027/35 xong (4.5s, 435 chars)
[2026-09-14 16:42:49]    -> Trang 028/35 xong (7.3s, 1303 chars)
[2026-09-14 16:42:55]    -> Trang 029/35 xong (5.7s, 822 chars)
[2026-09-14 16:43:03]    -> Trang 030/35 xong (7.5s, 1375 chars)
[2026-09-14 16:43:07]    -> Trang 031/35 xong (3.8s, 204 chars)
[2026-09-14 16:43:15]    -> Trang 032/35 xong (8.4s, 1721 chars)
[2026-09-14 16:43:23]    -> Trang 033/35 xong (7.6s, 1288 chars)
[2026-09-14 16:43:31]    -> Trang 034/35 xong (8.4s, 1443 chars)
[2026-09-14 16:43:42]    -> Trang 035/35 xong (11.2s, 1812 chars)
[2026-09-14 16:43:42] ✅ Hoàn tất cuốn: 11-sgk-mi-thuat-11-thiet-ke-cong-nghiep (35/35 trang)
[2026-09-14 16:43:43] 
📖 [44/66] [GRADE-11 | Kỹ năng/Nghệ thuật | MI-THUAT] 11-sgk-mi-thuat-11-thiet-ke-do-hoa
[2026-09-14 16:43:43]    Tiến độ: 0/35 trang (0.0%)
[2026-09-14 16:44:00]    -> Trang 001/35 xong (17.2s, 3591 chars)
[2026-09-14 16:44:03]    -> Trang 002/35 xong (2.7s, 558 chars)
[2026-09-14 16:44:07]    -> Trang 003/35 xong (4.5s, 270 chars)
[2026-09-14 16:44:13]    -> Trang 004/35 xong (5.9s, 1007 chars)
[2026-09-14 16:44:18]    -> Trang 005/35 xong (5.2s, 737 chars)
[2026-09-14 16:44:22]    -> Trang 006/35 xong (4.0s, 233 chars)
[2026-09-14 16:44:30]    -> Trang 007/35 xong (7.7s, 1422 chars)
[2026-09-14 16:44:36]    -> Trang 008/35 xong (5.9s, 847 chars)
[2026-09-14 16:44:45]    -> Trang 009/35 xong (8.4s, 1860 chars)
[2026-09-14 16:44:52]    -> Trang 010/35 xong (7.4s, 1525 chars)
[2026-09-14 16:44:59]    -> Trang 011/35 xong (6.6s, 1105 chars)
[2026-09-14 16:45:04]    -> Trang 012/35 xong (5.3s, 713 chars)
[2026-09-14 16:45:11]    -> Trang 013/35 xong (6.8s, 1170 chars)
[2026-09-14 16:45:18]    -> Trang 014/35 xong (6.6s, 1044 chars)
[2026-09-14 16:45:24]    -> Trang 015/35 xong (5.7s, 843 chars)
[2026-09-14 16:45:31]    -> Trang 016/35 xong (7.4s, 1366 chars)
[2026-09-14 16:45:39]    -> Trang 017/35 xong (7.0s, 1179 chars)
[2026-09-14 16:45:46]    -> Trang 018/35 xong (7.3s, 1332 chars)
[2026-09-14 16:45:51]    -> Trang 019/35 xong (4.9s, 558 chars)
[2026-09-14 16:45:57]    -> Trang 020/35 xong (5.8s, 803 chars)
[2026-09-14 16:46:09]    -> Trang 021/35 xong (11.9s, 2788 chars)
[2026-09-14 16:46:15]    -> Trang 022/35 xong (6.1s, 1027 chars)
[2026-09-14 16:46:21]    -> Trang 023/35 xong (5.8s, 806 chars)
[2026-09-14 16:46:26]    -> Trang 024/35 xong (5.3s, 633 chars)
[2026-09-14 16:46:33]    -> Trang 025/35 xong (6.1s, 777 chars)
[2026-09-14 16:46:38]    -> Trang 026/35 xong (5.5s, 486 chars)
[2026-09-14 16:46:56]    -> Trang 027/35 xong (17.6s, 3798 chars)
[2026-09-14 16:47:01]    -> Trang 028/35 xong (4.5s, 441 chars)
[2026-09-14 16:47:05]    -> Trang 029/35 xong (4.3s, 355 chars)
[2026-09-14 16:47:12]    -> Trang 030/35 xong (6.7s, 1290 chars)
[2026-09-14 16:47:21]    -> Trang 031/35 xong (9.0s, 2157 chars)
[2026-09-14 16:47:26]    -> Trang 032/35 xong (4.8s, 549 chars)
[2026-09-14 16:47:32]    -> Trang 033/35 xong (5.6s, 1036 chars)
[2026-09-14 16:47:39]    -> Trang 034/35 xong (7.5s, 1275 chars)
[2026-09-14 16:47:51]    -> Trang 035/35 xong (11.2s, 1994 chars)
[2026-09-14 16:47:51] ✅ Hoàn tất cuốn: 11-sgk-mi-thuat-11-thiet-ke-do-hoa (35/35 trang)
[2026-09-14 16:47:51] 
📖 [45/66] [GRADE-11 | Kỹ năng/Nghệ thuật | MI-THUAT] 11-sgk-mi-thuat-11-thiet-ke-mi-thuat-da-phuong-tien
[2026-09-14 16:47:51]    Tiến độ: 0/35 trang (0.0%)
[2026-09-14 16:48:01]    -> Trang 001/35 xong (10.3s, 2131 chars)
[2026-09-14 16:48:04]    -> Trang 002/35 xong (3.0s, 558 chars)
[2026-09-14 16:48:08]    -> Trang 003/35 xong (4.4s, 281 chars)
[2026-09-14 16:48:15]    -> Trang 004/35 xong (6.0s, 1048 chars)
[2026-09-14 16:48:21]    -> Trang 005/35 xong (6.0s, 986 chars)
[2026-09-14 16:48:25]    -> Trang 006/35 xong (4.0s, 233 chars)
[2026-09-14 16:48:33]    -> Trang 007/35 xong (8.0s, 1794 chars)
[2026-09-14 16:48:39]    -> Trang 008/35 xong (6.5s, 1188 chars)
[2026-09-14 16:48:50]    -> Trang 009/35 xong (10.3s, 2150 chars)
[2026-09-14 16:48:58]    -> Trang 010/35 xong (7.6s, 1376 chars)
[2026-09-14 16:49:07]    -> Trang 011/35 xong (8.9s, 1543 chars)
[2026-09-14 16:49:15]    -> Trang 012/35 xong (8.1s, 1790 chars)
[2026-09-14 16:49:22]    -> Trang 013/35 xong (7.3s, 1570 chars)
[2026-09-14 16:49:29]    -> Trang 014/35 xong (6.3s, 847 chars)
[2026-09-14 16:49:46]    -> Trang 015/35 xong (16.9s, 4900 chars)
[2026-09-14 16:49:55]    -> Trang 016/35 xong (8.9s, 1853 chars)
[2026-09-14 16:50:02]    -> Trang 017/35 xong (7.3s, 1569 chars)
[2026-09-14 16:50:09]    -> Trang 018/35 xong (6.6s, 1283 chars)
[2026-09-14 16:50:15]    -> Trang 019/35 xong (6.4s, 1247 chars)
[2026-09-14 16:50:25]    -> Trang 020/35 xong (9.9s, 2553 chars)
[2026-09-14 16:50:31]    -> Trang 021/35 xong (5.2s, 684 chars)
[2026-09-14 16:50:43]    -> Trang 022/35 xong (12.6s, 3357 chars)
[2026-09-14 16:50:58]    -> Trang 023/35 xong (14.3s, 3328 chars)
[2026-09-14 16:51:05]    -> Trang 024/35 xong (6.7s, 976 chars)
[2026-09-14 16:51:11]    -> Trang 025/35 xong (6.4s, 1152 chars)
[2026-09-14 16:51:18]    -> Trang 026/35 xong (7.1s, 1400 chars)
[2026-09-14 16:51:26]    -> Trang 027/35 xong (7.6s, 1226 chars)
[2026-09-14 16:51:35]    -> Trang 028/35 xong (8.4s, 1668 chars)
[2026-09-14 16:51:41]    -> Trang 029/35 xong (6.3s, 1252 chars)
[2026-09-14 16:51:48]    -> Trang 030/35 xong (6.9s, 1485 chars)
[2026-09-14 16:51:57]    -> Trang 031/35 xong (9.1s, 2093 chars)
[2026-09-14 16:52:05]    -> Trang 032/35 xong (8.0s, 1664 chars)
[2026-09-14 16:52:15]    -> Trang 033/35 xong (9.4s, 1515 chars)
[2026-09-14 16:52:23]    -> Trang 034/35 xong (8.0s, 1457 chars)
[2026-09-14 16:52:41]    -> Trang 035/35 xong (17.6s, 3806 chars)
[2026-09-14 16:52:41] ✅ Hoàn tất cuốn: 11-sgk-mi-thuat-11-thiet-ke-mi-thuat-da-phuong-tien (35/35 trang)
[2026-09-14 16:52:41] 
📖 [46/66] [GRADE-11 | Kỹ năng/Nghệ thuật | MI-THUAT] 11-sgk-mi-thuat-11-thiet-ke-mi-thuat-san-khau-dien-anh
[2026-09-14 16:52:41]    Tiến độ: 0/39 trang (0.0%)
[2026-09-14 16:52:58]    -> Trang 001/39 xong (16.7s, 4064 chars)
[2026-09-14 16:53:00]    -> Trang 002/39 xong (2.7s, 558 chars)
[2026-09-14 16:53:06]    -> Trang 003/39 xong (5.1s, 526 chars)
[2026-09-14 16:53:11]    -> Trang 004/39 xong (5.5s, 847 chars)
[2026-09-14 16:53:17]    -> Trang 005/39 xong (6.3s, 1229 chars)
[2026-09-14 16:53:22]    -> Trang 006/39 xong (4.7s, 525 chars)
[2026-09-14 16:53:30]    -> Trang 007/39 xong (7.7s, 1101 chars)
[2026-09-14 16:53:37]    -> Trang 008/39 xong (7.1s, 827 chars)
[2026-09-14 16:53:44]    -> Trang 009/39 xong (6.4s, 1194 chars)
[2026-09-14 16:53:50]    -> Trang 010/39 xong (6.0s, 787 chars)
[2026-09-14 16:53:57]    -> Trang 011/39 xong (6.8s, 1296 chars)
[2026-09-14 16:54:02]    -> Trang 012/39 xong (4.6s, 556 chars)
[2026-09-14 16:54:08]    -> Trang 013/39 xong (5.8s, 596 chars)
[2026-09-14 16:54:15]    -> Trang 014/39 xong (6.9s, 1163 chars)
[2026-09-14 16:54:24]    -> Trang 015/39 xong (9.3s, 1436 chars)
[2026-09-14 16:54:31]    -> Trang 016/39 xong (6.5s, 1052 chars)
[2026-09-14 16:54:39]    -> Trang 017/39 xong (8.6s, 1632 chars)
[2026-09-14 16:54:47]    -> Trang 018/39 xong (8.1s, 1226 chars)
[2026-09-14 16:54:54]    -> Trang 019/39 xong (6.7s, 900 chars)
[2026-09-14 16:55:01]    -> Trang 020/39 xong (6.8s, 1296 chars)
[2026-09-14 16:55:08]    -> Trang 021/39 xong (6.4s, 929 chars)
[2026-09-14 16:55:18]    -> Trang 022/39 xong (10.3s, 1682 chars)
[2026-09-14 16:55:28]    -> Trang 023/39 xong (9.3s, 1510 chars)
[2026-09-14 16:55:36]    -> Trang 024/39 xong (8.6s, 1304 chars)
[2026-09-14 16:55:55]    -> Trang 025/39 xong (18.9s, 4139 chars)
[2026-09-14 16:56:03]    -> Trang 026/39 xong (7.2s, 1011 chars)
[2026-09-14 16:56:11]    -> Trang 027/39 xong (7.6s, 1101 chars)
[2026-09-14 16:56:19]    -> Trang 028/39 xong (8.0s, 1340 chars)
[2026-09-14 16:56:24]    -> Trang 029/39 xong (5.6s, 540 chars)
[2026-09-14 16:56:32]    -> Trang 030/39 xong (7.6s, 1252 chars)
[2026-09-14 16:56:41]    -> Trang 031/39 xong (8.8s, 1181 chars)
[2026-09-14 16:56:47]    -> Trang 032/39 xong (6.3s, 653 chars)
[2026-09-14 16:56:56]    -> Trang 033/39 xong (8.7s, 1502 chars)
[2026-09-14 16:57:03]    -> Trang 034/39 xong (6.6s, 633 chars)
[2026-09-14 16:57:11]    -> Trang 035/39 xong (8.0s, 1221 chars)
[2026-09-14 16:57:19]    -> Trang 036/39 xong (8.2s, 1474 chars)
[2026-09-14 16:57:30]    -> Trang 037/39 xong (10.5s, 1714 chars)
[2026-09-14 16:57:42]    -> Trang 038/39 xong (12.0s, 1727 chars)
[2026-09-14 16:58:04]    -> Trang 039/39 xong (21.7s, 3218 chars)
[2026-09-14 16:58:04] ✅ Hoàn tất cuốn: 11-sgk-mi-thuat-11-thiet-ke-mi-thuat-san-khau-dien-anh (39/39 trang)
[2026-09-14 16:58:04] 
📖 [47/66] [GRADE-11 | Kỹ năng/Nghệ thuật | MI-THUAT] 11-sgk-mi-thuat-11-thiet-ke-thoi-trang
[2026-09-14 16:58:04]    Tiến độ: 0/44 trang (0.0%)
[2026-09-14 16:58:09]    -> Trang 001/44 xong (4.5s, 154 chars)
[2026-09-14 16:58:12]    -> Trang 002/44 xong (3.1s, 558 chars)
[2026-09-14 16:58:17]    -> Trang 003/44 xong (5.4s, 270 chars)
[2026-09-14 16:58:24]    -> Trang 004/44 xong (6.3s, 865 chars)
[2026-09-14 16:58:31]    -> Trang 005/44 xong (7.3s, 1127 chars)
[2026-09-14 16:58:36]    -> Trang 006/44 xong (5.1s, 411 chars)
[2026-09-14 16:58:45]    -> Trang 007/44 xong (8.5s, 1354 chars)
[2026-09-14 16:58:55]    -> Trang 008/44 xong (9.8s, 1742 chars)
[2026-09-14 16:59:00]    -> Trang 009/44 xong (5.3s, 561 chars)
[2026-09-14 16:59:07]    -> Trang 010/44 xong (6.9s, 761 chars)
[2026-09-14 16:59:13]    -> Trang 011/44 xong (5.7s, 687 chars)
[2026-09-14 16:59:20]    -> Trang 012/44 xong (7.3s, 1395 chars)
[2026-09-14 16:59:27]    -> Trang 013/44 xong (7.1s, 946 chars)
[2026-09-14 16:59:33]    -> Trang 014/44 xong (5.8s, 856 chars)
[2026-09-14 16:59:41]    -> Trang 015/44 xong (7.1s, 1077 chars)
[2026-09-14 16:59:48]    -> Trang 016/44 xong (7.7s, 1008 chars)
[2026-09-14 16:59:56]    -> Trang 017/44 xong (7.0s, 1137 chars)
[2026-09-14 17:00:05]    -> Trang 018/44 xong (9.2s, 1451 chars)
[2026-09-14 17:00:13]    -> Trang 019/44 xong (8.5s, 1862 chars)
[2026-09-14 17:00:19]    -> Trang 020/44 xong (5.4s, 667 chars)
[2026-09-14 17:00:31]    -> Trang 021/44 xong (11.7s, 2043 chars)
[2026-09-14 17:00:38]    -> Trang 022/44 xong (7.0s, 1319 chars)
[2026-09-14 17:00:46]    -> Trang 023/44 xong (8.2s, 1201 chars)
[2026-09-14 17:00:55]    -> Trang 024/44 xong (8.1s, 1432 chars)
[2026-09-14 17:01:01]    -> Trang 025/44 xong (6.7s, 1029 chars)
[2026-09-14 17:01:10]    -> Trang 026/44 xong (8.6s, 1477 chars)
[2026-09-14 17:01:19]    -> Trang 027/44 xong (9.3s, 1640 chars)
[2026-09-14 17:01:27]    -> Trang 028/44 xong (7.4s, 1421 chars)
[2026-09-14 17:01:35]    -> Trang 029/44 xong (8.4s, 1560 chars)
[2026-09-14 17:01:46]    -> Trang 030/44 xong (10.7s, 1587 chars)
[2026-09-14 17:01:56]    -> Trang 031/44 xong (9.3s, 1518 chars)
[2026-09-14 17:02:02]    -> Trang 032/44 xong (6.4s, 823 chars)
[2026-09-14 17:02:14]    -> Trang 033/44 xong (12.0s, 2809 chars)
[2026-09-14 17:02:22]    -> Trang 034/44 xong (7.0s, 974 chars)
[2026-09-14 17:02:29]    -> Trang 035/44 xong (7.5s, 1096 chars)
[2026-09-14 17:02:36]    -> Trang 036/44 xong (6.3s, 768 chars)
[2026-09-14 17:02:42]    -> Trang 037/44 xong (5.9s, 843 chars)
[2026-09-14 17:02:48]    -> Trang 038/44 xong (6.1s, 745 chars)
[2026-09-14 17:02:55]    -> Trang 039/44 xong (7.5s, 1180 chars)
[2026-09-14 17:03:03]    -> Trang 040/44 xong (7.8s, 1157 chars)
[2026-09-14 17:03:10]    -> Trang 041/44 xong (6.8s, 1035 chars)
[2026-09-14 17:03:20]    -> Trang 042/44 xong (9.5s, 1775 chars)
[2026-09-14 17:03:30]    -> Trang 043/44 xong (10.3s, 1370 chars)
[2026-09-14 17:03:50]    -> Trang 044/44 xong (19.7s, 3644 chars)
[2026-09-14 17:03:50] ✅ Hoàn tất cuốn: 11-sgk-mi-thuat-11-thiet-ke-thoi-trang (44/44 trang)
[2026-09-14 17:03:50] 
📖 [48/66] [GRADE-11 | Chuyên đề | CHUYEN-DE] 11-sgk-chuyen-de-hoc-tap-am-nhac-11
[2026-09-14 17:03:50]    Tiến độ: 0/51 trang (0.0%)
[2026-09-14 17:03:55]    -> Trang 001/51 xong (4.2s, 163 chars)
[2026-09-14 17:04:00]    -> Trang 002/51 xong (5.3s, 546 chars)
[2026-09-14 17:04:05]    -> Trang 003/51 xong (5.3s, 263 chars)
[2026-09-14 17:04:12]    -> Trang 004/51 xong (6.3s, 852 chars)
[2026-09-14 17:04:19]    -> Trang 005/51 xong (7.3s, 1085 chars)
[2026-09-14 17:04:27]    -> Trang 006/51 xong (7.6s, 886 chars)
[2026-09-14 17:04:35]    -> Trang 007/51 xong (8.3s, 1221 chars)
[2026-09-14 17:04:44]    -> Trang 008/51 xong (8.8s, 1579 chars)
[2026-09-14 17:04:52]    -> Trang 009/51 xong (8.2s, 1484 chars)
[2026-09-14 17:05:03]    -> Trang 010/51 xong (10.5s, 2240 chars)
[2026-09-14 17:05:13]    -> Trang 011/51 xong (9.6s, 2034 chars)
[2026-09-14 17:05:23]    -> Trang 012/51 xong (10.3s, 2237 chars)
[2026-09-14 17:05:32]    -> Trang 013/51 xong (8.7s, 1721 chars)
[2026-09-14 17:05:41]    -> Trang 014/51 xong (8.5s, 1432 chars)
[2026-09-14 17:05:50]    -> Trang 015/51 xong (9.4s, 1971 chars)
[2026-09-14 17:05:59]    -> Trang 016/51 xong (9.1s, 1366 chars)
[2026-09-14 17:06:07]    -> Trang 017/51 xong (8.0s, 1460 chars)
[2026-09-14 17:06:17]    -> Trang 018/51 xong (9.6s, 1909 chars)
[2026-09-14 17:06:25]    -> Trang 019/51 xong (7.4s, 1204 chars)
[2026-09-14 17:06:32]    -> Trang 020/51 xong (7.2s, 981 chars)
[2026-09-14 17:06:44]    -> Trang 021/51 xong (12.1s, 1597 chars)
[2026-09-14 17:06:58]    -> Trang 022/51 xong (13.6s, 1614 chars)
[2026-09-14 17:07:06]    -> Trang 023/51 xong (7.9s, 833 chars)
[2026-09-14 17:07:19]    -> Trang 024/51 xong (13.5s, 2176 chars)
[2026-09-14 17:07:27]    -> Trang 025/51 xong (7.2s, 863 chars)
[2026-09-14 17:07:39]    -> Trang 026/51 xong (12.3s, 2034 chars)
[2026-09-14 17:08:02]    -> Trang 027/51 xong (22.7s, 3165 chars)
[2026-09-14 17:08:11]    -> Trang 028/51 xong (8.5s, 987 chars)
[2026-09-14 17:08:19]    -> Trang 029/51 xong (8.6s, 1087 chars)
[2026-09-14 17:08:41]    -> Trang 030/51 xong (21.8s, 3102 chars)
[2026-09-14 17:08:50]    -> Trang 031/51 xong (9.0s, 1343 chars)
[2026-09-14 17:08:59]    -> Trang 032/51 xong (9.0s, 950 chars)
[2026-09-14 17:09:06]    -> Trang 033/51 xong (7.1s, 955 chars)
[2026-09-14 17:09:14]    -> Trang 034/51 xong (7.9s, 609 chars)
[2026-09-14 17:09:24]    -> Trang 035/51 xong (9.9s, 1204 chars)
[2026-09-14 17:09:33]    -> Trang 036/51 xong (8.8s, 953 chars)
[2026-09-14 17:09:58]    -> Trang 037/51 xong (24.1s, 3957 chars)
[2026-09-14 17:10:07]    -> Trang 038/51 xong (9.0s, 1345 chars)
[2026-09-14 17:10:17]    -> Trang 039/51 xong (10.5s, 1383 chars)
[2026-09-14 17:10:27]    -> Trang 040/51 xong (10.0s, 1429 chars)
[2026-09-14 17:10:39]    -> Trang 041/51 xong (11.2s, 1927 chars)
[2026-09-14 17:10:47]    -> Trang 042/51 xong (8.2s, 1125 chars)
[2026-09-14 17:10:55]    -> Trang 043/51 xong (7.9s, 1158 chars)
[2026-09-14 17:11:03]    -> Trang 044/51 xong (8.5s, 1040 chars)
[2026-09-14 17:11:23]    -> Trang 045/51 xong (19.1s, 4367 chars)
[2026-09-14 17:11:45]    -> Trang 046/51 xong (21.8s, 1792 chars)
[2026-09-14 17:12:00]    -> Trang 047/51 xong (15.1s, 2080 chars)
[2026-09-14 17:12:24]    -> Trang 048/51 xong (24.3s, 3156 chars)
[2026-09-14 17:12:34]    -> Trang 049/51 xong (9.7s, 1073 chars)
[2026-09-14 17:12:46]    -> Trang 050/51 xong (11.9s, 1554 chars)
[2026-09-14 17:13:07]    -> Trang 051/51 xong (20.5s, 4110 chars)
[2026-09-14 17:13:07] ✅ Hoàn tất cuốn: 11-sgk-chuyen-de-hoc-tap-am-nhac-11 (51/51 trang)
[2026-09-14 17:13:07] 
📖 [49/66] [GRADE-11 | Chuyên đề | CHUYEN-DE] 11-sgk-chuyen-de-hoc-tap-cong-nghe-11-cong-nghe-chan-nuoi
[2026-09-14 17:13:07]    Tiến độ: 0/66 trang (0.0%)
[2026-09-14 17:13:33]    -> Trang 001/66 xong (26.1s, 3920 chars)
[2026-09-14 17:13:39]    -> Trang 002/66 xong (5.7s, 318 chars)
[2026-09-14 17:13:53]    -> Trang 003/66 xong (14.4s, 2784 chars)
[2026-09-14 17:14:04]    -> Trang 004/66 xong (10.5s, 1997 chars)
[2026-09-14 17:14:14]    -> Trang 005/66 xong (9.8s, 1420 chars)
[2026-09-14 17:14:23]    -> Trang 006/66 xong (9.3s, 1569 chars)
[2026-09-14 17:14:35]    -> Trang 007/66 xong (11.4s, 2532 chars)
[2026-09-14 17:14:46]    -> Trang 008/66 xong (11.4s, 2631 chars)
[2026-09-14 17:14:58]    -> Trang 009/66 xong (11.4s, 2423 chars)
[2026-09-14 17:15:16]    -> Trang 010/66 xong (17.5s, 3931 chars)
[2026-09-14 17:15:27]    -> Trang 011/66 xong (11.3s, 1297 chars)
[2026-09-14 17:15:34]    -> Trang 012/66 xong (7.1s, 893 chars)
[2026-09-14 17:15:44]    -> Trang 013/66 xong (9.5s, 1597 chars)
[2026-09-14 17:15:53]    -> Trang 014/66 xong (9.4s, 1426 chars)
[2026-09-14 17:16:04]    -> Trang 015/66 xong (10.8s, 1489 chars)
[2026-09-14 17:16:13]    -> Trang 016/66 xong (8.2s, 1299 chars)
[2026-09-14 17:16:23]    -> Trang 017/66 xong (10.4s, 2053 chars)
[2026-09-14 17:16:31]    -> Trang 018/66 xong (8.0s, 1262 chars)
[2026-09-14 17:16:40]    -> Trang 019/66 xong (8.3s, 1415 chars)
[2026-09-14 17:16:49]    -> Trang 020/66 xong (9.1s, 1686 chars)
[2026-09-14 17:16:57]    -> Trang 021/66 xong (8.0s, 1191 chars)
[2026-09-14 17:17:07]    -> Trang 022/66 xong (9.8s, 1934 chars)
[2026-09-14 17:17:18]    -> Trang 023/66 xong (11.3s, 2061 chars)
[2026-09-14 17:17:32]    -> Trang 024/66 xong (13.6s, 2304 chars)
[2026-09-14 17:17:43]    -> Trang 025/66 xong (10.5s, 1368 chars)
[2026-09-14 17:17:56]    -> Trang 026/66 xong (12.7s, 2390 chars)
[2026-09-14 17:18:09]    -> Trang 027/66 xong (13.0s, 2099 chars)
[2026-09-14 17:18:19]    -> Trang 028/66 xong (9.9s, 1256 chars)
[2026-09-14 17:18:28]    -> Trang 029/66 xong (9.5s, 1492 chars)
[2026-09-14 17:18:38]    -> Trang 030/66 xong (10.0s, 1316 chars)
[2026-09-14 17:18:50]    -> Trang 031/66 xong (11.4s, 1798 chars)
[2026-09-14 17:19:01]    -> Trang 032/66 xong (10.8s, 1705 chars)
[2026-09-14 17:19:10]    -> Trang 033/66 xong (8.8s, 1360 chars)
[2026-09-14 17:19:22]    -> Trang 034/66 xong (12.2s, 1627 chars)
[2026-09-14 17:19:33]    -> Trang 035/66 xong (10.5s, 1224 chars)
[2026-09-14 17:19:47]    -> Trang 036/66 xong (14.6s, 2418 chars)
[2026-09-14 17:20:02]    -> Trang 037/66 xong (14.9s, 2059 chars)
[2026-09-14 17:20:13]    -> Trang 038/66 xong (10.8s, 1448 chars)
[2026-09-14 17:20:23]    -> Trang 039/66 xong (9.5s, 1184 chars)
[2026-09-14 17:20:35]    -> Trang 040/66 xong (12.0s, 1748 chars)
[2026-09-14 17:20:45]    -> Trang 041/66 xong (10.4s, 1495 chars)
[2026-09-14 17:20:56]    -> Trang 042/66 xong (10.3s, 2073 chars)
[2026-09-14 17:21:03]    -> Trang 043/66 xong (7.3s, 882 chars)
[2026-09-14 17:21:14]    -> Trang 044/66 xong (10.1s, 1581 chars)
[2026-09-14 17:21:22]    -> Trang 045/66 xong (8.8s, 1500 chars)
[2026-09-14 17:21:30]    -> Trang 046/66 xong (7.4s, 1204 chars)
[2026-09-14 17:21:41]    -> Trang 047/66 xong (10.6s, 1776 chars)
[2026-09-14 17:21:56]    -> Trang 048/66 xong (15.6s, 2608 chars)
[2026-09-14 17:22:07]    -> Trang 049/66 xong (10.2s, 1953 chars)
[2026-09-14 17:22:17]    -> Trang 050/66 xong (9.7s, 1752 chars)
[2026-09-14 17:22:29]    -> Trang 051/66 xong (12.2s, 2223 chars)
[2026-09-14 17:22:39]    -> Trang 052/66 xong (10.2s, 1884 chars)
[2026-09-14 17:22:51]    -> Trang 053/66 xong (11.2s, 2387 chars)
[2026-09-14 17:23:01]    -> Trang 054/66 xong (10.7s, 1976 chars)
[2026-09-14 17:23:12]    -> Trang 055/66 xong (10.4s, 1862 chars)
[2026-09-14 17:23:27]    -> Trang 056/66 xong (14.5s, 2602 chars)
[2026-09-14 17:23:39]    -> Trang 057/66 xong (12.5s, 1963 chars)
[2026-09-14 17:23:51]    -> Trang 058/66 xong (11.9s, 2043 chars)
[2026-09-14 17:24:02]    -> Trang 059/66 xong (10.2s, 1140 chars)
[2026-09-14 17:24:15]    -> Trang 060/66 xong (12.9s, 1820 chars)
[2026-09-14 17:24:27]    -> Trang 061/66 xong (11.9s, 1897 chars)
[2026-09-14 17:24:39]    -> Trang 062/66 xong (12.2s, 1881 chars)
[2026-09-14 17:24:50]    -> Trang 063/66 xong (11.3s, 1692 chars)
[2026-09-14 17:24:59]    -> Trang 064/66 xong (8.2s, 1026 chars)
[2026-09-14 17:25:10]    -> Trang 065/66 xong (11.5s, 1434 chars)
[2026-09-14 17:25:33]    -> Trang 066/66 xong (23.2s, 3400 chars)
[2026-09-14 17:25:33] ✅ Hoàn tất cuốn: 11-sgk-chuyen-de-hoc-tap-cong-nghe-11-cong-nghe-chan-nuoi (66/66 trang)
[2026-09-14 17:25:34] 
📖 [50/66] [GRADE-11 | Chuyên đề | CHUYEN-DE] 11-sgk-chuyen-de-hoc-tap-cong-nghe-11-cong-nghe-co-khi
[2026-09-14 17:25:34]    Tiến độ: 0/62 trang (0.0%)
[2026-09-14 17:25:39]    -> Trang 001/62 xong (5.4s, 173 chars)
[2026-09-14 17:25:48]    -> Trang 002/62 xong (8.2s, 517 chars)
[2026-09-14 17:25:58]    -> Trang 003/62 xong (10.1s, 1199 chars)
[2026-09-14 17:26:11]    -> Trang 004/62 xong (13.1s, 2689 chars)
[2026-09-14 17:26:21]    -> Trang 005/62 xong (9.6s, 1101 chars)
[2026-09-14 17:26:31]    -> Trang 006/62 xong (10.1s, 1465 chars)
[2026-09-14 17:26:46]    -> Trang 007/62 xong (14.4s, 2933 chars)
[2026-09-14 17:26:58]    -> Trang 008/62 xong (12.3s, 2361 chars)
[2026-09-14 17:27:09]    -> Trang 009/62 xong (10.7s, 2039 chars)
[2026-09-14 17:27:22]    -> Trang 010/62 xong (13.2s, 2473 chars)
[2026-09-14 17:27:32]    -> Trang 011/62 xong (9.8s, 1183 chars)
[2026-09-14 17:27:44]    -> Trang 012/62 xong (11.8s, 2172 chars)
[2026-09-14 17:27:56]    -> Trang 013/62 xong (11.6s, 1411 chars)
[2026-09-14 17:28:08]    -> Trang 014/62 xong (12.3s, 1682 chars)
[2026-09-14 17:28:19]    -> Trang 015/62 xong (10.5s, 1622 chars)
[2026-09-14 17:28:32]    -> Trang 016/62 xong (13.0s, 2261 chars)
[2026-09-14 17:28:46]    -> Trang 017/62 xong (13.9s, 2356 chars)
[2026-09-14 17:29:02]    -> Trang 018/62 xong (15.6s, 2512 chars)
[2026-09-14 17:29:13]    -> Trang 019/62 xong (11.0s, 1420 chars)
[2026-09-14 17:29:24]    -> Trang 020/62 xong (11.5s, 2052 chars)
[2026-09-14 17:29:39]    -> Trang 021/62 xong (14.4s, 2355 chars)
[2026-09-14 17:29:51]    -> Trang 022/62 xong (11.6s, 1415 chars)
[2026-09-14 17:30:06]    -> Trang 023/62 xong (15.0s, 2129 chars)
[2026-09-14 17:30:14]    -> Trang 024/62 xong (7.9s, 1325 chars)
[2026-09-14 17:30:26]    -> Trang 025/62 xong (12.6s, 1890 chars)
[2026-09-14 17:30:36]    -> Trang 026/62 xong (9.9s, 1887 chars)
[2026-09-14 17:30:45]    -> Trang 027/62 xong (8.1s, 825 chars)
[2026-09-14 17:30:55]    -> Trang 028/62 xong (10.6s, 1526 chars)
[2026-09-14 17:31:04]    -> Trang 029/62 xong (8.5s, 1441 chars)
[2026-09-14 17:31:13]    -> Trang 030/62 xong (8.7s, 980 chars)
[2026-09-14 17:31:24]    -> Trang 031/62 xong (10.9s, 1415 chars)
[2026-09-14 17:31:33]    -> Trang 032/62 xong (8.9s, 1230 chars)
[2026-09-14 17:31:43]    -> Trang 033/62 xong (10.1s, 1653 chars)
[2026-09-14 17:31:56]    -> Trang 034/62 xong (13.0s, 1979 chars)
[2026-09-14 17:32:06]    -> Trang 035/62 xong (9.5s, 1506 chars)
[2026-09-14 17:32:12]    -> Trang 036/62 xong (6.0s, 641 chars)
[2026-09-14 17:32:23]    -> Trang 037/62 xong (11.4s, 2211 chars)
[2026-09-14 17:32:33]    -> Trang 038/62 xong (10.0s, 1719 chars)
[2026-09-14 17:32:42]    -> Trang 039/62 xong (8.5s, 1403 chars)
[2026-09-14 17:32:52]    -> Trang 040/62 xong (9.4s, 1863 chars)
[2026-09-14 17:33:01]    -> Trang 041/62 xong (9.6s, 1956 chars)
[2026-09-14 17:33:14]    -> Trang 042/62 xong (12.7s, 2337 chars)
[2026-09-14 17:33:24]    -> Trang 043/62 xong (9.5s, 1064 chars)
[2026-09-14 17:33:35]    -> Trang 044/62 xong (11.6s, 1828 chars)
[2026-09-14 17:33:46]    -> Trang 045/62 xong (10.2s, 1623 chars)
[2026-09-14 17:33:56]    -> Trang 046/62 xong (10.2s, 1658 chars)
[2026-09-14 17:34:02]    -> Trang 047/62 xong (6.2s, 558 chars)
[2026-09-14 17:34:09]    -> Trang 048/62 xong (7.2s, 572 chars)
[2026-09-14 17:34:21]    -> Trang 049/62 xong (11.2s, 2046 chars)
[2026-09-14 17:34:36]    -> Trang 050/62 xong (14.5s, 2344 chars)
[2026-09-14 17:34:43]    -> Trang 051/62 xong (7.8s, 903 chars)
[2026-09-14 17:34:53]    -> Trang 052/62 xong (9.3s, 1437 chars)
[2026-09-14 17:35:04]    -> Trang 053/62 xong (11.3s, 2024 chars)
[2026-09-14 17:35:16]    -> Trang 054/62 xong (12.0s, 2121 chars)
[2026-09-14 17:35:24]    -> Trang 055/62 xong (7.8s, 868 chars)
[2026-09-14 17:35:35]    -> Trang 056/62 xong (10.1s, 1381 chars)
[2026-09-14 17:35:45]    -> Trang 057/62 xong (10.4s, 1563 chars)
[2026-09-14 17:35:58]    -> Trang 058/62 xong (13.1s, 2313 chars)
[2026-09-14 17:36:08]    -> Trang 059/62 xong (9.9s, 1391 chars)
[2026-09-14 17:36:22]    -> Trang 060/62 xong (13.5s, 2200 chars)
[2026-09-14 17:36:32]    -> Trang 061/62 xong (9.8s, 1507 chars)
[2026-09-14 17:36:54]    -> Trang 062/62 xong (22.1s, 3120 chars)
[2026-09-14 17:36:54] ✅ Hoàn tất cuốn: 11-sgk-chuyen-de-hoc-tap-cong-nghe-11-cong-nghe-co-khi (62/62 trang)
[2026-09-14 17:36:55] 
📖 [51/66] [GRADE-11 | Chuyên đề | CHUYEN-DE] 11-sgk-chuyen-de-hoc-tap-dia-li-11
[2026-09-14 17:36:55]    Tiến độ: 0/62 trang (0.0%)
[2026-09-14 17:37:16]    -> Trang 001/62 xong (21.8s, 2421 chars)
[2026-09-14 17:37:23]    -> Trang 002/62 xong (6.7s, 480 chars)
[2026-09-14 17:37:33]    -> Trang 003/62 xong (9.4s, 1596 chars)
[2026-09-14 17:37:43]    -> Trang 004/62 xong (10.5s, 1097 chars)
[2026-09-14 17:37:52]    -> Trang 005/62 xong (8.4s, 984 chars)
[2026-09-14 17:38:03]    -> Trang 006/62 xong (11.1s, 1615 chars)
[2026-09-14 17:38:15]    -> Trang 007/62 xong (11.5s, 1540 chars)
[2026-09-14 17:38:29]    -> Trang 008/62 xong (14.0s, 2827 chars)
[2026-09-14 17:38:43]    -> Trang 009/62 xong (14.2s, 2122 chars)
[2026-09-14 17:38:53]    -> Trang 010/62 xong (9.9s, 1591 chars)
[2026-09-14 17:39:04]    -> Trang 011/62 xong (10.4s, 1662 chars)
[2026-09-14 17:39:14]    -> Trang 012/62 xong (10.6s, 2388 chars)
[2026-09-14 17:39:23]    -> Trang 013/62 xong (8.4s, 1653 chars)
[2026-09-14 17:39:32]    -> Trang 014/62 xong (8.8s, 1049 chars)
[2026-09-14 17:39:45]    -> Trang 015/62 xong (13.2s, 2519 chars)
[2026-09-14 17:40:00]    -> Trang 016/62 xong (14.6s, 2683 chars)
[2026-09-14 17:40:14]    -> Trang 017/62 xong (13.4s, 2309 chars)
[2026-09-14 17:40:19]    -> Trang 018/62 xong (5.5s, 335 chars)
[2026-09-14 17:40:43]    -> Trang 019/62 xong (23.5s, 5557 chars)
[2026-09-14 17:40:57]    -> Trang 020/62 xong (13.7s, 2627 chars)
[2026-09-14 17:41:09]    -> Trang 021/62 xong (12.3s, 2235 chars)
[2026-09-14 17:41:20]    -> Trang 022/62 xong (10.7s, 1617 chars)
[2026-09-14 17:41:33]    -> Trang 023/62 xong (12.9s, 2047 chars)
[2026-09-14 17:41:43]    -> Trang 024/62 xong (10.1s, 1960 chars)
[2026-09-14 17:41:53]    -> Trang 025/62 xong (9.7s, 1736 chars)
[2026-09-14 17:42:01]    -> Trang 026/62 xong (8.0s, 1159 chars)
[2026-09-14 17:42:10]    -> Trang 027/62 xong (8.7s, 1035 chars)
[2026-09-14 17:42:23]    -> Trang 028/62 xong (12.9s, 1833 chars)
[2026-09-14 17:42:36]    -> Trang 029/62 xong (12.6s, 2128 chars)
[2026-09-14 17:42:57]    -> Trang 030/62 xong (21.4s, 4591 chars)
[2026-09-14 17:43:09]    -> Trang 031/62 xong (11.9s, 2078 chars)
[2026-09-14 17:43:25]    -> Trang 032/62 xong (15.8s, 2481 chars)
[2026-09-14 17:43:39]    -> Trang 033/62 xong (14.2s, 2147 chars)
[2026-09-14 17:43:52]    -> Trang 034/62 xong (12.3s, 1789 chars)
[2026-09-14 17:44:02]    -> Trang 035/62 xong (9.9s, 1624 chars)
[2026-09-14 17:44:14]    -> Trang 036/62 xong (11.7s, 2312 chars)
[2026-09-14 17:44:27]    -> Trang 037/62 xong (12.7s, 2159 chars)
[2026-09-14 17:44:36]    -> Trang 038/62 xong (9.1s, 1687 chars)
[2026-09-14 17:44:46]    -> Trang 039/62 xong (10.3s, 1909 chars)
[2026-09-14 17:44:57]    -> Trang 040/62 xong (10.8s, 1910 chars)
[2026-09-14 17:45:08]    -> Trang 041/62 xong (10.5s, 1874 chars)
[2026-09-14 17:45:17]    -> Trang 042/62 xong (9.7s, 1645 chars)
[2026-09-14 17:45:29]    -> Trang 043/62 xong (10.9s, 1898 chars)
[2026-09-14 17:45:39]    -> Trang 044/62 xong (10.6s, 1175 chars)
[2026-09-14 17:45:53]    -> Trang 045/62 xong (13.3s, 2570 chars)
[2026-09-14 17:46:07]    -> Trang 046/62 xong (13.8s, 2377 chars)
[2026-09-14 17:46:17]    -> Trang 047/62 xong (10.4s, 1635 chars)
[2026-09-14 17:46:25]    -> Trang 048/62 xong (7.7s, 1433 chars)
[2026-09-14 17:46:36]    -> Trang 049/62 xong (11.0s, 1987 chars)
[2026-09-14 17:46:50]    -> Trang 050/62 xong (13.9s, 2621 chars)
[2026-09-14 17:46:58]    -> Trang 051/62 xong (8.0s, 1352 chars)
[2026-09-14 17:47:10]    -> Trang 052/62 xong (12.1s, 2717 chars)
[2026-09-14 17:47:20]    -> Trang 053/62 xong (9.7s, 2117 chars)
[2026-09-14 17:47:30]    -> Trang 054/62 xong (9.4s, 1734 chars)
[2026-09-14 17:47:38]    -> Trang 055/62 xong (7.8s, 1379 chars)
[2026-09-14 17:47:50]    -> Trang 056/62 xong (12.3s, 2730 chars)
[2026-09-14 17:47:59]    -> Trang 057/62 xong (8.4s, 1666 chars)
[2026-09-14 17:48:08]    -> Trang 058/62 xong (9.4s, 1941 chars)
[2026-09-14 17:48:19]    -> Trang 059/62 xong (10.7s, 1508 chars)
[2026-09-14 17:48:30]    -> Trang 060/62 xong (10.7s, 1606 chars)
[2026-09-14 17:48:40]    -> Trang 061/62 xong (10.0s, 1217 chars)
[2026-09-14 17:49:01]    -> Trang 062/62 xong (21.5s, 3187 chars)
[2026-09-14 17:49:01] ✅ Hoàn tất cuốn: 11-sgk-chuyen-de-hoc-tap-dia-li-11 (62/62 trang)
[2026-09-14 17:49:02] 
📖 [52/66] [GRADE-11 | Chuyên đề | CHUYEN-DE] 11-sgk-chuyen-de-hoc-tap-giao-duc-kinh-te-va-phap-luat-11
[2026-09-14 17:49:02]    Tiến độ: 0/74 trang (0.0%)
[2026-09-14 17:49:09]    -> Trang 001/74 xong (7.6s, 174 chars)
[2026-09-14 17:49:17]    -> Trang 002/74 xong (7.7s, 541 chars)
[2026-09-14 17:49:40]    -> Trang 003/74 xong (22.3s, 4347 chars)
[2026-09-14 17:49:49]    -> Trang 004/74 xong (9.4s, 1945 chars)
[2026-09-14 17:50:01]    -> Trang 005/74 xong (11.6s, 1169 chars)
[2026-09-14 17:50:09]    -> Trang 006/74 xong (7.9s, 1070 chars)
[2026-09-14 17:50:18]    -> Trang 007/74 xong (9.2s, 1564 chars)
[2026-09-14 17:50:31]    -> Trang 008/74 xong (12.9s, 2731 chars)
[2026-09-14 17:50:44]    -> Trang 009/74 xong (13.0s, 2089 chars)
[2026-09-14 17:51:01]    -> Trang 010/74 xong (16.6s, 2815 chars)
[2026-09-14 17:51:15]    -> Trang 011/74 xong (13.5s, 2183 chars)
[2026-09-14 17:51:27]    -> Trang 012/74 xong (12.5s, 2401 chars)
[2026-09-14 17:51:41]    -> Trang 013/74 xong (13.2s, 2687 chars)
[2026-09-14 17:51:54]    -> Trang 014/74 xong (13.2s, 2446 chars)
[2026-09-14 17:52:06]    -> Trang 015/74 xong (11.3s, 2053 chars)
[2026-09-14 17:52:17]    -> Trang 016/74 xong (11.3s, 1759 chars)
[2026-09-14 17:52:32]    -> Trang 017/74 xong (14.7s, 3157 chars)
[2026-09-14 17:52:47]    -> Trang 018/74 xong (15.1s, 2768 chars)
[2026-09-14 17:53:01]    -> Trang 019/74 xong (13.5s, 2611 chars)
[2026-09-14 17:53:14]    -> Trang 020/74 xong (12.6s, 2257 chars)
[2026-09-14 17:53:26]    -> Trang 021/74 xong (12.0s, 2018 chars)
[2026-09-14 17:53:34]    -> Trang 022/74 xong (8.1s, 1120 chars)
[2026-09-14 17:53:44]    -> Trang 023/74 xong (9.9s, 1267 chars)
[2026-09-14 17:53:58]    -> Trang 024/74 xong (13.7s, 2322 chars)
[2026-09-14 17:54:13]    -> Trang 025/74 xong (15.3s, 2597 chars)
[2026-09-14 17:54:25]    -> Trang 026/74 xong (11.3s, 1913 chars)
[2026-09-14 17:54:33]    -> Trang 027/74 xong (8.0s, 1057 chars)
[2026-09-14 17:54:44]    -> Trang 028/74 xong (10.8s, 1743 chars)
[2026-09-14 17:55:00]    -> Trang 029/74 xong (16.3s, 2209 chars)
[2026-09-14 17:55:13]    -> Trang 030/74 xong (13.0s, 2205 chars)
[2026-09-14 17:55:31]    -> Trang 031/74 xong (17.5s, 2013 chars)
[2026-09-14 17:55:42]    -> Trang 032/74 xong (11.4s, 1558 chars)
[2026-09-14 17:55:58]    -> Trang 033/74 xong (14.9s, 2127 chars)
[2026-09-14 17:56:09]    -> Trang 034/74 xong (11.1s, 1731 chars)
[2026-09-14 17:56:21]    -> Trang 035/74 xong (11.8s, 2324 chars)
[2026-09-14 17:56:33]    -> Trang 036/74 xong (11.8s, 2052 chars)
[2026-09-14 17:56:47]    -> Trang 037/74 xong (14.0s, 2694 chars)
[2026-09-14 17:57:03]    -> Trang 038/74 xong (15.9s, 2818 chars)
[2026-09-14 17:57:17]    -> Trang 039/74 xong (14.2s, 2162 chars)
[2026-09-14 17:57:32]    -> Trang 040/74 xong (14.7s, 2424 chars)
[2026-09-14 17:57:44]    -> Trang 041/74 xong (12.3s, 1828 chars)
[2026-09-14 17:58:00]    -> Trang 042/74 xong (15.3s, 2653 chars)
[2026-09-14 17:58:09]    -> Trang 043/74 xong (9.4s, 1604 chars)
[2026-09-14 17:58:22]    -> Trang 044/74 xong (12.9s, 2539 chars)
[2026-09-14 17:58:38]    -> Trang 045/74 xong (15.4s, 2672 chars)
[2026-09-14 17:58:48]    -> Trang 046/74 xong (10.4s, 1773 chars)
[2026-09-14 17:58:59]    -> Trang 047/74 xong (10.7s, 2197 chars)
[2026-09-14 17:59:11]    -> Trang 048/74 xong (11.8s, 2534 chars)
[2026-09-14 17:59:21]    -> Trang 049/74 xong (9.3s, 1286 chars)
[2026-09-14 17:59:35]    -> Trang 050/74 xong (14.3s, 2570 chars)
[2026-09-14 17:59:49]    -> Trang 051/74 xong (13.4s, 2316 chars)
[2026-09-14 17:59:59]    -> Trang 052/74 xong (10.0s, 1920 chars)
[2026-09-14 18:00:12]    -> Trang 053/74 xong (12.8s, 2467 chars)
[2026-09-14 18:00:24]    -> Trang 054/74 xong (12.3s, 2678 chars)
[2026-09-14 18:00:33]    -> Trang 055/74 xong (8.9s, 1873 chars)
[2026-09-14 18:00:43]    -> Trang 056/74 xong (9.3s, 1851 chars)
[2026-09-14 18:00:56]    -> Trang 057/74 xong (12.6s, 2029 chars)
[2026-09-14 18:01:07]    -> Trang 058/74 xong (11.2s, 1735 chars)
[2026-09-14 18:01:19]    -> Trang 059/74 xong (11.9s, 1914 chars)
[2026-09-14 18:01:31]    -> Trang 060/74 xong (11.4s, 1803 chars)
[2026-09-14 18:01:43]    -> Trang 061/74 xong (12.3s, 2373 chars)
[2026-09-14 18:01:58]    -> Trang 062/74 xong (14.8s, 2671 chars)
[2026-09-14 18:02:20]    -> Trang 063/74 xong (22.2s, 4615 chars)
[2026-09-14 18:02:33]    -> Trang 064/74 xong (12.2s, 2132 chars)
[2026-09-14 18:02:45]    -> Trang 065/74 xong (11.8s, 1867 chars)
[2026-09-14 18:02:56]    -> Trang 066/74 xong (10.8s, 2062 chars)
[2026-09-14 18:03:04]    -> Trang 067/74 xong (8.4s, 1622 chars)
[2026-09-14 18:03:15]    -> Trang 068/74 xong (10.5s, 2127 chars)
[2026-09-14 18:03:28]    -> Trang 069/74 xong (13.3s, 2419 chars)
[2026-09-14 18:03:39]    -> Trang 070/74 xong (10.7s, 2081 chars)
[2026-09-14 18:03:49]    -> Trang 071/74 xong (9.8s, 2252 chars)
[2026-09-14 18:04:05]    -> Trang 072/74 xong (16.3s, 2676 chars)
[2026-09-14 18:04:16]    -> Trang 073/74 xong (11.0s, 1325 chars)
[2026-09-14 18:04:38]    -> Trang 074/74 xong (21.7s, 3743 chars)
[2026-09-14 18:04:38] ✅ Hoàn tất cuốn: 11-sgk-chuyen-de-hoc-tap-giao-duc-kinh-te-va-phap-luat-11 (74/74 trang)
[2026-09-14 18:04:39] 
📖 [53/66] [GRADE-11 | Chuyên đề | CHUYEN-DE] 11-sgk-chuyen-de-hoc-tap-hoa-hoc-11
[2026-09-14 18:04:39]    Tiến độ: 0/59 trang (0.0%)
[2026-09-14 18:05:02]    -> Trang 001/59 xong (22.9s, 3304 chars)
[2026-09-14 18:05:08]    -> Trang 002/59 xong (6.5s, 470 chars)
[2026-09-14 18:05:23]    -> Trang 003/59 xong (15.1s, 2626 chars)
[2026-09-14 18:05:35]    -> Trang 004/59 xong (11.6s, 1645 chars)
[2026-09-14 18:05:43]    -> Trang 005/59 xong (8.3s, 976 chars)
[2026-09-14 18:05:53]    -> Trang 006/59 xong (9.7s, 1775 chars)
[2026-09-14 18:06:04]    -> Trang 007/59 xong (10.5s, 1671 chars)
[2026-09-14 18:06:16]    -> Trang 008/59 xong (12.5s, 2618 chars)
[2026-09-14 18:06:27]    -> Trang 009/59 xong (10.3s, 1970 chars)
[2026-09-14 18:06:38]    -> Trang 010/59 xong (11.1s, 2233 chars)
[2026-09-14 18:06:44]    -> Trang 011/59 xong (6.1s, 760 chars)
[2026-09-14 18:06:55]    -> Trang 012/59 xong (10.7s, 1930 chars)
[2026-09-14 18:07:05]    -> Trang 013/59 xong (10.2s, 2014 chars)
[2026-09-14 18:07:13]    -> Trang 014/59 xong (8.0s, 1183 chars)
[2026-09-14 18:07:31]    -> Trang 015/59 xong (17.7s, 2880 chars)
[2026-09-14 18:07:45]    -> Trang 016/59 xong (13.3s, 2183 chars)
[2026-09-14 18:07:59]    -> Trang 017/59 xong (14.2s, 2156 chars)
[2026-09-14 18:08:14]    -> Trang 018/59 xong (14.6s, 2215 chars)
[2026-09-14 18:08:26]    -> Trang 019/59 xong (11.6s, 1765 chars)
[2026-09-14 18:08:38]    -> Trang 020/59 xong (11.9s, 1985 chars)
[2026-09-14 18:08:50]    -> Trang 021/59 xong (11.9s, 1715 chars)
[2026-09-14 18:09:02]    -> Trang 022/59 xong (12.6s, 2045 chars)
[2026-09-14 18:09:15]    -> Trang 023/59 xong (12.5s, 2644 chars)
[2026-09-14 18:09:28]    -> Trang 024/59 xong (13.0s, 2520 chars)
[2026-09-14 18:09:38]    -> Trang 025/59 xong (9.6s, 1690 chars)
[2026-09-14 18:09:47]    -> Trang 026/59 xong (9.7s, 1976 chars)
[2026-09-14 18:09:57]    -> Trang 027/59 xong (9.9s, 1812 chars)
[2026-09-14 18:10:12]    -> Trang 028/59 xong (14.1s, 2787 chars)
[2026-09-14 18:10:19]    -> Trang 029/59 xong (7.4s, 1169 chars)
[2026-09-14 18:10:30]    -> Trang 030/59 xong (10.2s, 2034 chars)
[2026-09-14 18:10:36]    -> Trang 031/59 xong (6.5s, 860 chars)
[2026-09-14 18:10:46]    -> Trang 032/59 xong (9.4s, 1793 chars)
[2026-09-14 18:10:55]    -> Trang 033/59 xong (8.9s, 1305 chars)
[2026-09-14 18:11:03]    -> Trang 034/59 xong (8.2s, 1136 chars)
[2026-09-14 18:11:21]    -> Trang 035/59 xong (17.7s, 3682 chars)
[2026-09-14 18:11:30]    -> Trang 036/59 xong (9.4s, 1623 chars)
[2026-09-14 18:11:42]    -> Trang 037/59 xong (12.0s, 1321 chars)
[2026-09-14 18:11:53]    -> Trang 038/59 xong (10.1s, 1526 chars)
[2026-09-14 18:12:03]    -> Trang 039/59 xong (10.7s, 2036 chars)
[2026-09-14 18:12:13]    -> Trang 040/59 xong (9.9s, 1985 chars)
[2026-09-14 18:12:26]    -> Trang 041/59 xong (12.3s, 2772 chars)
[2026-09-14 18:12:37]    -> Trang 042/59 xong (11.4s, 2393 chars)
[2026-09-14 18:12:47]    -> Trang 043/59 xong (9.4s, 1714 chars)
[2026-09-14 18:13:00]    -> Trang 044/59 xong (13.0s, 2760 chars)
[2026-09-14 18:13:18]    -> Trang 045/59 xong (18.1s, 3323 chars)
[2026-09-14 18:13:27]    -> Trang 046/59 xong (8.1s, 1203 chars)
[2026-09-14 18:13:38]    -> Trang 047/59 xong (11.8s, 2219 chars)
[2026-09-14 18:13:46]    -> Trang 048/59 xong (7.9s, 1305 chars)
[2026-09-14 18:13:57]    -> Trang 049/59 xong (10.7s, 1927 chars)
[2026-09-14 18:14:11]    -> Trang 050/59 xong (14.2s, 2907 chars)
[2026-09-14 18:14:27]    -> Trang 051/59 xong (14.9s, 2969 chars)
[2026-09-14 18:14:36]    -> Trang 052/59 xong (9.3s, 1751 chars)
[2026-09-14 18:14:47]    -> Trang 053/59 xong (11.2s, 2482 chars)
[2026-09-14 18:14:59]    -> Trang 054/59 xong (11.5s, 2097 chars)
[2026-09-14 18:15:10]    -> Trang 055/59 xong (10.9s, 2331 chars)
[2026-09-14 18:15:19]    -> Trang 056/59 xong (8.7s, 1541 chars)
[2026-09-14 18:15:39]    -> Trang 057/59 xong (20.4s, 2652 chars)
[2026-09-14 18:15:50]    -> Trang 058/59 xong (10.8s, 1502 chars)
[2026-09-14 18:16:03]    -> Trang 059/59 xong (13.2s, 1898 chars)
[2026-09-14 18:16:03] ✅ Hoàn tất cuốn: 11-sgk-chuyen-de-hoc-tap-hoa-hoc-11 (59/59 trang)
[2026-09-14 18:16:04] 
📖 [54/66] [GRADE-11 | Chuyên đề | CHUYEN-DE] 11-sgk-chuyen-de-hoc-tap-lich-su-11
[2026-09-14 18:16:04]    Tiến độ: 0/58 trang (0.0%)
[2026-09-14 18:16:22]    -> Trang 001/58 xong (17.9s, 4441 chars)
[2026-09-14 18:16:28]    -> Trang 002/58 xong (5.8s, 487 chars)
[2026-09-14 18:16:39]    -> Trang 003/58 xong (10.8s, 2678 chars)
[2026-09-14 18:16:47]    -> Trang 004/58 xong (7.8s, 1223 chars)
[2026-09-14 18:17:00]    -> Trang 005/58 xong (13.1s, 3254 chars)
[2026-09-14 18:17:16]    -> Trang 006/58 xong (16.2s, 3993 chars)
[2026-09-14 18:17:25]    -> Trang 007/58 xong (8.6s, 1348 chars)
[2026-09-14 18:17:35]    -> Trang 008/58 xong (9.6s, 1934 chars)
[2026-09-14 18:17:44]    -> Trang 009/58 xong (8.9s, 1732 chars)
[2026-09-14 18:17:52]    -> Trang 010/58 xong (8.8s, 1549 chars)
[2026-09-14 18:18:00]    -> Trang 011/58 xong (7.6s, 1189 chars)
[2026-09-14 18:18:10]    -> Trang 012/58 xong (9.8s, 1942 chars)
[2026-09-14 18:18:19]    -> Trang 013/58 xong (9.0s, 1579 chars)
[2026-09-14 18:18:29]    -> Trang 014/58 xong (10.0s, 1935 chars)
[2026-09-14 18:18:40]    -> Trang 015/58 xong (10.1s, 1994 chars)
[2026-09-14 18:18:48]    -> Trang 016/58 xong (8.0s, 1433 chars)
[2026-09-14 18:18:59]    -> Trang 017/58 xong (10.9s, 2463 chars)
[2026-09-14 18:19:09]    -> Trang 018/58 xong (9.6s, 1870 chars)
[2026-09-14 18:19:17]    -> Trang 019/58 xong (8.7s, 1714 chars)
[2026-09-14 18:19:24]    -> Trang 020/58 xong (6.5s, 921 chars)
[2026-09-14 18:19:34]    -> Trang 021/58 xong (9.9s, 2098 chars)
[2026-09-14 18:19:46]    -> Trang 022/58 xong (12.3s, 2538 chars)
[2026-09-14 18:19:57]    -> Trang 023/58 xong (10.3s, 2089 chars)
[2026-09-14 18:20:07]    -> Trang 024/58 xong (9.6s, 1971 chars)
[2026-09-14 18:20:15]    -> Trang 025/58 xong (8.0s, 1397 chars)
[2026-09-14 18:20:26]    -> Trang 026/58 xong (10.7s, 2308 chars)
[2026-09-14 18:20:34]    -> Trang 027/58 xong (8.6s, 1700 chars)
[2026-09-14 18:20:45]    -> Trang 028/58 xong (9.9s, 2115 chars)
[2026-09-14 18:20:54]    -> Trang 029/58 xong (9.7s, 1965 chars)
[2026-09-14 18:21:08]    -> Trang 030/58 xong (13.3s, 2495 chars)
[2026-09-14 18:21:18]    -> Trang 031/58 xong (10.3s, 2080 chars)
[2026-09-14 18:21:28]    -> Trang 032/58 xong (9.7s, 1914 chars)
[2026-09-14 18:21:39]    -> Trang 033/58 xong (11.2s, 2075 chars)
[2026-09-14 18:21:53]    -> Trang 034/58 xong (13.4s, 3000 chars)
[2026-09-14 18:22:03]    -> Trang 035/58 xong (10.2s, 1949 chars)
[2026-09-14 18:22:18]    -> Trang 036/58 xong (14.4s, 3231 chars)
[2026-09-14 18:22:27]    -> Trang 037/58 xong (9.4s, 1629 chars)
[2026-09-14 18:22:40]    -> Trang 038/58 xong (12.8s, 2255 chars)
[2026-09-14 18:22:50]    -> Trang 039/58 xong (9.9s, 2179 chars)
[2026-09-14 18:22:58]    -> Trang 040/58 xong (8.0s, 1403 chars)
[2026-09-14 18:23:07]    -> Trang 041/58 xong (8.1s, 1496 chars)
[2026-09-14 18:23:18]    -> Trang 042/58 xong (11.4s, 2719 chars)
[2026-09-14 18:23:29]    -> Trang 043/58 xong (10.3s, 1852 chars)
[2026-09-14 18:23:42]    -> Trang 044/58 xong (13.4s, 2266 chars)
[2026-09-14 18:23:54]    -> Trang 045/58 xong (11.6s, 1966 chars)
[2026-09-14 18:24:03]    -> Trang 046/58 xong (9.2s, 1735 chars)
[2026-09-14 18:24:14]    -> Trang 047/58 xong (11.0s, 2132 chars)
[2026-09-14 18:24:29]    -> Trang 048/58 xong (14.1s, 2616 chars)
[2026-09-14 18:24:38]    -> Trang 049/58 xong (9.3s, 1912 chars)
[2026-09-14 18:24:47]    -> Trang 050/58 xong (8.6s, 2261 chars)
[2026-09-14 18:24:54]    -> Trang 051/58 xong (7.4s, 1731 chars)
[2026-09-14 18:25:04]    -> Trang 052/58 xong (9.6s, 2559 chars)
[2026-09-14 18:25:12]    -> Trang 053/58 xong (7.6s, 1907 chars)
[2026-09-14 18:25:22]    -> Trang 054/58 xong (10.0s, 2686 chars)
[2026-09-14 18:25:32]    -> Trang 055/58 xong (9.8s, 1949 chars)
[2026-09-14 18:25:41]    -> Trang 056/58 xong (9.6s, 1789 chars)
[2026-09-14 18:25:48]    -> Trang 057/58 xong (6.7s, 1295 chars)
[2026-09-14 18:26:03]    -> Trang 058/58 xong (14.8s, 3267 chars)
[2026-09-14 18:26:03] ✅ Hoàn tất cuốn: 11-sgk-chuyen-de-hoc-tap-lich-su-11 (58/58 trang)
[2026-09-14 18:26:03] 
📖 [55/66] [GRADE-11 | Chuyên đề | CHUYEN-DE] 11-sgk-chuyen-de-hoc-tap-mi-thuat-11
[2026-09-14 18:26:03]    Tiến độ: 0/67 trang (0.0%)
[2026-09-14 18:26:11]    -> Trang 001/67 xong (7.8s, 1914 chars)
[2026-09-14 18:26:15]    -> Trang 002/67 xong (4.1s, 409 chars)
[2026-09-14 18:26:28]    -> Trang 003/67 xong (12.6s, 3932 chars)
[2026-09-14 18:26:32]    -> Trang 004/67 xong (4.2s, 938 chars)
[2026-09-14 18:26:38]    -> Trang 005/67 xong (5.7s, 1600 chars)
[2026-09-14 18:26:43]    -> Trang 006/67 xong (4.6s, 804 chars)
[2026-09-14 18:26:48]    -> Trang 007/67 xong (4.5s, 847 chars)
[2026-09-14 18:26:52]    -> Trang 008/67 xong (4.1s, 824 chars)
[2026-09-14 18:26:57]    -> Trang 009/67 xong (4.8s, 1015 chars)
[2026-09-14 18:27:02]    -> Trang 010/67 xong (5.1s, 1020 chars)
[2026-09-14 18:27:08]    -> Trang 011/67 xong (5.7s, 1468 chars)
[2026-09-14 18:27:14]    -> Trang 012/67 xong (6.3s, 1618 chars)
[2026-09-14 18:27:17]    -> Trang 013/67 xong (2.7s, 138 chars)
[2026-09-14 18:27:21]    -> Trang 014/67 xong (4.3s, 836 chars)
[2026-09-14 18:27:26]    -> Trang 015/67 xong (4.5s, 922 chars)
[2026-09-14 18:27:30]    -> Trang 016/67 xong (4.1s, 811 chars)
[2026-09-14 18:27:34]    -> Trang 017/67 xong (3.9s, 658 chars)
[2026-09-14 18:27:39]    -> Trang 018/67 xong (4.6s, 961 chars)
[2026-09-14 18:27:43]    -> Trang 019/67 xong (3.9s, 714 chars)
[2026-09-14 18:27:47]    -> Trang 020/67 xong (3.7s, 607 chars)
[2026-09-14 18:27:52]    -> Trang 021/67 xong (5.0s, 1192 chars)
[2026-09-14 18:27:58]    -> Trang 022/67 xong (5.5s, 1292 chars)
[2026-09-14 18:28:03]    -> Trang 023/67 xong (5.1s, 1260 chars)
[2026-09-14 18:28:10]    -> Trang 024/67 xong (7.4s, 2047 chars)
[2026-09-14 18:28:16]    -> Trang 025/67 xong (5.5s, 1349 chars)
[2026-09-14 18:28:20]    -> Trang 026/67 xong (4.0s, 662 chars)
[2026-09-14 18:28:23]    -> Trang 027/67 xong (3.1s, 420 chars)
[2026-09-14 18:28:27]    -> Trang 028/67 xong (3.9s, 613 chars)
[2026-09-14 18:28:32]    -> Trang 029/67 xong (4.2s, 796 chars)
[2026-09-14 18:28:35]    -> Trang 030/67 xong (3.4s, 483 chars)
[2026-09-14 18:28:39]    -> Trang 031/67 xong (3.5s, 585 chars)
[2026-09-14 18:28:42]    -> Trang 032/67 xong (3.7s, 643 chars)
[2026-09-14 18:28:46]    -> Trang 033/67 xong (3.9s, 681 chars)
[2026-09-14 18:28:51]    -> Trang 034/67 xong (4.1s, 886 chars)
[2026-09-14 18:29:05]    -> Trang 035/67 xong (13.8s, 3618 chars)
[2026-09-14 18:29:08]    -> Trang 036/67 xong (3.1s, 416 chars)
[2026-09-14 18:29:13]    -> Trang 037/67 xong (5.5s, 1228 chars)
[2026-09-14 18:29:18]    -> Trang 038/67 xong (4.7s, 965 chars)
[2026-09-14 18:29:23]    -> Trang 039/67 xong (4.7s, 1053 chars)
[2026-09-14 18:29:27]    -> Trang 040/67 xong (4.0s, 788 chars)
[2026-09-14 18:29:31]    -> Trang 041/67 xong (4.0s, 738 chars)
[2026-09-14 18:29:36]    -> Trang 042/67 xong (5.0s, 1072 chars)
[2026-09-14 18:29:41]    -> Trang 043/67 xong (4.6s, 989 chars)
[2026-09-14 18:29:45]    -> Trang 044/67 xong (4.2s, 828 chars)
[2026-09-14 18:29:49]    -> Trang 045/67 xong (4.1s, 773 chars)
[2026-09-14 18:29:53]    -> Trang 046/67 xong (3.7s, 644 chars)
[2026-09-14 18:29:56]    -> Trang 047/67 xong (3.1s, 430 chars)
[2026-09-14 18:30:00]    -> Trang 048/67 xong (3.9s, 588 chars)
[2026-09-14 18:30:05]    -> Trang 049/67 xong (4.5s, 748 chars)
[2026-09-14 18:30:08]    -> Trang 050/67 xong (3.2s, 443 chars)
[2026-09-14 18:30:15]    -> Trang 051/67 xong (6.5s, 1602 chars)
[2026-09-14 18:30:22]    -> Trang 052/67 xong (6.3s, 1410 chars)
[2026-09-14 18:30:27]    -> Trang 053/67 xong (4.9s, 1017 chars)
[2026-09-14 18:30:32]    -> Trang 054/67 xong (5.5s, 1279 chars)
[2026-09-14 18:30:37]    -> Trang 055/67 xong (4.9s, 887 chars)
[2026-09-14 18:30:42]    -> Trang 056/67 xong (4.3s, 717 chars)
[2026-09-14 18:30:46]    -> Trang 057/67 xong (3.8s, 630 chars)
[2026-09-14 18:30:53]    -> Trang 058/67 xong (7.2s, 2026 chars)
[2026-09-14 18:31:00]    -> Trang 059/67 xong (7.2s, 2152 chars)
[2026-09-14 18:31:04]    -> Trang 060/67 xong (3.6s, 559 chars)
[2026-09-14 18:31:08]    -> Trang 061/67 xong (3.5s, 475 chars)
[2026-09-14 18:31:13]    -> Trang 062/67 xong (5.2s, 1199 chars)
[2026-09-14 18:31:19]    -> Trang 063/67 xong (5.5s, 1283 chars)
[2026-09-14 18:31:22]    -> Trang 064/67 xong (2.9s, 345 chars)
[2026-09-14 18:31:27]    -> Trang 065/67 xong (4.9s, 1061 chars)
[2026-09-14 18:31:33]    -> Trang 066/67 xong (6.5s, 1299 chars)
[2026-09-14 18:31:43]    -> Trang 067/67 xong (9.4s, 1953 chars)
[2026-09-14 18:31:43] ✅ Hoàn tất cuốn: 11-sgk-chuyen-de-hoc-tap-mi-thuat-11 (67/67 trang)
[2026-09-14 18:31:43] 
📖 [56/66] [GRADE-11 | Chuyên đề | CHUYEN-DE] 11-sgk-chuyen-de-hoc-tap-ngu-van-11
[2026-09-14 18:31:43]    Tiến độ: 0/94 trang (0.0%)
[2026-09-14 18:31:57]    -> Trang 001/94 xong (13.8s, 4175 chars)
[2026-09-14 18:32:11]    -> Trang 002/94 xong (13.7s, 2233 chars)
[2026-09-14 18:32:19]    -> Trang 003/94 xong (8.1s, 2649 chars)
[2026-09-14 18:32:28]    -> Trang 004/94 xong (8.8s, 2011 chars)
[2026-09-14 18:32:34]    -> Trang 005/94 xong (6.2s, 1684 chars)
[2026-09-14 18:32:43]    -> Trang 006/94 xong (8.5s, 2725 chars)
[2026-09-14 18:32:51]    -> Trang 007/94 xong (8.4s, 2730 chars)
[2026-09-14 18:33:00]    -> Trang 008/94 xong (8.5s, 2715 chars)
[2026-09-14 18:33:14]    -> Trang 009/94 xong (13.8s, 4890 chars)
[2026-09-14 18:33:22]    -> Trang 010/94 xong (7.4s, 2193 chars)
[2026-09-14 18:33:30]    -> Trang 011/94 xong (8.6s, 2824 chars)
[2026-09-14 18:33:38]    -> Trang 012/94 xong (7.6s, 2374 chars)
[2026-09-14 18:33:45]    -> Trang 013/94 xong (6.5s, 2015 chars)
[2026-09-14 18:33:52]    -> Trang 014/94 xong (7.0s, 1840 chars)
[2026-09-14 18:33:59]    -> Trang 015/94 xong (7.4s, 2144 chars)
[2026-09-14 18:34:07]    -> Trang 016/94 xong (7.8s, 2452 chars)
[2026-09-14 18:34:14]    -> Trang 017/94 xong (6.7s, 1541 chars)
[2026-09-14 18:34:21]    -> Trang 018/94 xong (6.5s, 1490 chars)
[2026-09-14 18:34:27]    -> Trang 019/94 xong (5.9s, 1515 chars)
[2026-09-14 18:34:33]    -> Trang 020/94 xong (6.4s, 1848 chars)
[2026-09-14 18:34:40]    -> Trang 021/94 xong (6.8s, 1940 chars)
[2026-09-14 18:34:48]    -> Trang 022/94 xong (7.5s, 2034 chars)
[2026-09-14 18:34:56]    -> Trang 023/94 xong (7.9s, 2261 chars)
[2026-09-14 18:35:04]    -> Trang 024/94 xong (8.4s, 2496 chars)
[2026-09-14 18:35:10]    -> Trang 025/94 xong (5.8s, 1406 chars)
[2026-09-14 18:35:19]    -> Trang 026/94 xong (8.4s, 2474 chars)
[2026-09-14 18:35:27]    -> Trang 027/94 xong (8.6s, 2679 chars)
[2026-09-14 18:35:36]    -> Trang 028/94 xong (8.8s, 2731 chars)
[2026-09-14 18:35:43]    -> Trang 029/94 xong (6.9s, 1821 chars)
[2026-09-14 18:35:50]    -> Trang 030/94 xong (6.8s, 2137 chars)
[2026-09-14 18:35:56]    -> Trang 031/94 xong (5.7s, 1481 chars)
[2026-09-14 18:36:04]    -> Trang 032/94 xong (7.6s, 2012 chars)
[2026-09-14 18:36:14]    -> Trang 033/94 xong (10.2s, 2908 chars)
[2026-09-14 18:36:23]    -> Trang 034/94 xong (8.5s, 2384 chars)
[2026-09-14 18:36:29]    -> Trang 035/94 xong (5.7s, 1480 chars)
[2026-09-14 18:36:35]    -> Trang 036/94 xong (6.3s, 1700 chars)
[2026-09-14 18:36:44]    -> Trang 037/94 xong (9.2s, 2933 chars)
[2026-09-14 18:36:54]    -> Trang 038/94 xong (9.7s, 3128 chars)
[2026-09-14 18:37:04]    -> Trang 039/94 xong (9.4s, 2686 chars)
[2026-09-14 18:37:13]    -> Trang 040/94 xong (9.1s, 2810 chars)
[2026-09-14 18:37:20]    -> Trang 041/94 xong (6.7s, 1907 chars)
[2026-09-14 18:37:28]    -> Trang 042/94 xong (8.1s, 2636 chars)
[2026-09-14 18:37:35]    -> Trang 043/94 xong (6.6s, 1899 chars)
[2026-09-14 18:37:42]    -> Trang 044/94 xong (7.1s, 2134 chars)
[2026-09-14 18:37:51]    -> Trang 045/94 xong (8.4s, 2778 chars)
[2026-09-14 18:38:01]    -> Trang 046/94 xong (10.0s, 3080 chars)
[2026-09-14 18:38:08]    -> Trang 047/94 xong (6.7s, 2080 chars)
[2026-09-14 18:38:16]    -> Trang 048/94 xong (8.2s, 2437 chars)
[2026-09-14 18:38:22]    -> Trang 049/94 xong (5.9s, 1484 chars)
[2026-09-14 18:38:29]    -> Trang 050/94 xong (6.7s, 1867 chars)
[2026-09-14 18:38:36]    -> Trang 051/94 xong (7.1s, 2119 chars)
[2026-09-14 18:38:43]    -> Trang 052/94 xong (6.9s, 2132 chars)
[2026-09-14 18:38:52]    -> Trang 053/94 xong (8.7s, 2856 chars)
[2026-09-14 18:39:00]    -> Trang 054/94 xong (8.1s, 2624 chars)
[2026-09-14 18:39:09]    -> Trang 055/94 xong (8.3s, 2492 chars)
[2026-09-14 18:39:20]    -> Trang 056/94 xong (10.8s, 3133 chars)
[2026-09-14 18:39:29]    -> Trang 057/94 xong (9.7s, 2539 chars)
[2026-09-14 18:39:39]    -> Trang 058/94 xong (9.7s, 2897 chars)
[2026-09-14 18:39:47]    -> Trang 059/94 xong (7.4s, 1778 chars)
[2026-09-14 18:39:52]    -> Trang 060/94 xong (4.7s, 970 chars)
[2026-09-14 18:39:59]    -> Trang 061/94 xong (7.2s, 1974 chars)
[2026-09-14 18:40:08]    -> Trang 062/94 xong (8.8s, 1690 chars)
[2026-09-14 18:40:22]    -> Trang 063/94 xong (13.9s, 2543 chars)
[2026-09-14 18:40:35]    -> Trang 064/94 xong (13.0s, 2499 chars)
[2026-09-14 18:40:49]    -> Trang 065/94 xong (13.9s, 2091 chars)
[2026-09-14 18:40:58]    -> Trang 066/94 xong (8.3s, 1792 chars)
[2026-09-14 18:41:11]    -> Trang 067/94 xong (13.1s, 2243 chars)
[2026-09-14 18:41:35]    -> Trang 068/94 xong (24.4s, 4551 chars)
[2026-09-14 18:41:52]    -> Trang 069/94 xong (16.4s, 2925 chars)
[2026-09-14 18:42:07]    -> Trang 070/94 xong (15.0s, 2268 chars)
[2026-09-14 18:42:31]    -> Trang 071/94 xong (23.4s, 4716 chars)
[2026-09-14 18:42:54]    -> Trang 072/94 xong (23.6s, 5085 chars)
[2026-09-14 18:43:07]    -> Trang 073/94 xong (12.2s, 2953 chars)
[2026-09-14 18:43:17]    -> Trang 074/94 xong (10.5s, 2523 chars)
[2026-09-14 18:43:25]    -> Trang 075/94 xong (8.1s, 1660 chars)
[2026-09-14 18:43:38]    -> Trang 076/94 xong (12.4s, 2401 chars)
[2026-09-14 18:43:49]    -> Trang 077/94 xong (10.4s, 2248 chars)
[2026-09-14 18:43:59]    -> Trang 078/94 xong (9.9s, 1941 chars)
[2026-09-14 18:44:07]    -> Trang 079/94 xong (8.5s, 1584 chars)
[2026-09-14 18:44:18]    -> Trang 080/94 xong (10.1s, 2102 chars)
[2026-09-14 18:44:26]    -> Trang 081/94 xong (8.3s, 1807 chars)
[2026-09-14 18:44:36]    -> Trang 082/94 xong (10.4s, 2012 chars)
[2026-09-14 18:44:44]    -> Trang 083/94 xong (7.4s, 1221 chars)
[2026-09-14 18:44:54]    -> Trang 084/94 xong (10.4s, 2005 chars)
[2026-09-14 18:45:05]    -> Trang 085/94 xong (10.9s, 2567 chars)
[2026-09-14 18:45:17]    -> Trang 086/94 xong (11.7s, 2652 chars)
[2026-09-14 18:45:28]    -> Trang 087/94 xong (10.7s, 1211 chars)
[2026-09-14 18:45:40]    -> Trang 088/94 xong (11.7s, 2564 chars)
[2026-09-14 18:45:51]    -> Trang 089/94 xong (11.3s, 2451 chars)
[2026-09-14 18:46:05]    -> Trang 090/94 xong (13.6s, 2521 chars)
[2026-09-14 18:46:18]    -> Trang 091/94 xong (12.5s, 2374 chars)
[2026-09-14 18:46:26]    -> Trang 092/94 xong (7.9s, 992 chars)
[2026-09-14 18:46:35]    -> Trang 093/94 xong (9.5s, 1581 chars)
[2026-09-14 18:46:54]    -> Trang 094/94 xong (18.4s, 3554 chars)
[2026-09-14 18:46:54] ✅ Hoàn tất cuốn: 11-sgk-chuyen-de-hoc-tap-ngu-van-11 (94/94 trang)
[2026-09-14 18:46:54] 
📖 [57/66] [GRADE-11 | Chuyên đề | CHUYEN-DE] 11-sgk-chuyen-de-hoc-tap-sinh-hoc-11
[2026-09-14 18:46:54]    Tiến độ: 0/63 trang (0.0%)
[2026-09-14 18:47:12]    -> Trang 001/63 xong (17.8s, 3548 chars)
[2026-09-14 18:47:16]    -> Trang 002/63 xong (4.4s, 297 chars)
[2026-09-14 18:47:25]    -> Trang 003/63 xong (8.1s, 1474 chars)
[2026-09-14 18:47:36]    -> Trang 004/63 xong (11.2s, 2901 chars)
[2026-09-14 18:47:44]    -> Trang 005/63 xong (7.6s, 1405 chars)
[2026-09-14 18:47:54]    -> Trang 006/63 xong (10.0s, 1868 chars)
[2026-09-14 18:48:01]    -> Trang 007/63 xong (7.6s, 1395 chars)
[2026-09-14 18:48:14]    -> Trang 008/63 xong (12.1s, 2833 chars)
[2026-09-14 18:48:29]    -> Trang 009/63 xong (15.1s, 3324 chars)
[2026-09-14 18:48:46]    -> Trang 010/63 xong (16.6s, 4254 chars)
[2026-09-14 18:48:55]    -> Trang 011/63 xong (9.0s, 2044 chars)
[2026-09-14 18:49:02]    -> Trang 012/63 xong (7.1s, 1339 chars)
[2026-09-14 18:49:11]    -> Trang 013/63 xong (8.5s, 1538 chars)
[2026-09-14 18:49:19]    -> Trang 014/63 xong (8.4s, 1854 chars)
[2026-09-14 18:49:31]    -> Trang 015/63 xong (11.9s, 3159 chars)
[2026-09-14 18:49:40]    -> Trang 016/63 xong (8.3s, 1911 chars)
[2026-09-14 18:49:48]    -> Trang 017/63 xong (8.5s, 1820 chars)
[2026-09-14 18:49:59]    -> Trang 018/63 xong (10.7s, 2448 chars)
[2026-09-14 18:50:11]    -> Trang 019/63 xong (11.7s, 2338 chars)
[2026-09-14 18:50:25]    -> Trang 020/63 xong (13.4s, 2719 chars)
[2026-09-14 18:50:35]    -> Trang 021/63 xong (10.0s, 1684 chars)
[2026-09-14 18:50:47]    -> Trang 022/63 xong (12.3s, 2314 chars)
[2026-09-14 18:50:59]    -> Trang 023/63 xong (11.3s, 2100 chars)
[2026-09-14 18:51:09]    -> Trang 024/63 xong (10.2s, 2251 chars)
[2026-09-14 18:51:16]    -> Trang 025/63 xong (7.4s, 1074 chars)
[2026-09-14 18:51:25]    -> Trang 026/63 xong (8.7s, 1666 chars)
[2026-09-14 18:51:41]    -> Trang 027/63 xong (15.3s, 3371 chars)
[2026-09-14 18:51:52]    -> Trang 028/63 xong (11.0s, 2099 chars)
[2026-09-14 18:52:01]    -> Trang 029/63 xong (9.4s, 1767 chars)
[2026-09-14 18:52:10]    -> Trang 030/63 xong (8.1s, 1513 chars)
[2026-09-14 18:52:18]    -> Trang 031/63 xong (8.4s, 1564 chars)
[2026-09-14 18:52:25]    -> Trang 032/63 xong (6.3s, 970 chars)
[2026-09-14 18:52:35]    -> Trang 033/63 xong (9.9s, 2054 chars)
[2026-09-14 18:52:47]    -> Trang 034/63 xong (12.8s, 2686 chars)
[2026-09-14 18:52:58]    -> Trang 035/63 xong (10.3s, 1925 chars)
[2026-09-14 18:53:08]    -> Trang 036/63 xong (10.1s, 1815 chars)
[2026-09-14 18:53:17]    -> Trang 037/63 xong (9.0s, 1540 chars)
[2026-09-14 18:53:28]    -> Trang 038/63 xong (10.9s, 2739 chars)
[2026-09-14 18:53:38]    -> Trang 039/63 xong (9.7s, 2145 chars)
[2026-09-14 18:53:45]    -> Trang 040/63 xong (6.7s, 924 chars)
[2026-09-14 18:53:55]    -> Trang 041/63 xong (10.1s, 1585 chars)
[2026-09-14 18:54:09]    -> Trang 042/63 xong (14.0s, 2730 chars)
[2026-09-14 18:54:22]    -> Trang 043/63 xong (12.5s, 2199 chars)
[2026-09-14 18:54:38]    -> Trang 044/63 xong (15.7s, 3294 chars)
[2026-09-14 18:55:00]    -> Trang 045/63 xong (22.0s, 2361 chars)
[2026-09-14 18:55:15]    -> Trang 046/63 xong (15.3s, 2521 chars)
[2026-09-14 18:55:27]    -> Trang 047/63 xong (11.7s, 1670 chars)
[2026-09-14 18:55:36]    -> Trang 048/63 xong (8.7s, 1103 chars)
[2026-09-14 18:55:46]    -> Trang 049/63 xong (10.5s, 1606 chars)
[2026-09-14 18:56:00]    -> Trang 050/63 xong (13.5s, 2460 chars)
[2026-09-14 18:56:12]    -> Trang 051/63 xong (12.1s, 1699 chars)
[2026-09-14 18:56:27]    -> Trang 052/63 xong (14.5s, 2330 chars)
[2026-09-14 18:56:39]    -> Trang 053/63 xong (12.0s, 1916 chars)
[2026-09-14 18:56:55]    -> Trang 054/63 xong (15.6s, 2714 chars)
[2026-09-14 18:57:08]    -> Trang 055/63 xong (12.5s, 2317 chars)
[2026-09-14 18:57:19]    -> Trang 056/63 xong (10.9s, 1863 chars)
[2026-09-14 18:57:28]    -> Trang 057/63 xong (9.7s, 1428 chars)
[2026-09-14 18:57:40]    -> Trang 058/63 xong (11.2s, 1730 chars)
[2026-09-14 18:57:49]    -> Trang 059/63 xong (9.0s, 938 chars)
[2026-09-14 18:57:58]    -> Trang 060/63 xong (9.1s, 1071 chars)
[2026-09-14 18:58:08]    -> Trang 061/63 xong (9.7s, 1306 chars)
[2026-09-14 18:58:20]    -> Trang 062/63 xong (11.7s, 1531 chars)
[2026-09-14 18:58:46]    -> Trang 063/63 xong (26.2s, 3657 chars)
[2026-09-14 18:58:46] ✅ Hoàn tất cuốn: 11-sgk-chuyen-de-hoc-tap-sinh-hoc-11 (63/63 trang)
[2026-09-14 18:58:46] 
📖 [58/66] [GRADE-11 | Chuyên đề | CHUYEN-DE] 11-sgk-chuyen-de-hoc-tap-tin-hoc-11-dinh-huong-khoa-hoc-may-tinh
[2026-09-14 18:58:46]    Tiến độ: 0/75 trang (0.0%)
[2026-09-14 18:58:56]    -> Trang 001/75 xong (9.7s, 991 chars)
[2026-09-14 18:59:05]    -> Trang 002/75 xong (9.1s, 761 chars)
[2026-09-14 18:59:13]    -> Trang 003/75 xong (7.3s, 304 chars)
[2026-09-14 18:59:21]    -> Trang 004/75 xong (8.3s, 1091 chars)
[2026-09-14 18:59:32]    -> Trang 005/75 xong (11.2s, 1935 chars)
[2026-09-14 18:59:43]    -> Trang 006/75 xong (10.6s, 1126 chars)
[2026-09-14 19:00:00]    -> Trang 007/75 xong (17.2s, 2565 chars)
[2026-09-14 19:00:12]    -> Trang 008/75 xong (11.8s, 1771 chars)
[2026-09-14 19:00:24]    -> Trang 009/75 xong (11.9s, 1770 chars)
[2026-09-14 19:00:37]    -> Trang 010/75 xong (12.2s, 1638 chars)
[2026-09-14 19:00:47]    -> Trang 011/75 xong (10.2s, 1689 chars)
[2026-09-14 19:01:02]    -> Trang 012/75 xong (14.6s, 2506 chars)
[2026-09-14 19:01:13]    -> Trang 013/75 xong (11.3s, 1285 chars)
[2026-09-14 19:01:27]    -> Trang 014/75 xong (14.1s, 2517 chars)
[2026-09-14 19:01:38]    -> Trang 015/75 xong (10.9s, 1724 chars)
[2026-09-14 19:01:49]    -> Trang 016/75 xong (10.6s, 1753 chars)
[2026-09-14 19:01:59]    -> Trang 017/75 xong (9.6s, 1320 chars)
[2026-09-14 19:02:23]    -> Trang 018/75 xong (23.6s, 3646 chars)
[2026-09-14 19:02:37]    -> Trang 019/75 xong (14.7s, 2087 chars)
[2026-09-14 19:02:49]    -> Trang 020/75 xong (11.9s, 1735 chars)
[2026-09-14 19:03:01]    -> Trang 021/75 xong (11.1s, 1221 chars)
[2026-09-14 19:03:09]    -> Trang 022/75 xong (8.9s, 1077 chars)
[2026-09-14 19:03:19]    -> Trang 023/75 xong (9.8s, 1211 chars)
[2026-09-14 19:03:35]    -> Trang 024/75 xong (15.5s, 2160 chars)
[2026-09-14 19:03:48]    -> Trang 025/75 xong (12.8s, 2008 chars)
[2026-09-14 19:04:01]    -> Trang 026/75 xong (13.0s, 1938 chars)
[2026-09-14 19:04:12]    -> Trang 027/75 xong (11.4s, 1552 chars)
[2026-09-14 19:04:25]    -> Trang 028/75 xong (12.2s, 1705 chars)
[2026-09-14 19:04:37]    -> Trang 029/75 xong (11.9s, 1609 chars)
[2026-09-14 19:04:52]    -> Trang 030/75 xong (15.0s, 2363 chars)
[2026-09-14 19:05:04]    -> Trang 031/75 xong (12.3s, 1959 chars)
[2026-09-14 19:05:18]    -> Trang 032/75 xong (13.6s, 2040 chars)
[2026-09-14 19:05:32]    -> Trang 033/75 xong (14.1s, 2042 chars)
[2026-09-14 19:05:44]    -> Trang 034/75 xong (11.5s, 1738 chars)
[2026-09-14 19:05:56]    -> Trang 035/75 xong (11.8s, 1489 chars)
[2026-09-14 19:06:10]    -> Trang 036/75 xong (13.8s, 1783 chars)
[2026-09-14 19:06:21]    -> Trang 037/75 xong (11.2s, 1552 chars)
[2026-09-14 19:06:32]    -> Trang 038/75 xong (10.3s, 1328 chars)
[2026-09-14 19:06:43]    -> Trang 039/75 xong (11.5s, 1625 chars)
[2026-09-14 19:07:05]    -> Trang 040/75 xong (21.6s, 4477 chars)
[2026-09-14 19:07:16]    -> Trang 041/75 xong (11.4s, 1857 chars)
[2026-09-14 19:07:37]    -> Trang 042/75 xong (20.2s, 1782 chars)
[2026-09-14 19:07:52]    -> Trang 043/75 xong (15.4s, 2658 chars)
[2026-09-14 19:08:07]    -> Trang 044/75 xong (14.9s, 2508 chars)
[2026-09-14 19:08:20]    -> Trang 045/75 xong (13.0s, 1824 chars)
[2026-09-14 19:08:34]    -> Trang 046/75 xong (13.4s, 2180 chars)
[2026-09-14 19:08:45]    -> Trang 047/75 xong (10.7s, 1595 chars)
[2026-09-14 19:09:02]    -> Trang 048/75 xong (16.8s, 2818 chars)
[2026-09-14 19:09:17]    -> Trang 049/75 xong (15.0s, 2283 chars)
[2026-09-14 19:09:28]    -> Trang 050/75 xong (10.9s, 1384 chars)
[2026-09-14 19:09:41]    -> Trang 051/75 xong (13.2s, 2312 chars)
[2026-09-14 19:09:54]    -> Trang 052/75 xong (13.2s, 1930 chars)
[2026-09-14 19:10:08]    -> Trang 053/75 xong (13.4s, 1976 chars)
[2026-09-14 19:10:17]    -> Trang 054/75 xong (9.4s, 1286 chars)
[2026-09-14 19:10:27]    -> Trang 055/75 xong (9.8s, 1458 chars)
[2026-09-14 19:10:42]    -> Trang 056/75 xong (14.8s, 2189 chars)
[2026-09-14 19:10:52]    -> Trang 057/75 xong (10.1s, 1517 chars)
[2026-09-14 19:11:03]    -> Trang 058/75 xong (10.1s, 1542 chars)
[2026-09-14 19:11:17]    -> Trang 059/75 xong (14.5s, 2292 chars)
[2026-09-14 19:11:34]    -> Trang 060/75 xong (16.7s, 2520 chars)
[2026-09-14 19:11:47]    -> Trang 061/75 xong (12.9s, 1853 chars)
[2026-09-14 19:11:58]    -> Trang 062/75 xong (11.0s, 1505 chars)
[2026-09-14 19:12:11]    -> Trang 063/75 xong (13.0s, 1719 chars)
[2026-09-14 19:12:23]    -> Trang 064/75 xong (11.2s, 1738 chars)
[2026-09-14 19:12:33]    -> Trang 065/75 xong (9.9s, 1100 chars)
[2026-09-14 19:12:47]    -> Trang 066/75 xong (14.5s, 1995 chars)
[2026-09-14 19:12:59]    -> Trang 067/75 xong (11.2s, 1664 chars)
[2026-09-14 19:13:12]    -> Trang 068/75 xong (13.6s, 2345 chars)
[2026-09-14 19:13:27]    -> Trang 069/75 xong (14.9s, 2207 chars)
[2026-09-14 19:13:43]    -> Trang 070/75 xong (15.7s, 2569 chars)
[2026-09-14 19:13:56]    -> Trang 071/75 xong (13.1s, 2008 chars)
[2026-09-14 19:14:17]    -> Trang 072/75 xong (20.9s, 4425 chars)
[2026-09-14 19:14:27]    -> Trang 073/75 xong (9.3s, 1358 chars)
[2026-09-14 19:14:38]    -> Trang 074/75 xong (11.0s, 1522 chars)
[2026-09-14 19:14:59]    -> Trang 075/75 xong (21.4s, 3608 chars)
[2026-09-14 19:14:59] ✅ Hoàn tất cuốn: 11-sgk-chuyen-de-hoc-tap-tin-hoc-11-dinh-huong-khoa-hoc-may-tinh (75/75 trang)
[2026-09-14 19:15:00] 
📖 [59/66] [GRADE-11 | Chuyên đề | CHUYEN-DE] 11-sgk-chuyen-de-hoc-tap-tin-hoc-11-dinh-huong-tin-hoc-ung-dung
[2026-09-14 19:15:00]    Tiến độ: 0/79 trang (0.0%)
[2026-09-14 19:15:05]    -> Trang 001/79 xong (5.5s, 145 chars)
[2026-09-14 19:15:13]    -> Trang 002/79 xong (7.8s, 625 chars)
[2026-09-14 19:15:19]    -> Trang 003/79 xong (6.1s, 283 chars)
[2026-09-14 19:15:28]    -> Trang 004/79 xong (8.1s, 1095 chars)
[2026-09-14 19:15:37]    -> Trang 005/79 xong (9.4s, 1561 chars)
[2026-09-14 19:15:47]    -> Trang 006/79 xong (9.3s, 1513 chars)
[2026-09-14 19:16:04]    -> Trang 007/79 xong (17.4s, 3403 chars)
[2026-09-14 19:16:12]    -> Trang 008/79 xong (8.1s, 1055 chars)
[2026-09-14 19:16:25]    -> Trang 009/79 xong (12.5s, 2349 chars)
[2026-09-14 19:16:37]    -> Trang 010/79 xong (12.1s, 2185 chars)
[2026-09-14 19:16:49]    -> Trang 011/79 xong (12.1s, 1971 chars)
[2026-09-14 19:17:00]    -> Trang 012/79 xong (10.6s, 1445 chars)
[2026-09-14 19:17:12]    -> Trang 013/79 xong (11.5s, 1798 chars)
[2026-09-14 19:17:24]    -> Trang 014/79 xong (12.4s, 2285 chars)
[2026-09-14 19:17:37]    -> Trang 015/79 xong (12.5s, 2147 chars)
[2026-09-14 19:17:52]    -> Trang 016/79 xong (14.8s, 2292 chars)
[2026-09-14 19:18:02]    -> Trang 017/79 xong (9.9s, 1304 chars)
[2026-09-14 19:18:12]    -> Trang 018/79 xong (10.2s, 1558 chars)
[2026-09-14 19:18:26]    -> Trang 019/79 xong (13.4s, 2612 chars)
[2026-09-14 19:18:38]    -> Trang 020/79 xong (12.3s, 2307 chars)
[2026-09-14 19:18:48]    -> Trang 021/79 xong (9.7s, 1278 chars)
[2026-09-14 19:19:01]    -> Trang 022/79 xong (12.6s, 1907 chars)
[2026-09-14 19:19:08]    -> Trang 023/79 xong (7.7s, 749 chars)
[2026-09-14 19:19:19]    -> Trang 024/79 xong (10.3s, 1544 chars)
[2026-09-14 19:19:32]    -> Trang 025/79 xong (13.3s, 2488 chars)
[2026-09-14 19:19:44]    -> Trang 026/79 xong (11.1s, 2002 chars)
[2026-09-14 19:19:58]    -> Trang 027/79 xong (14.4s, 2162 chars)
[2026-09-14 19:20:10]    -> Trang 028/79 xong (11.4s, 1613 chars)
[2026-09-14 19:20:21]    -> Trang 029/79 xong (11.3s, 1903 chars)
[2026-09-14 19:20:32]    -> Trang 030/79 xong (11.3s, 1590 chars)
[2026-09-14 19:20:45]    -> Trang 031/79 xong (12.2s, 2069 chars)
[2026-09-14 19:20:54]    -> Trang 032/79 xong (9.6s, 1346 chars)
[2026-09-14 19:21:06]    -> Trang 033/79 xong (11.1s, 1948 chars)
[2026-09-14 19:21:18]    -> Trang 034/79 xong (12.4s, 2198 chars)
[2026-09-14 19:21:38]    -> Trang 035/79 xong (20.1s, 3748 chars)
[2026-09-14 19:21:54]    -> Trang 036/79 xong (15.1s, 2279 chars)
[2026-09-14 19:22:06]    -> Trang 037/79 xong (12.1s, 1708 chars)
[2026-09-14 19:22:28]    -> Trang 038/79 xong (21.9s, 4093 chars)
[2026-09-14 19:22:42]    -> Trang 039/79 xong (13.5s, 2250 chars)
[2026-09-14 19:22:56]    -> Trang 040/79 xong (14.0s, 1969 chars)
[2026-09-14 19:23:08]    -> Trang 041/79 xong (11.9s, 2006 chars)
[2026-09-14 19:23:14]    -> Trang 042/79 xong (6.1s, 1410 chars)
[2026-09-14 19:23:23]    -> Trang 043/79 xong (9.0s, 2648 chars)
[2026-09-14 19:23:30]    -> Trang 044/79 xong (7.0s, 1899 chars)
[2026-09-14 19:23:35]    -> Trang 045/79 xong (4.6s, 991 chars)
[2026-09-14 19:23:44]    -> Trang 046/79 xong (8.6s, 2520 chars)
[2026-09-14 19:23:52]    -> Trang 047/79 xong (7.8s, 2250 chars)
[2026-09-14 19:23:58]    -> Trang 048/79 xong (6.5s, 1804 chars)
[2026-09-14 19:24:04]    -> Trang 049/79 xong (6.2s, 1323 chars)
[2026-09-14 19:24:10]    -> Trang 050/79 xong (5.4s, 1388 chars)
[2026-09-14 19:24:15]    -> Trang 051/79 xong (5.4s, 1275 chars)
[2026-09-14 19:24:22]    -> Trang 052/79 xong (6.7s, 1783 chars)
[2026-09-14 19:24:31]    -> Trang 053/79 xong (8.6s, 2724 chars)
[2026-09-14 19:24:38]    -> Trang 054/79 xong (6.6s, 1715 chars)
[2026-09-14 19:24:44]    -> Trang 055/79 xong (5.9s, 1336 chars)
[2026-09-14 19:24:51]    -> Trang 056/79 xong (7.1s, 2056 chars)
[2026-09-14 19:24:57]    -> Trang 057/79 xong (5.4s, 1345 chars)
[2026-09-14 19:25:03]    -> Trang 058/79 xong (6.7s, 1888 chars)
[2026-09-14 19:25:10]    -> Trang 059/79 xong (6.3s, 1675 chars)
[2026-09-14 19:25:15]    -> Trang 060/79 xong (5.0s, 1039 chars)
[2026-09-14 19:25:21]    -> Trang 061/79 xong (5.9s, 1336 chars)
[2026-09-14 19:25:26]    -> Trang 062/79 xong (5.1s, 1215 chars)
[2026-09-14 19:25:33]    -> Trang 063/79 xong (7.2s, 2122 chars)
[2026-09-14 19:25:41]    -> Trang 064/79 xong (7.1s, 1856 chars)
[2026-09-14 19:25:45]    -> Trang 065/79 xong (4.5s, 884 chars)
[2026-09-14 19:25:53]    -> Trang 066/79 xong (7.6s, 1898 chars)
[2026-09-14 19:26:00]    -> Trang 067/79 xong (6.8s, 2015 chars)
[2026-09-14 19:26:05]    -> Trang 068/79 xong (5.2s, 1179 chars)
[2026-09-14 19:26:10]    -> Trang 069/79 xong (5.1s, 1025 chars)
[2026-09-14 19:26:17]    -> Trang 070/79 xong (6.6s, 1770 chars)
[2026-09-14 19:26:23]    -> Trang 071/79 xong (6.3s, 1516 chars)
[2026-09-14 19:26:29]    -> Trang 072/79 xong (5.9s, 1475 chars)
[2026-09-14 19:26:35]    -> Trang 073/79 xong (5.9s, 1384 chars)
[2026-09-14 19:26:42]    -> Trang 074/79 xong (6.2s, 1694 chars)
[2026-09-14 19:26:48]    -> Trang 075/79 xong (5.9s, 1462 chars)
[2026-09-14 19:26:54]    -> Trang 076/79 xong (5.6s, 1349 chars)
[2026-09-14 19:26:59]    -> Trang 077/79 xong (4.9s, 1083 chars)
[2026-09-14 19:27:05]    -> Trang 078/79 xong (6.6s, 1430 chars)
[2026-09-14 19:27:19]    -> Trang 079/79 xong (13.7s, 4230 chars)
[2026-09-14 19:27:19] ✅ Hoàn tất cuốn: 11-sgk-chuyen-de-hoc-tap-tin-hoc-11-dinh-huong-tin-hoc-ung-dung (79/79 trang)
[2026-09-14 19:27:19] 
📖 [60/66] [GRADE-11 | Chuyên đề | CHUYEN-DE] 11-sgk-chuyen-de-hoc-tap-toan-11
[2026-09-14 19:27:19]    Tiến độ: 0/86 trang (0.0%)
[2026-09-14 19:27:34]    -> Trang 001/86 xong (14.3s, 4667 chars)
[2026-09-14 19:27:38]    -> Trang 002/86 xong (4.2s, 496 chars)
[2026-09-14 19:27:45]    -> Trang 003/86 xong (7.2s, 2054 chars)
[2026-09-14 19:27:51]    -> Trang 004/86 xong (5.8s, 1451 chars)
[2026-09-14 19:27:57]    -> Trang 005/86 xong (5.5s, 835 chars)
[2026-09-14 19:28:02]    -> Trang 006/86 xong (5.2s, 1122 chars)
[2026-09-14 19:28:10]    -> Trang 007/86 xong (7.5s, 1886 chars)
[2026-09-14 19:28:18]    -> Trang 008/86 xong (8.3s, 1590 chars)
[2026-09-14 19:28:25]    -> Trang 009/86 xong (6.3s, 1492 chars)
[2026-09-14 19:28:31]    -> Trang 010/86 xong (6.0s, 1270 chars)
[2026-09-14 19:28:38]    -> Trang 011/86 xong (7.4s, 1776 chars)
[2026-09-14 19:28:47]    -> Trang 012/86 xong (8.2s, 1907 chars)
[2026-09-14 19:28:53]    -> Trang 013/86 xong (6.3s, 1408 chars)
[2026-09-14 19:29:04]    -> Trang 014/86 xong (10.9s, 2334 chars)
[2026-09-14 19:29:12]    -> Trang 015/86 xong (7.5s, 1567 chars)
[2026-09-14 19:29:20]    -> Trang 016/86 xong (8.2s, 2027 chars)
[2026-09-14 19:29:27]    -> Trang 017/86 xong (7.1s, 1724 chars)
[2026-09-14 19:29:34]    -> Trang 018/86 xong (6.7s, 1443 chars)
[2026-09-14 19:29:40]    -> Trang 019/86 xong (6.2s, 1290 chars)
[2026-09-14 19:29:48]    -> Trang 020/86 xong (7.3s, 1549 chars)
[2026-09-14 19:29:54]    -> Trang 021/86 xong (6.5s, 1435 chars)
[2026-09-14 19:30:01]    -> Trang 022/86 xong (6.3s, 1587 chars)
[2026-09-14 19:30:09]    -> Trang 023/86 xong (7.6s, 1730 chars)
[2026-09-14 19:30:18]    -> Trang 024/86 xong (9.8s, 2406 chars)
[2026-09-14 19:30:23]    -> Trang 025/86 xong (4.8s, 981 chars)
[2026-09-14 19:30:38]    -> Trang 026/86 xong (14.1s, 4700 chars)
[2026-09-14 19:30:43]    -> Trang 027/86 xong (5.1s, 1018 chars)
[2026-09-14 19:30:53]    -> Trang 028/86 xong (9.6s, 2391 chars)
[2026-09-14 19:31:01]    -> Trang 029/86 xong (8.7s, 2175 chars)
[2026-09-14 19:31:07]    -> Trang 030/86 xong (5.8s, 1230 chars)
[2026-09-14 19:31:15]    -> Trang 031/86 xong (7.9s, 2037 chars)
[2026-09-14 19:31:23]    -> Trang 032/86 xong (7.3s, 1861 chars)
[2026-09-14 19:31:31]    -> Trang 033/86 xong (8.3s, 2257 chars)
[2026-09-14 19:31:39]    -> Trang 034/86 xong (7.5s, 1760 chars)
[2026-09-14 19:31:45]    -> Trang 035/86 xong (5.6s, 1228 chars)
[2026-09-14 19:31:52]    -> Trang 036/86 xong (7.6s, 1940 chars)
[2026-09-14 19:31:59]    -> Trang 037/86 xong (6.9s, 1775 chars)
[2026-09-14 19:32:06]    -> Trang 038/86 xong (6.5s, 1355 chars)
[2026-09-14 19:32:15]    -> Trang 039/86 xong (8.5s, 2107 chars)
[2026-09-14 19:32:22]    -> Trang 040/86 xong (7.5s, 1863 chars)
[2026-09-14 19:32:29]    -> Trang 041/86 xong (6.6s, 1519 chars)
[2026-09-14 19:32:36]    -> Trang 042/86 xong (7.3s, 1782 chars)
[2026-09-14 19:32:43]    -> Trang 043/86 xong (6.7s, 1681 chars)
[2026-09-14 19:32:50]    -> Trang 044/86 xong (6.8s, 1766 chars)
[2026-09-14 19:32:54]    -> Trang 045/86 xong (4.3s, 752 chars)
[2026-09-14 19:33:03]    -> Trang 046/86 xong (8.5s, 2542 chars)
[2026-09-14 19:33:11]    -> Trang 047/86 xong (8.2s, 2192 chars)
[2026-09-14 19:33:22]    -> Trang 048/86 xong (10.3s, 2747 chars)
[2026-09-14 19:33:31]    -> Trang 049/86 xong (8.9s, 2640 chars)
[2026-09-14 19:33:35]    -> Trang 050/86 xong (4.6s, 863 chars)
[2026-09-14 19:33:41]    -> Trang 051/86 xong (5.5s, 1059 chars)
[2026-09-14 19:33:45]    -> Trang 052/86 xong (3.9s, 602 chars)
[2026-09-14 19:33:51]    -> Trang 053/86 xong (5.9s, 1422 chars)
[2026-09-14 19:33:57]    -> Trang 054/86 xong (6.1s, 1376 chars)
[2026-09-14 19:34:02]    -> Trang 055/86 xong (4.8s, 909 chars)
[2026-09-14 19:34:09]    -> Trang 056/86 xong (6.9s, 1666 chars)
[2026-09-14 19:34:17]    -> Trang 057/86 xong (7.9s, 2166 chars)
[2026-09-14 19:34:22]    -> Trang 058/86 xong (4.4s, 865 chars)
[2026-09-14 19:34:29]    -> Trang 059/86 xong (6.8s, 1593 chars)
[2026-09-14 19:34:34]    -> Trang 060/86 xong (5.1s, 1137 chars)
[2026-09-14 19:34:41]    -> Trang 061/86 xong (6.7s, 1749 chars)
[2026-09-14 19:34:48]    -> Trang 062/86 xong (7.1s, 1589 chars)
[2026-09-14 19:34:57]    -> Trang 063/86 xong (9.7s, 2351 chars)
[2026-09-14 19:35:02]    -> Trang 064/86 xong (4.5s, 799 chars)
[2026-09-14 19:35:08]    -> Trang 065/86 xong (5.9s, 1398 chars)
[2026-09-14 19:35:14]    -> Trang 066/86 xong (6.0s, 1474 chars)
[2026-09-14 19:35:19]    -> Trang 067/86 xong (5.1s, 994 chars)
[2026-09-14 19:35:25]    -> Trang 068/86 xong (5.5s, 1340 chars)
[2026-09-14 19:35:30]    -> Trang 069/86 xong (5.0s, 923 chars)
[2026-09-14 19:35:37]    -> Trang 070/86 xong (6.6s, 1531 chars)
[2026-09-14 19:35:43]    -> Trang 071/86 xong (6.4s, 1277 chars)
[2026-09-14 19:35:50]    -> Trang 072/86 xong (7.0s, 1740 chars)
[2026-09-14 19:35:57]    -> Trang 073/86 xong (6.8s, 1832 chars)
[2026-09-14 19:36:03]    -> Trang 074/86 xong (5.3s, 1231 chars)
[2026-09-14 19:36:09]    -> Trang 075/86 xong (5.9s, 1289 chars)
[2026-09-14 19:36:17]    -> Trang 076/86 xong (8.2s, 2256 chars)
[2026-09-14 19:36:21]    -> Trang 077/86 xong (4.0s, 691 chars)
[2026-09-14 19:36:27]    -> Trang 078/86 xong (5.9s, 1240 chars)
[2026-09-14 19:36:32]    -> Trang 079/86 xong (4.7s, 838 chars)
[2026-09-14 19:36:37]    -> Trang 080/86 xong (5.0s, 1002 chars)
[2026-09-14 19:36:45]    -> Trang 081/86 xong (8.4s, 1982 chars)
[2026-09-14 19:36:50]    -> Trang 082/86 xong (4.2s, 767 chars)
[2026-09-14 19:36:58]    -> Trang 083/86 xong (8.0s, 1636 chars)
[2026-09-14 19:37:04]    -> Trang 084/86 xong (6.5s, 1890 chars)
[2026-09-14 19:37:11]    -> Trang 085/86 xong (6.6s, 1396 chars)
[2026-09-14 19:37:20]    -> Trang 086/86 xong (8.8s, 1812 chars)
[2026-09-14 19:37:20] ✅ Hoàn tất cuốn: 11-sgk-chuyen-de-hoc-tap-toan-11 (86/86 trang)
[2026-09-14 19:37:20] 
📖 [61/66] [GRADE-11 | Chuyên đề | CHUYEN-DE] 11-sgk-chuyen-de-hoc-tap-vat-li-11
[2026-09-14 19:37:20]    Tiến độ: 0/62 trang (0.0%)
[2026-09-14 19:37:35]    -> Trang 001/62 xong (14.3s, 4215 chars)
[2026-09-14 19:37:38]    -> Trang 002/62 xong (2.9s, 262 chars)
[2026-09-14 19:37:43]    -> Trang 003/62 xong (4.8s, 1030 chars)
[2026-09-14 19:37:50]    -> Trang 004/62 xong (6.7s, 1967 chars)
[2026-09-14 19:37:55]    -> Trang 005/62 xong (5.4s, 896 chars)
[2026-09-14 19:37:58]    -> Trang 006/62 xong (3.0s, 285 chars)
[2026-09-14 19:38:04]    -> Trang 007/62 xong (5.5s, 1194 chars)
[2026-09-14 19:38:13]    -> Trang 008/62 xong (8.7s, 2317 chars)
[2026-09-14 19:38:18]    -> Trang 009/62 xong (5.8s, 1372 chars)
[2026-09-14 19:38:24]    -> Trang 010/62 xong (5.5s, 1290 chars)
[2026-09-14 19:38:31]    -> Trang 011/62 xong (7.1s, 1831 chars)
[2026-09-14 19:38:37]    -> Trang 012/62 xong (5.4s, 1132 chars)
[2026-09-14 19:38:46]    -> Trang 013/62 xong (9.0s, 1930 chars)
[2026-09-14 19:38:52]    -> Trang 014/62 xong (6.4s, 1850 chars)
[2026-09-14 19:38:59]    -> Trang 015/62 xong (6.2s, 1535 chars)
[2026-09-14 19:39:06]    -> Trang 016/62 xong (7.4s, 1884 chars)
[2026-09-14 19:39:14]    -> Trang 017/62 xong (8.0s, 2074 chars)
[2026-09-14 19:39:23]    -> Trang 018/62 xong (8.8s, 2411 chars)
[2026-09-14 19:39:30]    -> Trang 019/62 xong (6.4s, 1539 chars)
[2026-09-14 19:39:36]    -> Trang 020/62 xong (5.8s, 1344 chars)
[2026-09-14 19:39:42]    -> Trang 021/62 xong (5.8s, 1403 chars)
[2026-09-14 19:39:47]    -> Trang 022/62 xong (5.3s, 1128 chars)
[2026-09-14 19:39:53]    -> Trang 023/62 xong (6.2s, 1334 chars)
[2026-09-14 19:40:00]    -> Trang 024/62 xong (7.0s, 1574 chars)
[2026-09-14 19:40:08]    -> Trang 025/62 xong (7.7s, 1643 chars)
[2026-09-14 19:40:14]    -> Trang 026/62 xong (5.4s, 1195 chars)
[2026-09-14 19:40:17]    -> Trang 027/62 xong (3.3s, 432 chars)
[2026-09-14 19:40:23]    -> Trang 028/62 xong (5.9s, 1440 chars)
[2026-09-14 19:40:33]    -> Trang 029/62 xong (9.4s, 2633 chars)
[2026-09-14 19:40:40]    -> Trang 030/62 xong (7.1s, 1715 chars)
[2026-09-14 19:40:47]    -> Trang 031/62 xong (7.4s, 1833 chars)
[2026-09-14 19:40:54]    -> Trang 032/62 xong (7.2s, 1697 chars)
[2026-09-14 19:41:03]    -> Trang 033/62 xong (8.0s, 2252 chars)
[2026-09-14 19:41:09]    -> Trang 034/62 xong (6.5s, 1728 chars)
[2026-09-14 19:41:15]    -> Trang 035/62 xong (5.5s, 1264 chars)
[2026-09-14 19:41:22]    -> Trang 036/62 xong (6.8s, 1821 chars)
[2026-09-14 19:41:29]    -> Trang 037/62 xong (7.4s, 2171 chars)
[2026-09-14 19:41:37]    -> Trang 038/62 xong (7.4s, 2217 chars)
[2026-09-14 19:41:42]    -> Trang 039/62 xong (5.3s, 1322 chars)
[2026-09-14 19:41:49]    -> Trang 040/62 xong (6.9s, 1816 chars)
[2026-09-14 19:41:56]    -> Trang 041/62 xong (7.0s, 1752 chars)
[2026-09-14 19:42:04]    -> Trang 042/62 xong (7.1s, 1693 chars)
[2026-09-14 19:42:07]    -> Trang 043/62 xong (3.4s, 448 chars)
[2026-09-14 19:42:13]    -> Trang 044/62 xong (6.0s, 1517 chars)
[2026-09-14 19:42:18]    -> Trang 045/62 xong (4.6s, 991 chars)
[2026-09-14 19:42:25]    -> Trang 046/62 xong (7.1s, 1767 chars)
[2026-09-14 19:42:33]    -> Trang 047/62 xong (7.9s, 2404 chars)
[2026-09-14 19:42:42]    -> Trang 048/62 xong (8.2s, 2542 chars)
[2026-09-14 19:42:47]    -> Trang 049/62 xong (5.3s, 1199 chars)
[2026-09-14 19:42:55]    -> Trang 050/62 xong (8.0s, 2151 chars)
[2026-09-14 19:43:03]    -> Trang 051/62 xong (7.5s, 1981 chars)
[2026-09-14 19:43:17]    -> Trang 052/62 xong (14.3s, 4362 chars)
[2026-09-14 19:43:25]    -> Trang 053/62 xong (7.3s, 2079 chars)
[2026-09-14 19:43:32]    -> Trang 054/62 xong (7.5s, 2069 chars)
[2026-09-14 19:43:40]    -> Trang 055/62 xong (7.5s, 2009 chars)
[2026-09-14 19:43:46]    -> Trang 056/62 xong (6.6s, 1663 chars)
[2026-09-14 19:43:54]    -> Trang 057/62 xong (7.3s, 1882 chars)
[2026-09-14 19:44:02]    -> Trang 058/62 xong (8.0s, 2251 chars)
[2026-09-14 19:44:09]    -> Trang 059/62 xong (7.2s, 2126 chars)
[2026-09-14 19:44:17]    -> Trang 060/62 xong (7.6s, 2018 chars)
[2026-09-14 19:44:24]    -> Trang 061/62 xong (6.8s, 1444 chars)
[2026-09-14 19:44:33]    -> Trang 062/62 xong (8.8s, 1801 chars)
[2026-09-14 19:44:33] ✅ Hoàn tất cuốn: 11-sgk-chuyen-de-hoc-tap-vat-li-11 (62/62 trang)
[2026-09-14 19:44:33] 
📖 [62/66] [GRADE-06 | Ngoại ngữ bổ sung | NGOAI-NGU-KHAC] 06-sgk-tieng-phap-6
[2026-09-14 19:44:33]    Tiến độ: 0/127 trang (0.0%)
[2026-09-14 19:44:48]    -> Trang 001/127 xong (14.3s, 4064 chars)
[2026-09-14 19:44:52]    -> Trang 002/127 xong (4.6s, 719 chars)
[2026-09-14 19:44:56]    -> Trang 003/127 xong (3.0s, 346 chars)
[2026-09-14 19:45:00]    -> Trang 004/127 xong (4.5s, 630 chars)
[2026-09-14 19:45:14]    -> Trang 005/127 xong (13.5s, 4562 chars)
[2026-09-14 19:45:28]    -> Trang 006/127 xong (14.3s, 4618 chars)
[2026-09-14 19:45:40]    -> Trang 007/127 xong (11.9s, 3576 chars)
[2026-09-14 19:45:49]    -> Trang 008/127 xong (9.1s, 2499 chars)
[2026-09-14 19:45:56]    -> Trang 009/127 xong (6.2s, 1607 chars)
[2026-09-14 19:46:00]    -> Trang 010/127 xong (3.8s, 685 chars)
[2026-09-14 19:46:10]    -> Trang 011/127 xong (10.2s, 2588 chars)
[2026-09-14 19:46:15]    -> Trang 012/127 xong (5.2s, 1166 chars)
[2026-09-14 19:46:20]    -> Trang 013/127 xong (4.7s, 973 chars)
[2026-09-14 19:46:26]    -> Trang 014/127 xong (5.5s, 1250 chars)
[2026-09-14 19:46:30]    -> Trang 015/127 xong (4.1s, 788 chars)
[2026-09-14 19:46:34]    -> Trang 016/127 xong (4.3s, 819 chars)
[2026-09-14 19:46:39]    -> Trang 017/127 xong (4.5s, 860 chars)
[2026-09-14 19:46:43]    -> Trang 018/127 xong (3.8s, 629 chars)
[2026-09-14 19:46:48]    -> Trang 019/127 xong (5.1s, 1080 chars)
[2026-09-14 19:46:52]    -> Trang 020/127 xong (3.5s, 487 chars)
[2026-09-14 19:46:58]    -> Trang 021/127 xong (6.0s, 1363 chars)
[2026-09-14 19:47:03]    -> Trang 022/127 xong (5.4s, 1287 chars)
[2026-09-14 19:47:08]    -> Trang 023/127 xong (5.0s, 1097 chars)
[2026-09-14 19:47:13]    -> Trang 024/127 xong (4.2s, 805 chars)
[2026-09-14 19:47:19]    -> Trang 025/127 xong (5.8s, 1345 chars)
[2026-09-14 19:47:24]    -> Trang 026/127 xong (4.9s, 1006 chars)
[2026-09-14 19:47:29]    -> Trang 027/127 xong (4.8s, 1089 chars)
[2026-09-14 19:47:33]    -> Trang 028/127 xong (4.3s, 894 chars)
[2026-09-14 19:47:38]    -> Trang 029/127 xong (5.3s, 1353 chars)
[2026-09-14 19:47:42]    -> Trang 030/127 xong (3.4s, 471 chars)
[2026-09-14 19:47:47]    -> Trang 031/127 xong (5.4s, 1222 chars)
[2026-09-14 19:47:52]    -> Trang 032/127 xong (4.4s, 881 chars)
[2026-09-14 19:47:58]    -> Trang 033/127 xong (6.0s, 1482 chars)
[2026-09-14 19:48:02]    -> Trang 034/127 xong (3.8s, 665 chars)
[2026-09-14 19:48:08]    -> Trang 035/127 xong (5.7s, 1419 chars)
[2026-09-14 19:48:11]    -> Trang 036/127 xong (3.4s, 481 chars)
[2026-09-14 19:48:18]    -> Trang 037/127 xong (6.6s, 1744 chars)
[2026-09-14 19:48:23]    -> Trang 038/127 xong (5.0s, 1227 chars)
[2026-09-14 19:48:28]    -> Trang 039/127 xong (4.5s, 959 chars)
[2026-09-14 19:48:34]    -> Trang 040/127 xong (6.3s, 1804 chars)
[2026-09-14 19:48:40]    -> Trang 041/127 xong (5.7s, 1508 chars)
[2026-09-14 19:48:46]    -> Trang 042/127 xong (5.5s, 1336 chars)
[2026-09-14 19:48:51]    -> Trang 043/127 xong (5.1s, 1235 chars)
[2026-09-14 19:48:56]    -> Trang 044/127 xong (5.5s, 1337 chars)
[2026-09-14 19:49:02]    -> Trang 045/127 xong (5.8s, 1440 chars)
[2026-09-14 19:49:06]    -> Trang 046/127 xong (4.0s, 572 chars)
[2026-09-14 19:49:12]    -> Trang 047/127 xong (5.1s, 1030 chars)
[2026-09-14 19:49:15]    -> Trang 048/127 xong (3.5s, 483 chars)
[2026-09-14 19:49:20]    -> Trang 049/127 xong (5.2s, 1047 chars)
[2026-09-14 19:49:25]    -> Trang 050/127 xong (4.1s, 709 chars)
[2026-09-14 19:49:31]    -> Trang 051/127 xong (5.9s, 1330 chars)
[2026-09-14 19:49:35]    -> Trang 052/127 xong (4.1s, 682 chars)
[2026-09-14 19:49:41]    -> Trang 053/127 xong (5.6s, 1236 chars)
[2026-09-14 19:49:47]    -> Trang 054/127 xong (5.9s, 1366 chars)
[2026-09-14 19:49:52]    -> Trang 055/127 xong (5.1s, 1117 chars)
[2026-09-14 19:49:55]    -> Trang 056/127 xong (3.4s, 423 chars)
[2026-09-14 19:50:01]    -> Trang 057/127 xong (5.3s, 1247 chars)
[2026-09-14 19:50:07]    -> Trang 058/127 xong (5.6s, 1186 chars)
[2026-09-14 19:50:11]    -> Trang 059/127 xong (4.8s, 1099 chars)
[2026-09-14 19:50:17]    -> Trang 060/127 xong (5.3s, 1151 chars)
[2026-09-14 19:50:23]    -> Trang 061/127 xong (6.1s, 1586 chars)
[2026-09-14 19:50:27]    -> Trang 062/127 xong (4.3s, 822 chars)
[2026-09-14 19:50:33]    -> Trang 063/127 xong (5.1s, 1160 chars)
[2026-09-14 19:50:37]    -> Trang 064/127 xong (3.8s, 636 chars)
[2026-09-14 19:50:42]    -> Trang 065/127 xong (5.6s, 1337 chars)
[2026-09-14 19:50:46]    -> Trang 066/127 xong (3.7s, 651 chars)
[2026-09-14 19:50:52]    -> Trang 067/127 xong (6.2s, 1395 chars)
[2026-09-14 19:50:59]    -> Trang 068/127 xong (6.1s, 1469 chars)
[2026-09-14 19:51:05]    -> Trang 069/127 xong (6.6s, 1436 chars)
[2026-09-14 19:51:10]    -> Trang 070/127 xong (4.9s, 1023 chars)
[2026-09-14 19:51:16]    -> Trang 071/127 xong (5.6s, 1294 chars)
[2026-09-14 19:51:21]    -> Trang 072/127 xong (5.1s, 1277 chars)
[2026-09-14 19:51:26]    -> Trang 073/127 xong (4.7s, 1106 chars)
[2026-09-14 19:51:31]    -> Trang 074/127 xong (5.2s, 1197 chars)
[2026-09-14 19:51:37]    -> Trang 075/127 xong (5.5s, 1253 chars)
[2026-09-14 19:51:42]    -> Trang 076/127 xong (5.2s, 1252 chars)
[2026-09-14 19:51:49]    -> Trang 077/127 xong (6.5s, 1729 chars)
[2026-09-14 19:51:53]    -> Trang 078/127 xong (4.0s, 662 chars)
[2026-09-14 19:51:58]    -> Trang 079/127 xong (4.7s, 1059 chars)
[2026-09-14 19:52:02]    -> Trang 080/127 xong (4.2s, 770 chars)
[2026-09-14 19:52:07]    -> Trang 081/127 xong (4.9s, 999 chars)
[2026-09-14 19:52:11]    -> Trang 082/127 xong (4.1s, 765 chars)
[2026-09-14 19:52:17]    -> Trang 083/127 xong (5.7s, 1429 chars)
[2026-09-14 19:52:21]    -> Trang 084/127 xong (3.8s, 645 chars)
[2026-09-14 19:52:26]    -> Trang 085/127 xong (5.1s, 1224 chars)
[2026-09-14 19:52:41]    -> Trang 086/127 xong (14.1s, 4748 chars)
[2026-09-14 19:52:45]    -> Trang 087/127 xong (4.6s, 1015 chars)
[2026-09-14 19:52:51]    -> Trang 088/127 xong (5.3s, 1443 chars)
[2026-09-14 19:52:56]    -> Trang 089/127 xong (5.5s, 1451 chars)
[2026-09-14 19:53:02]    -> Trang 090/127 xong (5.6s, 1308 chars)
[2026-09-14 19:53:08]    -> Trang 091/127 xong (5.7s, 1411 chars)
[2026-09-14 19:53:13]    -> Trang 092/127 xong (4.9s, 1040 chars)
[2026-09-14 19:53:19]    -> Trang 093/127 xong (5.8s, 1608 chars)
[2026-09-14 19:53:22]    -> Trang 094/127 xong (3.3s, 422 chars)
[2026-09-14 19:53:26]    -> Trang 095/127 xong (4.3s, 830 chars)
[2026-09-14 19:53:30]    -> Trang 096/127 xong (3.9s, 679 chars)
[2026-09-14 19:53:35]    -> Trang 097/127 xong (5.0s, 1127 chars)
[2026-09-14 19:53:39]    -> Trang 098/127 xong (3.7s, 534 chars)
[2026-09-14 19:53:44]    -> Trang 099/127 xong (4.6s, 972 chars)
[2026-09-14 19:53:48]    -> Trang 100/127 xong (4.0s, 669 chars)
[2026-09-14 19:53:53]    -> Trang 101/127 xong (5.3s, 1426 chars)
[2026-09-14 19:53:58]    -> Trang 102/127 xong (5.0s, 1178 chars)
[2026-09-14 19:54:04]    -> Trang 103/127 xong (5.3s, 1211 chars)
[2026-09-14 19:54:10]    -> Trang 104/127 xong (6.1s, 1492 chars)
[2026-09-14 19:54:15]    -> Trang 105/127 xong (4.9s, 1091 chars)
[2026-09-14 19:54:20]    -> Trang 106/127 xong (5.2s, 1249 chars)
[2026-09-14 19:54:26]    -> Trang 107/127 xong (5.3s, 1311 chars)
[2026-09-14 19:54:30]    -> Trang 108/127 xong (4.4s, 881 chars)
[2026-09-14 19:54:36]    -> Trang 109/127 xong (6.0s, 1587 chars)
[2026-09-14 19:54:40]    -> Trang 110/127 xong (4.0s, 700 chars)
[2026-09-14 19:54:47]    -> Trang 111/127 xong (6.4s, 1769 chars)
[2026-09-14 19:54:54]    -> Trang 112/127 xong (6.8s, 1790 chars)
[2026-09-14 19:55:01]    -> Trang 113/127 xong (7.0s, 2168 chars)
[2026-09-14 19:55:07]    -> Trang 114/127 xong (6.3s, 1463 chars)
[2026-09-14 19:55:14]    -> Trang 115/127 xong (6.2s, 1489 chars)
[2026-09-14 19:55:19]    -> Trang 116/127 xong (5.3s, 1202 chars)
[2026-09-14 19:55:26]    -> Trang 117/127 xong (7.0s, 1731 chars)
[2026-09-14 19:55:37]    -> Trang 118/127 xong (11.1s, 2916 chars)
[2026-09-14 19:55:48]    -> Trang 119/127 xong (10.9s, 3062 chars)
[2026-09-14 19:56:01]    -> Trang 120/127 xong (12.1s, 3227 chars)
[2026-09-14 19:56:11]    -> Trang 121/127 xong (10.0s, 2480 chars)
[2026-09-14 19:56:22]    -> Trang 122/127 xong (11.0s, 2873 chars)
[2026-09-14 19:56:33]    -> Trang 123/127 xong (10.6s, 2961 chars)
[2026-09-14 19:56:43]    -> Trang 124/127 xong (10.0s, 2640 chars)
[2026-09-14 19:56:55]    -> Trang 125/127 xong (11.6s, 3131 chars)
[2026-09-14 19:57:01]    -> Trang 126/127 xong (6.2s, 1177 chars)
[2026-09-14 19:57:05]    -> Trang 127/127 xong (4.4s, 764 chars)
[2026-09-14 19:57:05] ✅ Hoàn tất cuốn: 06-sgk-tieng-phap-6 (127/127 trang)
[2026-09-14 19:57:06] 
📖 [63/66] [GRADE-06 | Ngoại ngữ bổ sung | NGOAI-NGU-KHAC] 06-sgk-tieng-trung-quoc-6
[2026-09-14 19:57:06]    Tiến độ: 0/136 trang (0.0%)
[2026-09-14 19:57:20]    -> Trang 001/136 xong (14.4s, 3110 chars)
[2026-09-14 19:57:24]    -> Trang 002/136 xong (3.8s, 404 chars)
[2026-09-14 19:57:30]    -> Trang 003/136 xong (5.3s, 1030 chars)
[2026-09-14 19:57:32]    -> Trang 004/136 xong (2.7s, 208 chars)
[2026-09-14 19:57:42]    -> Trang 005/136 xong (9.1s, 2558 chars)
[2026-09-14 19:57:45]    -> Trang 006/136 xong (3.3s, 366 chars)
[2026-09-14 19:57:51]    -> Trang 007/136 xong (5.9s, 844 chars)
[2026-09-14 19:58:05]    -> Trang 008/136 xong (14.0s, 2212 chars)
[2026-09-14 19:58:09]    -> Trang 009/136 xong (4.1s, 534 chars)
[2026-09-14 19:58:16]    -> Trang 010/136 xong (6.4s, 913 chars)
[2026-09-14 19:58:19]    -> Trang 011/136 xong (3.2s, 364 chars)
[2026-09-14 19:58:24]    -> Trang 012/136 xong (4.8s, 655 chars)
[2026-09-14 19:58:27]    -> Trang 013/136 xong (3.3s, 270 chars)
[2026-09-14 19:58:34]    -> Trang 014/136 xong (6.3s, 881 chars)
[2026-09-14 19:58:39]    -> Trang 015/136 xong (4.8s, 551 chars)
[2026-09-14 19:58:44]    -> Trang 016/136 xong (5.3s, 663 chars)
[2026-09-14 19:58:49]    -> Trang 017/136 xong (5.3s, 661 chars)
[2026-09-14 19:58:53]    -> Trang 018/136 xong (4.0s, 392 chars)
[2026-09-14 19:58:56]    -> Trang 019/136 xong (2.8s, 225 chars)
[2026-09-14 19:59:02]    -> Trang 020/136 xong (5.3s, 716 chars)
[2026-09-14 19:59:07]    -> Trang 021/136 xong (5.2s, 567 chars)
[2026-09-14 19:59:11]    -> Trang 022/136 xong (3.9s, 316 chars)
[2026-09-14 19:59:15]    -> Trang 023/136 xong (3.8s, 321 chars)
[2026-09-14 19:59:29]    -> Trang 024/136 xong (14.0s, 3375 chars)
[2026-09-14 19:59:34]    -> Trang 025/136 xong (4.5s, 397 chars)
[2026-09-14 19:59:37]    -> Trang 026/136 xong (3.3s, 282 chars)
[2026-09-14 19:59:40]    -> Trang 027/136 xong (3.0s, 243 chars)
[2026-09-14 19:59:46]    -> Trang 028/136 xong (5.7s, 719 chars)
[2026-09-14 19:59:51]    -> Trang 029/136 xong (5.3s, 612 chars)
[2026-09-14 19:59:56]    -> Trang 030/136 xong (4.4s, 412 chars)
[2026-09-14 20:00:01]    -> Trang 031/136 xong (5.5s, 716 chars)
[2026-09-14 20:00:06]    -> Trang 032/136 xong (4.9s, 623 chars)
[2026-09-14 20:00:11]    -> Trang 033/136 xong (4.6s, 563 chars)
[2026-09-14 20:00:16]    -> Trang 034/136 xong (4.8s, 509 chars)
[2026-09-14 20:00:21]    -> Trang 035/136 xong (4.7s, 428 chars)
[2026-09-14 20:00:27]    -> Trang 036/136 xong (6.2s, 1356 chars)
[2026-09-14 20:00:31]    -> Trang 037/136 xong (4.4s, 785 chars)
[2026-09-14 20:00:44]    -> Trang 038/136 xong (12.7s, 2283 chars)
[2026-09-14 20:00:48]    -> Trang 039/136 xong (3.2s, 240 chars)
[2026-09-14 20:00:52]    -> Trang 040/136 xong (4.4s, 463 chars)
[2026-09-14 20:00:57]    -> Trang 041/136 xong (4.9s, 628 chars)
[2026-09-14 20:01:03]    -> Trang 042/136 xong (5.3s, 583 chars)
[2026-09-14 20:01:06]    -> Trang 043/136 xong (3.8s, 330 chars)
[2026-09-14 20:01:12]    -> Trang 044/136 xong (5.2s, 653 chars)
[2026-09-14 20:01:16]    -> Trang 045/136 xong (4.2s, 318 chars)
[2026-09-14 20:01:21]    -> Trang 046/136 xong (4.5s, 591 chars)
[2026-09-14 20:01:24]    -> Trang 047/136 xong (2.9s, 222 chars)
[2026-09-14 20:01:28]    -> Trang 048/136 xong (4.6s, 487 chars)
[2026-09-14 20:01:33]    -> Trang 049/136 xong (4.3s, 482 chars)
[2026-09-14 20:01:37]    -> Trang 050/136 xong (4.2s, 439 chars)
[2026-09-14 20:01:41]    -> Trang 051/136 xong (4.0s, 351 chars)
[2026-09-14 20:01:46]    -> Trang 052/136 xong (4.7s, 992 chars)
[2026-09-14 20:01:50]    -> Trang 053/136 xong (4.2s, 350 chars)
[2026-09-14 20:01:54]    -> Trang 054/136 xong (4.1s, 401 chars)
[2026-09-14 20:01:58]    -> Trang 055/136 xong (3.2s, 287 chars)
[2026-09-14 20:02:02]    -> Trang 056/136 xong (4.2s, 405 chars)
[2026-09-14 20:02:06]    -> Trang 057/136 xong (4.2s, 353 chars)
[2026-09-14 20:02:12]    -> Trang 058/136 xong (5.8s, 706 chars)
[2026-09-14 20:02:17]    -> Trang 059/136 xong (4.2s, 359 chars)
[2026-09-14 20:02:22]    -> Trang 060/136 xong (5.7s, 750 chars)
[2026-09-14 20:02:27]    -> Trang 061/136 xong (4.0s, 310 chars)
[2026-09-14 20:02:31]    -> Trang 062/136 xong (4.0s, 376 chars)
[2026-09-14 20:02:35]    -> Trang 063/136 xong (4.5s, 425 chars)
[2026-09-14 20:02:40]    -> Trang 064/136 xong (4.7s, 417 chars)
[2026-09-14 20:02:45]    -> Trang 065/136 xong (4.4s, 778 chars)
[2026-09-14 20:02:49]    -> Trang 066/136 xong (4.4s, 729 chars)
[2026-09-14 20:03:04]    -> Trang 067/136 xong (14.4s, 2565 chars)
[2026-09-14 20:03:07]    -> Trang 068/136 xong (2.9s, 182 chars)
[2026-09-14 20:03:11]    -> Trang 069/136 xong (4.3s, 472 chars)
[2026-09-14 20:03:15]    -> Trang 070/136 xong (3.7s, 270 chars)
[2026-09-14 20:03:19]    -> Trang 071/136 xong (4.2s, 445 chars)
[2026-09-14 20:03:23]    -> Trang 072/136 xong (4.3s, 367 chars)
[2026-09-14 20:03:29]    -> Trang 073/136 xong (5.3s, 727 chars)
[2026-09-14 20:03:33]    -> Trang 074/136 xong (4.3s, 443 chars)
[2026-09-14 20:03:37]    -> Trang 075/136 xong (4.0s, 411 chars)
[2026-09-14 20:03:40]    -> Trang 076/136 xong (2.7s, 173 chars)
[2026-09-14 20:03:45]    -> Trang 077/136 xong (4.4s, 443 chars)
[2026-09-14 20:03:49]    -> Trang 078/136 xong (3.8s, 303 chars)
[2026-09-14 20:03:53]    -> Trang 079/136 xong (4.2s, 517 chars)
[2026-09-14 20:03:57]    -> Trang 080/136 xong (3.9s, 322 chars)
[2026-09-14 20:04:03]    -> Trang 081/136 xong (5.6s, 681 chars)
[2026-09-14 20:04:07]    -> Trang 082/136 xong (4.5s, 492 chars)
[2026-09-14 20:04:12]    -> Trang 083/136 xong (4.3s, 563 chars)
[2026-09-14 20:04:15]    -> Trang 084/136 xong (2.9s, 208 chars)
[2026-09-14 20:04:19]    -> Trang 085/136 xong (4.4s, 445 chars)
[2026-09-14 20:04:23]    -> Trang 086/136 xong (4.0s, 318 chars)
[2026-09-14 20:04:28]    -> Trang 087/136 xong (4.2s, 472 chars)
[2026-09-14 20:04:32]    -> Trang 088/136 xong (4.2s, 401 chars)
[2026-09-14 20:04:37]    -> Trang 089/136 xong (4.8s, 497 chars)
[2026-09-14 20:04:41]    -> Trang 090/136 xong (4.4s, 514 chars)
[2026-09-14 20:04:45]    -> Trang 091/136 xong (4.1s, 437 chars)
[2026-09-14 20:04:50]    -> Trang 092/136 xong (4.6s, 565 chars)
[2026-09-14 20:05:01]    -> Trang 093/136 xong (10.7s, 2026 chars)
[2026-09-14 20:05:05]    -> Trang 094/136 xong (4.2s, 389 chars)
[2026-09-14 20:05:10]    -> Trang 095/136 xong (4.3s, 568 chars)
[2026-09-14 20:05:12]    -> Trang 096/136 xong (2.5s, 72 chars)
[2026-09-14 20:05:15]    -> Trang 097/136 xong (2.7s, 172 chars)
[2026-09-14 20:05:19]    -> Trang 098/136 xong (3.9s, 343 chars)
[2026-09-14 20:05:23]    -> Trang 099/136 xong (4.2s, 373 chars)
[2026-09-14 20:05:28]    -> Trang 100/136 xong (4.2s, 678 chars)
[2026-09-14 20:05:32]    -> Trang 101/136 xong (4.3s, 420 chars)
[2026-09-14 20:05:38]    -> Trang 102/136 xong (5.6s, 687 chars)
[2026-09-14 20:05:42]    -> Trang 103/136 xong (4.4s, 500 chars)
[2026-09-14 20:05:46]    -> Trang 104/136 xong (4.0s, 403 chars)
[2026-09-14 20:05:50]    -> Trang 105/136 xong (3.1s, 242 chars)
[2026-09-14 20:05:54]    -> Trang 106/136 xong (4.4s, 420 chars)
[2026-09-14 20:05:58]    -> Trang 107/136 xong (3.8s, 296 chars)
[2026-09-14 20:06:02]    -> Trang 108/136 xong (3.6s, 347 chars)
[2026-09-14 20:06:06]    -> Trang 109/136 xong (3.9s, 305 chars)
[2026-09-14 20:06:11]    -> Trang 110/136 xong (5.6s, 688 chars)
[2026-09-14 20:06:17]    -> Trang 111/136 xong (5.6s, 936 chars)
[2026-09-14 20:06:21]    -> Trang 112/136 xong (3.8s, 409 chars)
[2026-09-14 20:06:25]    -> Trang 113/136 xong (3.5s, 413 chars)
[2026-09-14 20:06:29]    -> Trang 114/136 xong (4.6s, 492 chars)
[2026-09-14 20:06:36]    -> Trang 115/136 xong (6.3s, 892 chars)
[2026-09-14 20:06:40]    -> Trang 116/136 xong (4.0s, 374 chars)
[2026-09-14 20:06:44]    -> Trang 117/136 xong (4.0s, 311 chars)
[2026-09-14 20:06:50]    -> Trang 118/136 xong (5.9s, 751 chars)
[2026-09-14 20:06:54]    -> Trang 119/136 xong (4.5s, 484 chars)
[2026-09-14 20:06:58]    -> Trang 120/136 xong (3.6s, 313 chars)
[2026-09-14 20:07:03]    -> Trang 121/136 xong (4.6s, 439 chars)
[2026-09-14 20:07:07]    -> Trang 122/136 xong (4.5s, 412 chars)
[2026-09-14 20:07:12]    -> Trang 123/136 xong (4.5s, 494 chars)
[2026-09-14 20:07:16]    -> Trang 124/136 xong (4.3s, 784 chars)
[2026-09-14 20:07:22]    -> Trang 125/136 xong (5.9s, 800 chars)
[2026-09-14 20:07:28]    -> Trang 126/136 xong (5.8s, 826 chars)
[2026-09-14 20:07:40]    -> Trang 127/136 xong (11.2s, 2253 chars)
[2026-09-14 20:07:46]    -> Trang 128/136 xong (6.2s, 894 chars)
[2026-09-14 20:08:00]    -> Trang 129/136 xong (13.9s, 3740 chars)
[2026-09-14 20:08:07]    -> Trang 130/136 xong (6.9s, 1169 chars)
[2026-09-14 20:08:15]    -> Trang 131/136 xong (8.4s, 1789 chars)
[2026-09-14 20:08:24]    -> Trang 132/136 xong (8.9s, 2304 chars)
[2026-09-14 20:08:31]    -> Trang 133/136 xong (6.2s, 1128 chars)
[2026-09-14 20:08:35]    -> Trang 134/136 xong (4.2s, 607 chars)
[2026-09-14 20:08:41]    -> Trang 135/136 xong (6.3s, 1206 chars)
[2026-09-14 20:08:45]    -> Trang 136/136 xong (4.1s, 709 chars)
[2026-09-14 20:08:45] ✅ Hoàn tất cuốn: 06-sgk-tieng-trung-quoc-6 (136/136 trang)
[2026-09-14 20:08:46] 
📖 [64/66] [GRADE-06 | Ngoại ngữ bổ sung | NGOAI-NGU-KHAC] 06-tieng-duc-6
[2026-09-14 20:08:46]    Tiến độ: 0/114 trang (0.0%)
[2026-09-14 20:09:01]    -> Trang 001/114 xong (15.0s, 4539 chars)
[2026-09-14 20:09:04]    -> Trang 002/114 xong (3.1s, 253 chars)
[2026-09-14 20:09:09]    -> Trang 003/114 xong (4.4s, 711 chars)
[2026-09-14 20:09:15]    -> Trang 004/114 xong (6.5s, 1881 chars)
[2026-09-14 20:09:23]    -> Trang 005/114 xong (7.4s, 1931 chars)
[2026-09-14 20:09:29]    -> Trang 006/114 xong (5.8s, 1333 chars)
[2026-09-14 20:09:36]    -> Trang 007/114 xong (7.1s, 2225 chars)
[2026-09-14 20:09:43]    -> Trang 008/114 xong (7.1s, 1893 chars)
[2026-09-14 20:09:51]    -> Trang 009/114 xong (8.0s, 2263 chars)
[2026-09-14 20:09:59]    -> Trang 010/114 xong (7.9s, 2087 chars)
[2026-09-14 20:10:03]    -> Trang 011/114 xong (3.4s, 550 chars)
[2026-09-14 20:10:06]    -> Trang 012/114 xong (2.8s, 290 chars)
[2026-09-14 20:10:11]    -> Trang 013/114 xong (5.3s, 1186 chars)
[2026-09-14 20:10:15]    -> Trang 014/114 xong (4.2s, 930 chars)
[2026-09-14 20:10:21]    -> Trang 015/114 xong (5.6s, 1402 chars)
[2026-09-14 20:10:27]    -> Trang 016/114 xong (6.1s, 1438 chars)
[2026-09-14 20:10:34]    -> Trang 017/114 xong (6.7s, 1651 chars)
[2026-09-14 20:10:40]    -> Trang 018/114 xong (5.6s, 1366 chars)
[2026-09-14 20:10:44]    -> Trang 019/114 xong (4.6s, 944 chars)
[2026-09-14 20:10:50]    -> Trang 020/114 xong (5.8s, 1232 chars)
[2026-09-14 20:10:56]    -> Trang 021/114 xong (5.3s, 1326 chars)
[2026-09-14 20:11:00]    -> Trang 022/114 xong (3.8s, 691 chars)
[2026-09-14 20:11:05]    -> Trang 023/114 xong (5.1s, 1111 chars)
[2026-09-14 20:11:10]    -> Trang 024/114 xong (5.1s, 1136 chars)
[2026-09-14 20:11:14]    -> Trang 025/114 xong (3.9s, 646 chars)
[2026-09-14 20:11:20]    -> Trang 026/114 xong (6.2s, 1695 chars)
[2026-09-14 20:11:26]    -> Trang 027/114 xong (5.2s, 1191 chars)
[2026-09-14 20:11:31]    -> Trang 028/114 xong (5.8s, 1301 chars)
[2026-09-14 20:11:37]    -> Trang 029/114 xong (5.9s, 1662 chars)
[2026-09-14 20:11:43]    -> Trang 030/114 xong (5.5s, 1406 chars)
[2026-09-14 20:11:48]    -> Trang 031/114 xong (5.2s, 1144 chars)
[2026-09-14 20:11:54]    -> Trang 032/114 xong (5.5s, 1229 chars)
[2026-09-14 20:12:00]    -> Trang 033/114 xong (6.5s, 1546 chars)
[2026-09-14 20:12:06]    -> Trang 034/114 xong (5.5s, 1238 chars)
[2026-09-14 20:12:13]    -> Trang 035/114 xong (7.3s, 1943 chars)
[2026-09-14 20:12:19]    -> Trang 036/114 xong (5.7s, 1362 chars)
[2026-09-14 20:12:26]    -> Trang 037/114 xong (6.6s, 1679 chars)
[2026-09-14 20:12:30]    -> Trang 038/114 xong (4.2s, 879 chars)
[2026-09-14 20:12:36]    -> Trang 039/114 xong (5.4s, 1131 chars)
[2026-09-14 20:12:51]    -> Trang 040/114 xong (14.8s, 3134 chars)
[2026-09-14 20:12:56]    -> Trang 041/114 xong (4.9s, 1188 chars)
[2026-09-14 20:13:00]    -> Trang 042/114 xong (4.4s, 818 chars)
[2026-09-14 20:13:05]    -> Trang 043/114 xong (4.9s, 1134 chars)
[2026-09-14 20:13:11]    -> Trang 044/114 xong (5.7s, 1420 chars)
[2026-09-14 20:13:16]    -> Trang 045/114 xong (5.3s, 1123 chars)
[2026-09-14 20:13:22]    -> Trang 046/114 xong (5.3s, 1129 chars)
[2026-09-14 20:13:26]    -> Trang 047/114 xong (4.4s, 839 chars)
[2026-09-14 20:13:30]    -> Trang 048/114 xong (3.9s, 686 chars)
[2026-09-14 20:13:35]    -> Trang 049/114 xong (4.7s, 1023 chars)
[2026-09-14 20:13:41]    -> Trang 050/114 xong (5.8s, 1180 chars)
[2026-09-14 20:13:45]    -> Trang 051/114 xong (4.4s, 904 chars)
[2026-09-14 20:13:51]    -> Trang 052/114 xong (5.8s, 1382 chars)
[2026-09-14 20:13:56]    -> Trang 053/114 xong (4.7s, 936 chars)
[2026-09-14 20:14:01]    -> Trang 054/114 xong (5.2s, 1200 chars)
[2026-09-14 20:14:08]    -> Trang 055/114 xong (6.5s, 1925 chars)
[2026-09-14 20:14:13]    -> Trang 056/114 xong (5.0s, 1111 chars)
[2026-09-14 20:14:18]    -> Trang 057/114 xong (5.1s, 1084 chars)
[2026-09-14 20:14:25]    -> Trang 058/114 xong (6.7s, 1534 chars)
[2026-09-14 20:14:31]    -> Trang 059/114 xong (6.1s, 1470 chars)
[2026-09-14 20:14:36]    -> Trang 060/114 xong (5.0s, 1192 chars)
[2026-09-14 20:14:42]    -> Trang 061/114 xong (5.3s, 1219 chars)
[2026-09-14 20:14:48]    -> Trang 062/114 xong (6.0s, 1235 chars)
[2026-09-14 20:14:53]    -> Trang 063/114 xong (5.4s, 1232 chars)
[2026-09-14 20:15:00]    -> Trang 064/114 xong (6.0s, 1472 chars)
[2026-09-14 20:15:06]    -> Trang 065/114 xong (6.6s, 1577 chars)
[2026-09-14 20:15:12]    -> Trang 066/114 xong (5.9s, 1315 chars)
[2026-09-14 20:15:18]    -> Trang 067/114 xong (5.5s, 1243 chars)
[2026-09-14 20:15:22]    -> Trang 068/114 xong (3.8s, 636 chars)
[2026-09-14 20:15:28]    -> Trang 069/114 xong (5.6s, 1295 chars)
[2026-09-14 20:15:32]    -> Trang 070/114 xong (4.9s, 958 chars)
[2026-09-14 20:15:38]    -> Trang 071/114 xong (5.2s, 1133 chars)
[2026-09-14 20:15:44]    -> Trang 072/114 xong (5.8s, 1513 chars)
[2026-09-14 20:15:50]    -> Trang 073/114 xong (5.7s, 1540 chars)
[2026-09-14 20:15:56]    -> Trang 074/114 xong (6.3s, 1686 chars)
[2026-09-14 20:16:00]    -> Trang 075/114 xong (3.9s, 822 chars)
[2026-09-14 20:16:05]    -> Trang 076/114 xong (4.5s, 1074 chars)
[2026-09-14 20:16:10]    -> Trang 077/114 xong (4.9s, 1079 chars)
[2026-09-14 20:16:14]    -> Trang 078/114 xong (4.6s, 936 chars)
[2026-09-14 20:16:19]    -> Trang 079/114 xong (4.4s, 858 chars)
[2026-09-14 20:16:24]    -> Trang 080/114 xong (5.6s, 1274 chars)
[2026-09-14 20:16:29]    -> Trang 081/114 xong (4.2s, 817 chars)
[2026-09-14 20:16:34]    -> Trang 082/114 xong (5.2s, 1147 chars)
[2026-09-14 20:16:39]    -> Trang 083/114 xong (4.8s, 1290 chars)
[2026-09-14 20:16:43]    -> Trang 084/114 xong (4.6s, 1060 chars)
[2026-09-14 20:16:50]    -> Trang 085/114 xong (6.1s, 1413 chars)
[2026-09-14 20:16:57]    -> Trang 086/114 xong (7.4s, 1772 chars)
[2026-09-14 20:17:03]    -> Trang 087/114 xong (5.4s, 1230 chars)
[2026-09-14 20:17:08]    -> Trang 088/114 xong (5.6s, 1047 chars)
[2026-09-14 20:17:12]    -> Trang 089/114 xong (3.7s, 626 chars)
[2026-09-14 20:17:17]    -> Trang 090/114 xong (4.4s, 941 chars)
[2026-09-14 20:17:23]    -> Trang 091/114 xong (6.7s, 1344 chars)
[2026-09-14 20:17:39]    -> Trang 092/114 xong (15.0s, 4519 chars)
[2026-09-14 20:17:45]    -> Trang 093/114 xong (5.9s, 1490 chars)
[2026-09-14 20:17:49]    -> Trang 094/114 xong (4.2s, 937 chars)
[2026-09-14 20:17:54]    -> Trang 095/114 xong (4.8s, 1018 chars)
[2026-09-14 20:17:59]    -> Trang 096/114 xong (5.4s, 1218 chars)
[2026-09-14 20:18:03]    -> Trang 097/114 xong (3.9s, 701 chars)
[2026-09-14 20:18:09]    -> Trang 098/114 xong (5.2s, 1178 chars)
[2026-09-14 20:18:14]    -> Trang 099/114 xong (5.5s, 1356 chars)
[2026-09-14 20:18:19]    -> Trang 100/114 xong (5.2s, 1130 chars)
[2026-09-14 20:18:25]    -> Trang 101/114 xong (5.3s, 1237 chars)
[2026-09-14 20:18:30]    -> Trang 102/114 xong (5.2s, 1130 chars)
[2026-09-14 20:18:37]    -> Trang 103/114 xong (6.4s, 1481 chars)
[2026-09-14 20:18:43]    -> Trang 104/114 xong (5.8s, 1444 chars)
[2026-09-14 20:18:50]    -> Trang 105/114 xong (6.8s, 1979 chars)
[2026-09-14 20:18:56]    -> Trang 106/114 xong (5.9s, 1432 chars)
[2026-09-14 20:19:03]    -> Trang 107/114 xong (7.5s, 1889 chars)
[2026-09-14 20:19:10]    -> Trang 108/114 xong (6.4s, 1518 chars)
[2026-09-14 20:19:19]    -> Trang 109/114 xong (9.3s, 2278 chars)
[2026-09-14 20:19:27]    -> Trang 110/114 xong (8.1s, 1844 chars)
[2026-09-14 20:19:34]    -> Trang 111/114 xong (6.4s, 1366 chars)
[2026-09-14 20:19:40]    -> Trang 112/114 xong (6.1s, 1301 chars)
[2026-09-14 20:19:46]    -> Trang 113/114 xong (6.0s, 1425 chars)
[2026-09-14 20:19:57]    -> Trang 114/114 xong (11.0s, 3710 chars)
[2026-09-14 20:19:57] ✅ Hoàn tất cuốn: 06-tieng-duc-6 (114/114 trang)
[2026-09-14 20:19:58] 
📖 [65/66] [GRADE-06 | Ngoại ngữ bổ sung | NGOAI-NGU-KHAC] 06-tieng-nga-6-tap-hai
[2026-09-14 20:19:58]    Tiến độ: 0/84 trang (0.0%)
[2026-09-14 20:20:12]    -> Trang 001/84 xong (14.2s, 3439 chars)
[2026-09-14 20:20:16]    -> Trang 002/84 xong (4.3s, 490 chars)
[2026-09-14 20:20:20]    -> Trang 003/84 xong (3.2s, 258 chars)
[2026-09-14 20:20:26]    -> Trang 004/84 xong (5.9s, 1385 chars)
[2026-09-14 20:20:30]    -> Trang 005/84 xong (4.3s, 600 chars)
[2026-09-14 20:20:34]    -> Trang 006/84 xong (3.7s, 520 chars)
[2026-09-14 20:20:37]    -> Trang 007/84 xong (3.1s, 246 chars)
[2026-09-14 20:20:47]    -> Trang 008/84 xong (9.3s, 2554 chars)
[2026-09-14 20:20:53]    -> Trang 009/84 xong (5.8s, 976 chars)
[2026-09-14 20:20:59]    -> Trang 010/84 xong (5.9s, 1309 chars)
[2026-09-14 20:21:04]    -> Trang 011/84 xong (5.3s, 1086 chars)
[2026-09-14 20:21:09]    -> Trang 012/84 xong (4.7s, 814 chars)
[2026-09-14 20:21:24]    -> Trang 013/84 xong (14.9s, 5280 chars)
[2026-09-14 20:21:27]    -> Trang 014/84 xong (3.5s, 468 chars)
[2026-09-14 20:21:30]    -> Trang 015/84 xong (2.8s, 269 chars)
[2026-09-14 20:21:35]    -> Trang 016/84 xong (5.1s, 1043 chars)
[2026-09-14 20:21:40]    -> Trang 017/84 xong (4.8s, 885 chars)
[2026-09-14 20:21:46]    -> Trang 018/84 xong (5.5s, 1423 chars)
[2026-09-14 20:21:51]    -> Trang 019/84 xong (5.2s, 1081 chars)
[2026-09-14 20:21:55]    -> Trang 020/84 xong (3.3s, 509 chars)
[2026-09-14 20:21:59]    -> Trang 021/84 xong (4.3s, 638 chars)
[2026-09-14 20:22:04]    -> Trang 022/84 xong (4.9s, 1135 chars)
[2026-09-14 20:22:12]    -> Trang 023/84 xong (7.3s, 1928 chars)
[2026-09-14 20:22:17]    -> Trang 024/84 xong (5.4s, 1141 chars)
[2026-09-14 20:22:23]    -> Trang 025/84 xong (5.7s, 989 chars)
[2026-09-14 20:22:28]    -> Trang 026/84 xong (4.9s, 861 chars)
[2026-09-14 20:22:38]    -> Trang 027/84 xong (9.9s, 2561 chars)
[2026-09-14 20:22:41]    -> Trang 028/84 xong (2.9s, 263 chars)
[2026-09-14 20:22:46]    -> Trang 029/84 xong (5.3s, 1126 chars)
[2026-09-14 20:22:50]    -> Trang 030/84 xong (3.8s, 648 chars)
[2026-09-14 20:22:56]    -> Trang 031/84 xong (6.1s, 1552 chars)
[2026-09-14 20:23:00]    -> Trang 032/84 xong (3.7s, 657 chars)
[2026-09-14 20:23:15]    -> Trang 033/84 xong (14.8s, 2436 chars)
[2026-09-14 20:23:20]    -> Trang 034/84 xong (5.0s, 895 chars)
[2026-09-14 20:23:26]    -> Trang 035/84 xong (5.4s, 893 chars)
[2026-09-14 20:23:31]    -> Trang 036/84 xong (4.7s, 966 chars)
[2026-09-14 20:23:36]    -> Trang 037/84 xong (4.8s, 1030 chars)
[2026-09-14 20:23:41]    -> Trang 038/84 xong (5.1s, 1103 chars)
[2026-09-14 20:23:45]    -> Trang 039/84 xong (3.9s, 550 chars)
[2026-09-14 20:23:49]    -> Trang 040/84 xong (4.5s, 860 chars)
[2026-09-14 20:23:58]    -> Trang 041/84 xong (8.3s, 2228 chars)
[2026-09-14 20:24:00]    -> Trang 042/84 xong (2.5s, 123 chars)
[2026-09-14 20:24:05]    -> Trang 043/84 xong (4.2s, 850 chars)
[2026-09-14 20:24:10]    -> Trang 044/84 xong (5.1s, 884 chars)
[2026-09-14 20:24:25]    -> Trang 045/84 xong (15.0s, 4466 chars)
[2026-09-14 20:24:31]    -> Trang 046/84 xong (5.8s, 1124 chars)
[2026-09-14 20:24:36]    -> Trang 047/84 xong (4.9s, 1060 chars)
[2026-09-14 20:24:51]    -> Trang 048/84 xong (14.9s, 4293 chars)
[2026-09-14 20:24:56]    -> Trang 049/84 xong (4.5s, 928 chars)
[2026-09-14 20:25:00]    -> Trang 050/84 xong (4.1s, 846 chars)
[2026-09-14 20:25:04]    -> Trang 051/84 xong (3.7s, 588 chars)
[2026-09-14 20:25:08]    -> Trang 052/84 xong (3.9s, 497 chars)
[2026-09-14 20:25:13]    -> Trang 053/84 xong (5.1s, 1102 chars)
[2026-09-14 20:25:28]    -> Trang 054/84 xong (15.5s, 4494 chars)
[2026-09-14 20:25:34]    -> Trang 055/84 xong (5.6s, 971 chars)
[2026-09-14 20:25:39]    -> Trang 056/84 xong (5.0s, 947 chars)
[2026-09-14 20:25:43]    -> Trang 057/84 xong (3.9s, 476 chars)
[2026-09-14 20:25:48]    -> Trang 058/84 xong (4.8s, 1057 chars)
[2026-09-14 20:25:52]    -> Trang 059/84 xong (4.0s, 778 chars)
[2026-09-14 20:25:57]    -> Trang 060/84 xong (5.1s, 870 chars)
[2026-09-14 20:26:03]    -> Trang 061/84 xong (5.5s, 1319 chars)
[2026-09-14 20:26:15]    -> Trang 062/84 xong (11.6s, 3500 chars)
[2026-09-14 20:26:20]    -> Trang 063/84 xong (5.0s, 1031 chars)
[2026-09-14 20:26:25]    -> Trang 064/84 xong (4.7s, 926 chars)
[2026-09-14 20:26:29]    -> Trang 065/84 xong (4.1s, 669 chars)
[2026-09-14 20:26:33]    -> Trang 066/84 xong (4.6s, 954 chars)
[2026-09-14 20:26:41]    -> Trang 067/84 xong (7.7s, 1949 chars)
[2026-09-14 20:26:56]    -> Trang 068/84 xong (15.0s, 3068 chars)
[2026-09-14 20:27:00]    -> Trang 069/84 xong (3.3s, 506 chars)
[2026-09-14 20:27:05]    -> Trang 070/84 xong (4.9s, 902 chars)
[2026-09-14 20:27:20]    -> Trang 071/84 xong (14.9s, 5553 chars)
[2026-09-14 20:27:24]    -> Trang 072/84 xong (3.8s, 542 chars)
[2026-09-14 20:27:29]    -> Trang 073/84 xong (4.9s, 957 chars)
[2026-09-14 20:27:44]    -> Trang 074/84 xong (14.9s, 4342 chars)
[2026-09-14 20:27:59]    -> Trang 075/84 xong (14.9s, 4741 chars)
[2026-09-14 20:28:03]    -> Trang 076/84 xong (4.2s, 765 chars)
[2026-09-14 20:28:09]    -> Trang 077/84 xong (5.6s, 981 chars)
[2026-09-14 20:28:15]    -> Trang 078/84 xong (6.5s, 1290 chars)
[2026-09-14 20:28:21]    -> Trang 079/84 xong (5.8s, 1088 chars)
[2026-09-14 20:28:28]    -> Trang 080/84 xong (6.3s, 1246 chars)
[2026-09-14 20:28:34]    -> Trang 081/84 xong (6.4s, 1228 chars)
[2026-09-14 20:28:39]    -> Trang 082/84 xong (4.3s, 679 chars)
[2026-09-14 20:28:54]    -> Trang 083/84 xong (14.8s, 4523 chars)
[2026-09-14 20:28:57]    -> Trang 084/84 xong (3.5s, 519 chars)
[2026-09-14 20:28:57] ✅ Hoàn tất cuốn: 06-tieng-nga-6-tap-hai (84/84 trang)
[2026-09-14 20:28:58] 
📖 [66/66] [GRADE-06 | Ngoại ngữ bổ sung | NGOAI-NGU-KHAC] 06-tieng-nga-6-tap-mot
[2026-09-14 20:28:58]    Tiến độ: 0/97 trang (0.0%)
[2026-09-14 20:29:12]    -> Trang 001/97 xong (14.2s, 1808 chars)
[2026-09-14 20:29:16]    -> Trang 002/97 xong (4.2s, 482 chars)
[2026-09-14 20:29:19]    -> Trang 003/97 xong (2.8s, 179 chars)
[2026-09-14 20:29:26]    -> Trang 004/97 xong (6.2s, 1503 chars)
[2026-09-14 20:29:31]    -> Trang 005/97 xong (5.8s, 914 chars)
[2026-09-14 20:29:35]    -> Trang 006/97 xong (3.6s, 488 chars)
[2026-09-14 20:29:39]    -> Trang 007/97 xong (3.3s, 321 chars)
[2026-09-14 20:29:54]    -> Trang 008/97 xong (15.3s, 3629 chars)
[2026-09-14 20:29:59]    -> Trang 009/97 xong (4.8s, 769 chars)
[2026-09-14 20:30:03]    -> Trang 010/97 xong (4.3s, 729 chars)
[2026-09-14 20:30:10]    -> Trang 011/97 xong (6.2s, 1442 chars)
[2026-09-14 20:30:13]    -> Trang 012/97 xong (2.9s, 281 chars)
[2026-09-14 20:30:18]    -> Trang 013/97 xong (5.6s, 1063 chars)
[2026-09-14 20:30:24]    -> Trang 014/97 xong (5.8s, 1059 chars)
[2026-09-14 20:30:28]    -> Trang 015/97 xong (4.1s, 676 chars)
[2026-09-14 20:30:33]    -> Trang 016/97 xong (4.1s, 622 chars)
[2026-09-14 20:30:37]    -> Trang 017/97 xong (4.4s, 834 chars)
[2026-09-14 20:30:52]    -> Trang 018/97 xong (15.0s, 3354 chars)
[2026-09-14 20:30:56]    -> Trang 019/97 xong (3.6s, 587 chars)
[2026-09-14 20:31:11]    -> Trang 020/97 xong (15.0s, 3908 chars)
[2026-09-14 20:31:15]    -> Trang 021/97 xong (3.7s, 680 chars)
[2026-09-14 20:31:20]    -> Trang 022/97 xong (5.0s, 889 chars)
[2026-09-14 20:31:25]    -> Trang 023/97 xong (4.8s, 894 chars)
[2026-09-14 20:31:35]    -> Trang 024/97 xong (10.5s, 2874 chars)
[2026-09-14 20:31:39]    -> Trang 025/97 xong (3.2s, 405 chars)
[2026-09-14 20:31:44]    -> Trang 026/97 xong (4.9s, 749 chars)
[2026-09-14 20:31:49]    -> Trang 027/97 xong (4.8s, 823 chars)
[2026-09-14 20:31:54]    -> Trang 028/97 xong (5.6s, 1038 chars)
[2026-09-14 20:32:00]    -> Trang 029/97 xong (5.8s, 1330 chars)
[2026-09-14 20:32:06]    -> Trang 030/97 xong (5.5s, 983 chars)
[2026-09-14 20:32:11]    -> Trang 031/97 xong (4.5s, 842 chars)
[2026-09-14 20:32:15]    -> Trang 032/97 xong (4.8s, 976 chars)
[2026-09-14 20:32:20]    -> Trang 033/97 xong (4.0s, 736 chars)
[2026-09-14 20:32:35]    -> Trang 034/97 xong (15.1s, 4148 chars)
[2026-09-14 20:32:37]    -> Trang 035/97 xong (2.5s, 62 chars)
[2026-09-14 20:32:44]    -> Trang 036/97 xong (6.2s, 1185 chars)
[2026-09-14 20:32:47]    -> Trang 037/97 xong (3.4s, 512 chars)
[2026-09-14 20:32:51]    -> Trang 038/97 xong (3.7s, 405 chars)
[2026-09-14 20:32:55]    -> Trang 039/97 xong (4.3s, 693 chars)
[2026-09-14 20:33:01]    -> Trang 040/97 xong (5.0s, 910 chars)
[2026-09-14 20:33:05]    -> Trang 041/97 xong (4.7s, 804 chars)
[2026-09-14 20:33:21]    -> Trang 042/97 xong (15.5s, 2391 chars)
[2026-09-14 20:33:27]    -> Trang 043/97 xong (6.2s, 1190 chars)
[2026-09-14 20:33:31]    -> Trang 044/97 xong (3.9s, 587 chars)
[2026-09-14 20:33:36]    -> Trang 045/97 xong (4.2s, 710 chars)
[2026-09-14 20:33:40]    -> Trang 046/97 xong (4.3s, 716 chars)
[2026-09-14 20:33:45]    -> Trang 047/97 xong (4.8s, 983 chars)
[2026-09-14 20:33:51]    -> Trang 048/97 xong (6.2s, 1079 chars)
[2026-09-14 20:33:58]    -> Trang 049/97 xong (6.2s, 1381 chars)
[2026-09-14 20:34:01]    -> Trang 050/97 xong (3.5s, 559 chars)
[2026-09-14 20:34:05]    -> Trang 051/97 xong (4.1s, 746 chars)
[2026-09-14 20:34:10]    -> Trang 052/97 xong (4.6s, 968 chars)
[2026-09-14 20:34:20]    -> Trang 053/97 xong (10.1s, 2799 chars)
[2026-09-14 20:34:31]    -> Trang 054/97 xong (10.6s, 2737 chars)
[2026-09-14 20:34:34]    -> Trang 055/97 xong (3.2s, 342 chars)
[2026-09-14 20:34:39]    -> Trang 056/97 xong (4.5s, 838 chars)
[2026-09-14 20:34:54]    -> Trang 057/97 xong (15.1s, 5071 chars)
[2026-09-14 20:34:59]    -> Trang 058/97 xong (4.3s, 712 chars)
[2026-09-14 20:35:02]    -> Trang 059/97 xong (3.1s, 421 chars)
[2026-09-14 20:35:17]    -> Trang 060/97 xong (15.2s, 5198 chars)
[2026-09-14 20:35:21]    -> Trang 061/97 xong (3.8s, 428 chars)
[2026-09-14 20:35:27]    -> Trang 062/97 xong (5.6s, 1140 chars)
[2026-09-14 20:35:30]    -> Trang 063/97 xong (3.5s, 531 chars)
[2026-09-14 20:35:36]    -> Trang 064/97 xong (5.3s, 1188 chars)
[2026-09-14 20:35:46]    -> Trang 065/97 xong (10.3s, 2941 chars)
[2026-09-14 20:35:52]    -> Trang 066/97 xong (5.2s, 989 chars)
[2026-09-14 20:35:57]    -> Trang 067/97 xong (4.8s, 828 chars)
[2026-09-14 20:36:01]    -> Trang 068/97 xong (4.7s, 895 chars)
[2026-09-14 20:36:05]    -> Trang 069/97 xong (3.8s, 611 chars)
[2026-09-14 20:36:16]    -> Trang 070/97 xong (11.0s, 2281 chars)
[2026-09-14 20:36:19]    -> Trang 071/97 xong (3.0s, 242 chars)
[2026-09-14 20:36:24]    -> Trang 072/97 xong (4.6s, 845 chars)
[2026-09-14 20:36:30]    -> Trang 073/97 xong (6.0s, 1357 chars)
[2026-09-14 20:36:37]    -> Trang 074/97 xong (6.4s, 1260 chars)
[2026-09-14 20:36:41]    -> Trang 075/97 xong (3.6s, 527 chars)
[2026-09-14 20:36:45]    -> Trang 076/97 xong (4.7s, 957 chars)
[2026-09-14 20:36:50]    -> Trang 077/97 xong (4.7s, 776 chars)
[2026-09-14 20:37:05]    -> Trang 078/97 xong (15.1s, 4047 chars)
[2026-09-14 20:37:09]    -> Trang 079/97 xong (3.8s, 557 chars)
[2026-09-14 20:37:14]    -> Trang 080/97 xong (4.2s, 709 chars)
[2026-09-14 20:37:16]    -> Trang 081/97 xong (2.8s, 236 chars)
[2026-09-14 20:37:21]    -> Trang 082/97 xong (4.3s, 743 chars)
[2026-09-14 20:37:32]    -> Trang 083/97 xong (11.4s, 3329 chars)
[2026-09-14 20:37:37]    -> Trang 084/97 xong (4.9s, 940 chars)
[2026-09-14 20:37:42]    -> Trang 085/97 xong (4.2s, 737 chars)
[2026-09-14 20:37:47]    -> Trang 086/97 xong (4.8s, 932 chars)
[2026-09-14 20:37:52]    -> Trang 087/97 xong (5.0s, 999 chars)
[2026-09-14 20:37:56]    -> Trang 088/97 xong (4.3s, 847 chars)
[2026-09-14 20:38:11]    -> Trang 089/97 xong (15.1s, 3729 chars)
[2026-09-14 20:38:22]    -> Trang 090/97 xong (10.0s, 2967 chars)
[2026-09-14 20:38:27]    -> Trang 091/97 xong (5.8s, 976 chars)
[2026-09-14 20:38:34]    -> Trang 092/97 xong (6.3s, 1187 chars)
[2026-09-14 20:38:41]    -> Trang 093/97 xong (6.5s, 1292 chars)
[2026-09-14 20:38:47]    -> Trang 094/97 xong (6.3s, 1235 chars)
[2026-09-14 20:38:52]    -> Trang 095/97 xong (5.4s, 938 chars)
[2026-09-14 20:38:58]    -> Trang 096/97 xong (5.5s, 1042 chars)
[2026-09-14 20:39:02]    -> Trang 097/97 xong (3.6s, 519 chars)
[2026-09-14 20:39:02] ✅ Hoàn tất cuốn: 06-tieng-nga-6-tap-mot (97/97 trang)
[2026-09-14 20:39:02] 
🎉 TOÀN BỘ CÁC MÔN HỌC SGK LỚP 6 VÀ LỚP 11 ĐÃ HOÀN THÀNH 100%!
